codigo_rf,codigo_ibge,nome,uf,regiao,capital,latitude,longitude
0033,1100015,Alta Floresta D'Oeste,RO,Norte,0,-11.9283,-61.9953
0007,1100023,Ariquemes,RO,Norte,0,-9.90571,-63.0325
0037,1100031,Cabixi,RO,Norte,0,-13.4945,-60.552
0009,1100049,Cacoal,RO,Norte,0,-11.4343,-61.4562
0027,1100056,Cerejeiras,RO,Norte,0,-13.187,-60.8168
0023,1100064,Colorado do Oeste,RO,Norte,0,-13.1174,-60.5454
0981,1100072,Corumbiara,RO,Norte,0,-12.9551,-60.8947
0021,1100080,Costa Marques,RO,Norte,0,-12.4367,-64.228
0025,1100098,Espigão D'Oeste,RO,Norte,0,-11.5266,-61.0252
0001,1100106,Guajará-Mirim,RO,Norte,0,-10.7889,-65.3296
0015,1100114,Jaru,RO,Norte,0,-10.4318,-62.4788
0005,1100122,Ji-Paraná,RO,Norte,0,-10.8777,-61.9322
0039,1100130,Machadinho D'Oeste,RO,Norte,0,-9.44363,-61.9818
0041,1100148,Nova Brasilândia D'Oeste,RO,Norte,0,-11.7247,-62.3127
0017,1100155,Ouro Preto do Oeste,RO,Norte,0,-10.7167,-62.2565
0011,1100189,Pimenta Bueno,RO,Norte,0,-11.672,-61.198
0003,1100205,Porto Velho,RO,Norte,1,-8.76077,-63.8999
0019,1100254,Presidente Médici,RO,Norte,0,-11.169,-61.8986
0687,1100262,Rio Crespo,RO,Norte,0,-9.69965,-62.9011
0029,1100288,Rolim de Moura,RO,Norte,0,-11.7271,-61.7714
0043,1100296,Santa Luzia D'Oeste,RO,Norte,0,-11.9074,-61.7777
0013,1100304,Vilhena,RO,Norte,0,-12.7502,-60.1488
0045,1100320,São Miguel do Guaporé,RO,Norte,0,-11.6953,-62.7192
0047,1100338,Nova Mamoré,RO,Norte,0,-10.4077,-65.3346
0035,1100346,Alvorada D'Oeste,RO,Norte,0,-11.3463,-62.2847
0002,1100379,Alto Alegre dos Parecis,RO,Norte,0,-12.132,-61.835
0675,1100403,Alto Paraíso,RO,Norte,0,-9.71429,-63.3188
0004,1100452,Buritis,RO,Norte,0,-10.1943,-63.8324
0689,1100502,Novo Horizonte do Oeste,RO,Norte,0,-11.6961,-61.9951
0677,1100601,Cacaulândia,RO,Norte,0,-10.349,-62.9043
0679,1100700,Campo Novo de Rondônia,RO,Norte,0,-10.5712,-63.6266
0681,1100809,Candeias do Jamari,RO,Norte,0,-8.7907,-63.7005
0691,1100908,Castanheiras,RO,Norte,0,-11.4253,-61.9482
0006,1100924,Chupinguaia,RO,Norte,0,-12.5611,-60.8877
0008,1100940,Cujubim,RO,Norte,0,-9.36065,-62.5846
0693,1101005,Governador Jorge Teixeira,RO,Norte,0,-10.61,-62.7371
0683,1101104,Itapuã do Oeste,RO,Norte,0,-9.19687,-63.1809
0695,1101203,Ministro Andreazza,RO,Norte,0,-11.196,-61.5174
0697,1101302,Mirante da Serra,RO,Norte,0,-11.029,-62.6696
0685,1101401,Monte Negro,RO,Norte,0,-10.2458,-63.29
0010,1101435,Nova União,RO,Norte,0,-10.9068,-62.5564
0012,1101450,Parecis,RO,Norte,0,-12.1754,-61.6032
0014,1101468,Pimenteiras do Oeste,RO,Norte,0,-13.4823,-61.0471
0016,1101476,Primavera de Rondônia,RO,Norte,0,-11.8295,-61.3153
0018,1101484,São Felipe D'Oeste,RO,Norte,0,-11.9023,-61.5026
0020,1101492,São Francisco do Guaporé,RO,Norte,0,-12.052,-63.568
0699,1101500,Seringueiras,RO,Norte,0,-11.8055,-63.0182
0022,1101559,Teixeirópolis,RO,Norte,0,-10.9056,-62.242
0975,1101609,Theobroma,RO,Norte,0,-10.2483,-62.3538
0977,1101708,Urupá,RO,Norte,0,-11.1261,-62.3639
0024,1101757,Vale do Anari,RO,Norte,0,-9.86215,-62.1876
0979,1101807,Vale do Paraíso,RO,Norte,0,-10.4465,-62.1352
0643,1200013,Acrelândia,AC,Norte,0,-9.82581,-66.8972
0157,1200054,Assis Brasil,AC,Norte,0,-10.9298,-69.5738
0105,1200104,Brasiléia,AC,Norte,0,-10.995,-68.7497
0645,1200138,Bujari,AC,Norte,0,-9.81528,-67.955
0647,1200179,Capixaba,AC,Norte,0,-10.566,-67.686
0107,1200203,Cruzeiro do Sul,AC,Norte,0,-7.62762,-72.6756
0651,1200252,Epitaciolândia,AC,Norte,0,-11.0188,-68.7341
0113,1200302,Feijó,AC,Norte,0,-8.17054,-70.351
0653,1200328,Jordão,AC,Norte,0,-9.1908,-71.9503
0109,1200336,Mâncio Lima,AC,Norte,0,-7.61657,-72.8997
0155,1200344,Manoel Urbano,AC,Norte,0,-8.83291,-69.2679
0655,1200351,Marechal Thaumaturgo,AC,Norte,0,-8.93898,-72.7997
0151,1200385,Plácido de Castro,AC,Norte,0,-10.2806,-67.1371
0657,1200393,Porto Walter,AC,Norte,0,-8.26323,-72.7537
0139,1200401,Rio Branco,AC,Norte,1,-9.97499,-67.8243
0659,1200427,Rodrigues Alves,AC,Norte,0,-7.73864,-72.661
0661,1200435,Santa Rosa do Purus,AC,Norte,0,-9.44652,-70.4902
0153,1200450,Senador Guiomard,AC,Norte,0,-10.1497,-67.7362
0145,1200500,Sena Madureira,AC,Norte,0,-9.06596,-68.6571
0147,1200609,Tarauacá,AC,Norte,0,-8.15697,-70.7722
0149,1200708,Xapuri,AC,Norte,0,-10.6516,-68.4969
0649,1200807,Porto Acre,AC,Norte,0,-9.58138,-67.5478
0289,1300029,Alvarães,AM,Norte,0,-3.22727,-64.8007
0291,1300060,Amaturá,AM,Norte,0,-3.37455,-68.2005
0293,1300086,Anamã,AM,Norte,0,-3.56697,-61.3963
0203,1300102,Anori,AM,Norte,0,-3.74603,-61.6575
0969,1300144,Apuí,AM,Norte,0,-7.19409,-59.896
0205,1300201,Atalaia do Norte,AM,Norte,0,-4.37055,-70.1967
0207,1300300,Autazes,AM,Norte,0,-3.58574,-59.1256
0209,1300409,Barcelos,AM,Norte,0,-0.983373,-62.9311
0211,1300508,Barreirinha,AM,Norte,0,-2.79886,-57.0679
0213,1300607,Benjamin Constant,AM,Norte,0,-4.37768,-70.0342
0295,1300631,Beruri,AM,Norte,0,-3.89874,-61.3616
0297,1300680,Boa Vista do Ramos,AM,Norte,0,-2.97409,-57.5873
0215,1300706,Boca do Acre,AM,Norte,0,-8.74232,-67.3919
0217,1300805,Borba,AM,Norte,0,-4.39154,-59.5874
0299,1300839,Caapiranga,AM,Norte,0,-3.31537,-61.2206
0219,1300904,Canutama,AM,Norte,0,-6.52582,-64.3953
0221,1301001,Carauari,AM,Norte,0,-4.88161,-66.9086
0223,1301100,Careiro,AM,Norte,0,-3.76803,-60.369
0965,1301159,Careiro da Várzea,AM,Norte,0,-3.314,-59.5557
0225,1301209,Coari,AM,Norte,0,-4.09412,-63.1441
0227,1301308,Codajás,AM,Norte,0,-3.83053,-62.0658
0229,1301407,Eirunepé,AM,Norte,0,-6.65677,-69.8662
0231,1301506,Envira,AM,Norte,0,-7.43789,-70.0281
0233,1301605,Fonte Boa,AM,Norte,0,-2.52342,-66.0942
0967,1301654,Guajará,AM,Norte,0,-7.53797,-72.5907
0235,1301704,Humaitá,AM,Norte,0,-7.51171,-63.0327
0239,1301803,Ipixuna,AM,Norte,0,-7.04791,-71.6934
9835,1301852,Iranduba,AM,Norte,0,-3.27479,-60.19
0241,1301902,Itacoatiara,AM,Norte,0,-3.13861,-58.4449
9837,1301951,Itamarati,AM,Norte,0,-6.43852,-68.2437
0243,1302009,Itapiranga,AM,Norte,0,-2.74081,-58.0293
0245,1302108,Japurá,AM,Norte,0,-1.88237,-66.9291
0247,1302207,Juruá,AM,Norte,0,-3.48438,-66.0718
0249,1302306,Jutaí,AM,Norte,0,-2.75814,-66.7595
0251,1302405,Lábrea,AM,Norte,0,-7.26413,-64.7948
0253,1302504,Manacapuru,AM,Norte,0,-3.29066,-60.6216
9839,1302553,Manaquiri,AM,Norte,0,-3.44078,-60.4612
0255,1302603,Manaus,AM,Norte,1,-3.11866,-60.0212
0257,1302702,Manicoré,AM,Norte,0,-5.80462,-61.2895
0259,1302801,Maraã,AM,Norte,0,-1.85313,-65.573
0261,1302900,Maués,AM,Norte,0,-3.39289,-57.7067
0263,1303007,Nhamundá,AM,Norte,0,-2.20793,-56.7112
0265,1303106,Nova Olinda do Norte,AM,Norte,0,-3.90037,-59.094
0201,1303205,Novo Airão,AM,Norte,0,-2.63637,-60.9434
0267,1303304,Novo Aripuanã,AM,Norte,0,-5.12593,-60.3732
0269,1303403,Parintins,AM,Norte,0,-2.63741,-56.729
0271,1303502,Pauini,AM,Norte,0,-7.71311,-66.992
9841,1303536,Presidente Figueiredo,AM,Norte,0,-2.02981,-60.0234
9843,1303569,Rio Preto da Eva,AM,Norte,0,-2.7045,-59.6858
0237,1303601,Santa Isabel do Rio Negro,AM,Norte,0,-0.410824,-65.0092
0273,1303700,Santo Antônio do Içá,AM,Norte,0,-3.09544,-67.9463
0283,1303809,São Gabriel da Cachoeira,AM,Norte,0,-0.11909,-67.084
0275,1303908,São Paulo de Olivença,AM,Norte,0,-3.47292,-68.9646
9845,1303957,São Sebastião do Uatumã,AM,Norte,0,-2.55915,-57.8731
0277,1304005,Silves,AM,Norte,0,-2.81748,-58.248
9847,1304062,Tabatinga,AM,Norte,0,-4.2416,-69.9383
0279,1304104,Tapauá,AM,Norte,0,-5.62085,-63.1808
0281,1304203,Tefé,AM,Norte,0,-3.36822,-64.7193
9851,1304237,Tonantins,AM,Norte,0,-2.86582,-67.7919
9849,1304260,Uarini,AM,Norte,0,-2.99609,-65.1133
0285,1304302,Urucará,AM,Norte,0,-2.52936,-57.7538
0287,1304401,Urucurituba,AM,Norte,0,-3.12841,-58.1496
0026,1400027,Amajari,RR,Norte,0,3.64571,-61.3692
0305,1400050,Alto Alegre,RR,Norte,0,2.98858,-61.3072
0301,1400100,Boa Vista,RR,Norte,1,2.82384,-60.6753
0307,1400159,Bonfim,RR,Norte,0,3.36161,-59.8333
0028,1400175,Cantá,RR,Norte,0,2.60994,-60.6058
0303,1400209,Caracaraí,RR,Norte,0,1.82766,-61.1304
0030,1400233,Caroebe,RR,Norte,0,0.884203,-59.6959
0032,1400282,Iracema,RR,Norte,0,2.18305,-61.0415
0309,1400308,Mucajaí,RR,Norte,0,2.43998,-60.9096
0311,1400407,Normandia,RR,Norte,0,3.8853,-59.6204
0034,1400456,Pacaraima,RR,Norte,0,4.4799,-61.1477
0036,1400472,Rorainópolis,RR,Norte,0,0.939956,-60.4389
0313,1400506,São João da Baliza,RR,Norte,0,0.951659,-59.9133
0315,1400605,São Luiz,RR,Norte,0,1.01019,-60.0419
0038,1400704,Uiramutã,RR,Norte,0,4.60314,-60.1815
0401,1500107,Abaetetuba,PA,Norte,0,-1.72183,-48.8788
0375,1500131,Abel Figueiredo,PA,Norte,0,-4.95333,-48.3933
0403,1500206,Acará,PA,Norte,0,-1.95383,-48.1985
0405,1500305,Afuá,PA,Norte,0,-0.154874,-50.3861
0383,1500347,Água Azul do Norte,PA,Norte,0,-6.79053,-50.4791
0407,1500404,Alenquer,PA,Norte,0,-1.94623,-54.7384
0409,1500503,Almeirim,PA,Norte,0,-1.52904,-52.5788
0411,1500602,Altamira,PA,Norte,0,-3.20407,-52.21
0413,1500701,Anajás,PA,Norte,0,-0.996811,-49.9354
0415,1500800,Ananindeua,PA,Norte,0,-1.36391,-48.3743
0040,1500859,Anapu,PA,Norte,0,-3.46985,-51.2003
0417,1500909,Augusto Corrêa,PA,Norte,0,-1.05109,-46.6147
0389,1500958,Aurora do Pará,PA,Norte,0,-2.14898,-47.5677
0419,1501006,Aveiro,PA,Norte,0,-3.60841,-55.3199
0421,1501105,Bagre,PA,Norte,0,-1.90057,-50.1987
0423,1501204,Baião,PA,Norte,0,-2.79021,-49.6694
0042,1501253,Bannach,PA,Norte,0,-7.34779,-50.3959
0425,1501303,Barcarena,PA,Norte,0,-1.51187,-48.6195
0427,1501402,Belém,PA,Norte,1,-1.4554,-48.4898
0044,1501451,Belterra,PA,Norte,0,-2.63609,-54.9374
0429,1501501,Benevides,PA,Norte,0,-1.36183,-48.2434
0575,1501576,Bom Jesus do Tocantins,PA,Norte,0,-5.0424,-48.6047
0431,1501600,Bonito,PA,Norte,0,-1.36745,-47.3066
0433,1501709,Bragança,PA,Norte,0,-1.06126,-46.7826
0639,1501725,Brasil Novo,PA,Norte,0,-3.29792,-52.534
0577,1501758,Brejo Grande do Araguaia,PA,Norte,0,-5.69822,-48.4103
0625,1501782,Breu Branco,PA,Norte,0,-3.77191,-49.5735
0435,1501808,Breves,PA,Norte,0,-1.68036,-50.4791
0437,1501907,Bujaru,PA,Norte,0,-1.51762,-48.0381
0046,1501956,Cachoeira do Piriá,PA,Norte,0,-1.75974,-46.5459
0439,1502004,Cachoeira do Arari,PA,Norte,0,-1.01226,-48.9503
0441,1502103,Cametá,PA,Norte,0,-2.24295,-49.4979
0048,1502152,Canaã dos Carajás,PA,Norte,0,-6.49659,-49.8776
0443,1502202,Capanema,PA,Norte,0,-1.20529,-47.1778
0445,1502301,Capitão Poço,PA,Norte,0,-1.74785,-47.0629
0447,1502400,Castanhal,PA,Norte,0,-1.29797,-47.9167
0449,1502509,Chaves,PA,Norte,0,-0.164154,-49.987
0451,1502608,Colares,PA,Norte,0,-0.936423,-48.2803
0453,1502707,Conceição do Araguaia,PA,Norte,0,-8.26136,-49.2689
0579,1502756,Concórdia do Pará,PA,Norte,0,-1.99238,-47.9422
0385,1502764,Cumaru do Norte,PA,Norte,0,-7.81097,-50.7698
0581,1502772,Curionópolis,PA,Norte,0,-6.09965,-49.6068
0455,1502806,Curralinho,PA,Norte,0,-1.81179,-49.7952
0050,1502855,Curuá,PA,Norte,0,-1.88775,-55.1168
0457,1502905,Curuçá,PA,Norte,0,-0.733214,-47.8515
0583,1502939,Dom Eliseu,PA,Norte,0,-4.19944,-47.8245
0377,1502954,Eldorado do Carajás,PA,Norte,0,-6.10389,-49.3553
0459,1503002,Faro,PA,Norte,0,-2.16805,-56.7405
0052,1503044,Floresta do Araguaia,PA,Norte,0,-7.55335,-49.7125
0585,1503077,Garrafão do Norte,PA,Norte,0,-1.92986,-47.0505
0627,1503093,Goianésia do Pará,PA,Norte,0,-3.84338,-49.0974
0461,1503101,Gurupá,PA,Norte,0,-1.41412,-51.6338
0463,1503200,Igarapé-Açu,PA,Norte,0,-1.12539,-47.626
0465,1503309,Igarapé-Miri,PA,Norte,0,-1.97533,-48.9575
0467,1503408,Inhangapi,PA,Norte,0,-1.4349,-47.9114
0621,1503457,Ipixuna do Pará,PA,Norte,0,-2.55992,-47.5059
0469,1503507,Irituia,PA,Norte,0,-1.76984,-47.446
0471,1503606,Itaituba,PA,Norte,0,-4.2667,-55.9926
0473,1503705,Itupiranga,PA,Norte,0,-5.13272,-49.3358
0631,1503754,Jacareacanga,PA,Norte,0,-6.21469,-57.7544
0475,1503804,Jacundá,PA,Norte,0,-4.44617,-49.1153
0477,1503903,Juruti,PA,Norte,0,-2.16347,-56.0889
0479,1504000,Limoeiro do Ajuru,PA,Norte,0,-1.8985,-49.3903
0587,1504059,Mãe do Rio,PA,Norte,0,-2.05683,-47.5601
0481,1504109,Magalhães Barata,PA,Norte,0,-0.803391,-47.6014
0483,1504208,Marabá,PA,Norte,0,-5.38075,-49.1327
0485,1504307,Maracanã,PA,Norte,0,-0.778899,-47.452
0487,1504406,Marapanim,PA,Norte,0,-0.714702,-47.7034
0054,1504422,Marituba,PA,Norte,0,-1.36002,-48.3421
0589,1504455,Medicilândia,PA,Norte,0,-3.44637,-52.8875
0489,1504505,Melgaço,PA,Norte,0,-1.8032,-50.7149
0491,1504604,Mocajuba,PA,Norte,0,-2.5831,-49.5042
0493,1504703,Moju,PA,Norte,0,-1.88993,-48.7668
1190,1504752,Mojuí dos Campos,PA,Norte,0,-2.6822,-54.6425
0495,1504802,Monte Alegre,PA,Norte,0,-1.99768,-54.0724
0497,1504901,Muaná,PA,Norte,0,-1.53936,-49.2224
0391,1504950,Nova Esperança do Piriá,PA,Norte,0,-2.26693,-46.9731
0056,1504976,Nova Ipixuna,PA,Norte,0,-4.91622,-49.0822
0499,1505007,Nova Timboteua,PA,Norte,0,-1.20874,-47.3921
0633,1505031,Novo Progresso,PA,Norte,0,-7.14347,-55.3786
0629,1505064,Novo Repartimento,PA,Norte,0,-4.24749,-49.9499
0501,1505106,Óbidos,PA,Norte,0,-1.90107,-55.5208
0503,1505205,Oeiras do Pará,PA,Norte,0,-2.00358,-49.8628
0505,1505304,Oriximiná,PA,Norte,0,-1.75989,-55.8579
0507,1505403,Ourém,PA,Norte,0,-1.54168,-47.1126
0591,1505437,Ourilândia do Norte,PA,Norte,0,-6.7529,-51.0858
0593,1505486,Pacajá,PA,Norte,0,-3.83542,-50.6399
0379,1505494,Palestina do Pará,PA,Norte,0,-5.74027,-48.3181
0509,1505502,Paragominas,PA,Norte,0,-3.00212,-47.3527
0595,1505536,Parauapebas,PA,Norte,0,-6.06781,-49.9037
0387,1505551,Pau d'Arco,PA,Norte,0,-1.59772,-46.9268
0511,1505601,Peixe-Boi,PA,Norte,0,-1.19382,-47.324
0058,1505635,Piçarra,PA,Norte,0,-6.43778,-48.8716
0060,1505650,Placas,PA,Norte,0,-3.86813,-54.2124
0513,1505700,Ponta de Pedras,PA,Norte,0,-1.39587,-48.8661
0515,1505809,Portel,PA,Norte,0,-1.93639,-50.8194
0517,1505908,Porto de Moz,PA,Norte,0,-1.74691,-52.2361
0519,1506005,Prainha,PA,Norte,0,-1.798,-53.4779
0521,1506104,Primavera,PA,Norte,0,-0.945439,-47.1253
0062,1506112,Quatipuru,PA,Norte,0,-0.899604,-47.0134
0567,1506138,Redenção,PA,Norte,0,-8.02529,-50.0317
0569,1506161,Rio Maria,PA,Norte,0,-7.31236,-50.0379
0573,1506187,Rondon do Pará,PA,Norte,0,-4.77793,-48.067
0597,1506195,Rurópolis,PA,Norte,0,-4.10028,-54.9092
0523,1506203,Salinópolis,PA,Norte,0,-0.630815,-47.3465
0525,1506302,Salvaterra,PA,Norte,0,-0.758444,-48.5139
0369,1506351,Santa Bárbara do Pará,PA,Norte,0,-1.19219,-48.238
0527,1506401,Santa Cruz do Arari,PA,Norte,0,-0.661019,-49.1771
0529,1506500,Santa Izabel do Pará,PA,Norte,0,-1.29686,-48.1606
0371,1506559,Santa Luzia do Pará,PA,Norte,0,-1.52147,-46.9008
0599,1506583,Santa Maria das Barreiras,PA,Norte,0,-8.85784,-49.7215
0531,1506609,Santa Maria do Pará,PA,Norte,0,-1.35392,-47.5712
0533,1506708,Santana do Araguaia,PA,Norte,0,-9.3281,-50.35
0535,1506807,Santarém,PA,Norte,0,-2.43849,-54.6996
0537,1506906,Santarém Novo,PA,Norte,0,-0.93097,-47.3855
0539,1507003,Santo Antônio do Tauá,PA,Norte,0,-1.1522,-48.1314
0541,1507102,São Caetano de Odivelas,PA,Norte,0,-0.747293,-48.0246
0381,1507151,São Domingos do Araguaia,PA,Norte,0,-5.53732,-48.7366
0543,1507201,São Domingos do Capim,PA,Norte,0,-1.68768,-47.7665
0545,1507300,São Félix do Xingu,PA,Norte,0,-6.64254,-51.9904
0547,1507409,São Francisco do Pará,PA,Norte,0,-1.16963,-47.7917
0619,1507458,São Geraldo do Araguaia,PA,Norte,0,-6.39471,-48.5592
0064,1507466,São João da Ponta,PA,Norte,0,-0.857885,-47.918
0393,1507474,São João de Pirabas,PA,Norte,0,-0.780222,-47.181
0549,1507508,São João do Araguaia,PA,Norte,0,-5.36334,-48.7926
0551,1507607,São Miguel do Guamá,PA,Norte,0,-1.61307,-47.4784
0553,1507706,São Sebastião da Boa Vista,PA,Norte,0,-1.71597,-49.5249
0066,1507755,Sapucaia,PA,Norte,0,-6.94018,-49.6834
0555,1507805,Senador José Porfírio,PA,Norte,0,-4.31242,-51.5764
0557,1507904,Soure,PA,Norte,0,-0.73032,-48.5015
0395,1507953,Tailândia,PA,Norte,0,-2.94584,-48.9489
0373,1507961,Terra Alta,PA,Norte,0,-1.02963,-47.9004
0637,1507979,Terra Santa,PA,Norte,0,-2.10443,-56.4877
0559,1508001,Tomé-Açu,PA,Norte,0,-2.41302,-48.1415
0068,1508035,Tracuateua,PA,Norte,0,-1.07653,-46.9031
0635,1508050,Trairão,PA,Norte,0,-4.57347,-55.9429
0397,1508084,Tucumã,PA,Norte,0,-6.74687,-51.1626
0561,1508100,Tucuruí,PA,Norte,0,-3.7657,-49.6773
0623,1508126,Ulianópolis,PA,Norte,0,-3.75007,-47.4892
0399,1508159,Uruará,PA,Norte,0,-3.71519,-53.7396
0563,1508209,Vigia,PA,Norte,0,-0.861194,-48.1386
0565,1508308,Viseu,PA,Norte,0,-1.19124,-46.1399
0641,1508357,Vitória do Xingu,PA,Norte,0,-2.87922,-52.0088
0571,1508407,Xinguara,PA,Norte,0,-7.0983,-49.9437
0665,1600055,Serra do Navio,AP,Norte,0,0.901357,-52.0036
0601,1600105,Amapá,AP,Norte,0,2.05267,-50.7957
0663,1600154,Pedra Branca do Amapari,AP,Norte,0,0.777424,-51.9503
0603,1600204,Calçoene,AP,Norte,0,2.50475,-50.9512
0667,1600212,Cutias,AP,Norte,0,0.970761,-50.8005
0611,1600238,Ferreira Gomes,AP,Norte,0,0.857256,-51.1795
0669,1600253,Itaubal,AP,Norte,0,0.602185,-50.6996
0613,1600279,Laranjal do Jari,AP,Norte,0,-0.804911,-52.453
0605,1600303,Macapá,AP,Norte,1,0.034934,-51.0694
0607,1600402,Mazagão,AP,Norte,0,-0.11336,-51.2891
0609,1600501,Oiapoque,AP,Norte,0,3.84074,-51.8331
0671,1600535,Porto Grande,AP,Norte,0,0.71243,-51.4155
0673,1600550,Pracuúba,AP,Norte,0,1.74543,-50.7892
0615,1600600,Santana,AP,Norte,0,-0.045434,-51.1729
0617,1600709,Tartarugalzinho,AP,Norte,0,1.50652,-50.9087
0070,1600808,Vitória do Jari,AP,Norte,0,-0.938,-52.424
0337,1700251,Abreulândia,TO,Norte,0,-9.62101,-49.1518
0072,1700301,Aguiarnópolis,TO,Norte,0,-6.55409,-47.4702
9441,1700350,Aliança do Tocantins,TO,Norte,0,-11.3056,-48.9361
9207,1700400,Almas,TO,Norte,0,-11.5706,-47.1792
9213,1700707,Alvorada,TO,Norte,0,-12.4785,-49.1249
9219,1701002,Ananás,TO,Norte,0,-6.36437,-48.0735
0165,1701051,Angico,TO,Norte,0,-6.39179,-47.8611
9713,1701101,Aparecida do Rio Negro,TO,Norte,0,-9.94139,-47.9638
0167,1701309,Aragominas,TO,Norte,0,-7.16005,-48.5291
9237,1701903,Araguacema,TO,Norte,0,-8.80755,-49.5569
9239,1702000,Araguaçu,TO,Norte,0,-12.9289,-49.8231
9241,1702109,Araguaína,TO,Norte,0,-7.19238,-48.2044
0169,1702158,Araguanã,TO,Norte,0,-6.58225,-48.6395
9243,1702208,Araguatins,TO,Norte,0,-5.64659,-48.1232
9245,1702307,Arapoema,TO,Norte,0,-7.65463,-49.0637
9247,1702406,Arraias,TO,Norte,0,-12.9287,-46.9359
9685,1702554,Augustinópolis,TO,Norte,0,-5.46863,-47.8863
9253,1702703,Aurora do Tocantins,TO,Norte,0,-12.7105,-46.4076
9257,1702901,Axixá do Tocantins,TO,Norte,0,-5.61275,-47.7701
9259,1703008,Babaçulândia,TO,Norte,0,-7.20923,-47.7613
0074,1703057,Bandeirantes do Tocantins,TO,Norte,0,-7.75612,-48.5836
0076,1703073,Barra do Ouro,TO,Norte,0,-7.69593,-47.6776
9693,1703107,Barrolândia,TO,Norte,0,-9.83404,-48.7252
9695,1703206,Bernardo Sayão,TO,Norte,0,-7.87481,-48.8893
0341,1703305,Bom Jesus do Tocantins,TO,Norte,0,-8.96306,-48.165
0339,1703602,Brasilândia do Tocantins,TO,Norte,0,-8.38918,-48.4822
9273,1703701,Brejinho de Nazaré,TO,Norte,0,-11.0058,-48.5683
9715,1703800,Buriti do Tocantins,TO,Norte,0,-5.31448,-48.2271
0171,1703826,Cachoeirinha,TO,Norte,0,-6.1156,-47.9234
0173,1703842,Campos Lindos,TO,Norte,0,-7.98956,-46.8645
0327,1703867,Cariri do Tocantins,TO,Norte,0,-11.8881,-49.1609
0175,1703883,Carmolândia,TO,Norte,0,-7.03262,-48.3978
0177,1703891,Carrasco Bonito,TO,Norte,0,-5.31415,-48.0314
9717,1703909,Caseara,TO,Norte,0,-9.27612,-49.9521
0343,1704105,Centenário,TO,Norte,0,-8.96103,-47.3304
0078,1704600,Chapada de Areia,TO,Norte,0,-10.1419,-49.1403
0080,1705102,Chapada da Natividade,TO,Norte,0,-11.6175,-47.7486
9311,1705508,Colinas do Tocantins,TO,Norte,0,-8.05764,-48.4757
9697,1705557,Combinado,TO,Norte,0,-12.7917,-46.5388
9313,1705607,Conceição do Tocantins,TO,Norte,0,-12.2209,-47.2951
9321,1706001,Couto Magalhães,TO,Norte,0,-8.28411,-49.2473
9323,1706100,Cristalândia,TO,Norte,0,-10.5985,-49.1942
0082,1706258,Crixás do Tocantins,TO,Norte,0,-11.0994,-48.9152
0179,1706506,Darcinópolis,TO,Norte,0,-6.71591,-47.7597
9341,1707009,Dianópolis,TO,Norte,0,-11.624,-46.8198
9719,1707108,Divinópolis do Tocantins,TO,Norte,0,-9.80018,-49.2169
9345,1707207,Dois Irmãos do Tocantins,TO,Norte,0,-9.25534,-49.0638
9347,1707306,Dueré,TO,Norte,0,-11.3416,-49.2716
0181,1707405,Esperantina,TO,Norte,0,-5.36593,-48.5378
9683,1707553,Fátima,TO,Norte,0,-10.7603,-48.9076
9667,1707652,Figueirópolis,TO,Norte,0,-12.1312,-49.1748
9355,1707702,Filadélfia,TO,Norte,0,-7.33501,-47.4954
9365,1708205,Formoso do Araguaia,TO,Norte,0,-11.7976,-49.5316
0345,1708254,Fortaleza do Tabocão,TO,Norte,0,-9.05611,-48.5206
9699,1708304,Goianorte,TO,Norte,0,-8.77413,-48.9313
9533,1709005,Goiatins,TO,Norte,0,-7.71478,-47.3252
9627,1709302,Guaraí,TO,Norte,0,-8.83543,-48.5114
9385,1709500,Gurupi,TO,Norte,0,-11.7279,-49.068
0084,1709807,Ipueiras,TO,Norte,0,-11.2329,-48.46
9405,1710508,Itacajá,TO,Norte,0,-8.39293,-47.7726
9409,1710706,Itaguatins,TO,Norte,0,-5.77267,-47.4864
0347,1710904,Itapiratins,TO,Norte,0,-8.37982,-48.1072
9417,1711100,Itaporã do Tocantins,TO,Norte,0,-8.57172,-48.6895
0329,1711506,Jaú do Tocantins,TO,Norte,0,-12.6509,-48.589
0349,1711803,Juarina,TO,Norte,0,-8.11951,-49.0643
0367,1711902,Lagoa da Confusão,TO,Norte,0,-10.7906,-49.6199
0353,1711951,Lagoa do Tocantins,TO,Norte,0,-10.368,-47.538
0351,1712009,Lajeado,TO,Norte,0,-9.74996,-48.3565
0086,1712157,Lavandeira,TO,Norte,0,-12.7847,-46.5099
9569,1712405,Lizarda,TO,Norte,0,-9.59002,-46.6738
0088,1712454,Luzinópolis,TO,Norte,0,-6.17794,-47.8582
9711,1712504,Marianópolis do Tocantins,TO,Norte,0,-9.79377,-49.6553
0317,1712702,Mateiros,TO,Norte,0,-10.5464,-46.4168
0183,1712801,Maurilândia do Tocantins,TO,Norte,0,-5.95169,-47.5125
9461,1713205,Miracema do Tocantins,TO,Norte,0,-9.56556,-48.393
9463,1713304,Miranorte,TO,Norte,0,-9.52907,-48.5922
9469,1713601,Monte do Carmo,TO,Norte,0,-10.7611,-48.1114
0090,1713700,Monte Santo do Tocantins,TO,Norte,0,-10.0075,-48.9941
0185,1713809,Palmeiras do Tocantins,TO,Norte,0,-6.61658,-47.5464
0187,1713957,Muricilândia,TO,Norte,0,-7.14669,-48.6091
9481,1714203,Natividade,TO,Norte,0,-11.7034,-47.7223
9483,1714302,Nazaré,TO,Norte,0,-6.37496,-47.6643
9663,1714880,Nova Olinda,TO,Norte,0,-7.63171,-48.4252
9721,1715002,Nova Rosalândia,TO,Norte,0,-10.5651,-48.9125
9499,1715101,Novo Acordo,TO,Norte,0,-9.97063,-47.6785
9703,1715150,Novo Alegre,TO,Norte,0,-12.9217,-46.5713
0321,1715259,Novo Jardim,TO,Norte,0,-11.826,-46.6325
0092,1715507,Oliveira de Fátima,TO,Norte,0,-10.707,-48.9086
0189,1715705,Palmeirante,TO,Norte,0,-7.84786,-47.9242
9649,1715754,Palmeirópolis,TO,Norte,0,-13.0447,-48.4026
9519,1716109,Paraíso do Tocantins,TO,Norte,0,-10.175,-48.8823
9521,1716208,Paranã,TO,Norte,0,-12.6167,-47.8734
0191,1716307,Pau D'Arco,TO,Norte,0,-7.53919,-49.367
9525,1716505,Pedro Afonso,TO,Norte,0,-8.97034,-48.1729
9527,1716604,Peixe,TO,Norte,0,-12.0254,-48.5395
9705,1716653,Pequizeiro,TO,Norte,0,-8.5932,-48.9327
9529,1716703,Colméia,TO,Norte,0,-8.72463,-48.7638
9537,1717008,Pindorama do Tocantins,TO,Norte,0,-11.1311,-47.5726
0355,1717206,Piraquê,TO,Norte,0,-6.77302,-48.2958
9547,1717503,Pium,TO,Norte,0,-10.442,-49.1876
9551,1717800,Ponte Alta do Bom Jesus,TO,Norte,0,-12.0853,-46.4825
9553,1717909,Ponte Alta do Tocantins,TO,Norte,0,-10.7481,-47.5276
9723,1718006,Porto Alegre do Tocantins,TO,Norte,0,-11.618,-47.0621
9559,1718204,Porto Nacional,TO,Norte,0,-10.7027,-48.408
9725,1718303,Praia Norte,TO,Norte,0,-5.39281,-47.8111
9629,1718402,Presidente Kennedy,TO,Norte,0,-8.5406,-48.5062
0094,1718451,Pugmil,TO,Norte,0,-10.424,-48.8957
0357,1718501,Recursolândia,TO,Norte,0,-8.7227,-47.2421
0193,1718550,Riachinho,TO,Norte,0,-6.44005,-48.1371
0323,1718659,Rio da Conceição,TO,Norte,0,-11.3949,-46.8847
0359,1718709,Rio dos Bois,TO,Norte,0,-9.34425,-48.5245
9679,1718758,Rio Sono,TO,Norte,0,-9.35002,-47.888
9727,1718808,Sampaio,TO,Norte,0,-5.35423,-47.8782
0331,1718840,Sandolândia,TO,Norte,0,-12.538,-49.9242
0195,1718865,Santa Fé do Araguaia,TO,Norte,0,-7.15803,-48.7165
0361,1718881,Santa Maria do Tocantins,TO,Norte,0,-8.8046,-47.7887
0096,1718899,Santa Rita do Tocantins,TO,Norte,0,-10.8617,-48.9161
9729,1718907,Santa Rosa do Tocantins,TO,Norte,0,-11.4474,-48.1216
9731,1719004,Santa Tereza do Tocantins,TO,Norte,0,-10.2746,-47.8033
0098,1720002,Santa Terezinha do Tocantins,TO,Norte,0,-6.44438,-47.6684
0197,1720101,São Bento do Tocantins,TO,Norte,0,-6.0258,-47.9012
0363,1720150,São Félix do Tocantins,TO,Norte,0,-10.1615,-46.6618
0199,1720200,São Miguel do Tocantins,TO,Norte,0,-5.56305,-47.5743
0333,1720259,São Salvador do Tocantins,TO,Norte,0,-12.7458,-48.2352
9603,1720309,São Sebastião do Tocantins,TO,Norte,0,-5.26131,-48.2021
9691,1720499,São Valério,TO,Norte,0,-11.9743,-48.2353
9659,1720655,Silvanópolis,TO,Norte,0,-11.1471,-48.1694
9613,1720804,Sítio Novo do Tocantins,TO,Norte,0,-5.6012,-47.6381
0335,1720853,Sucupira,TO,Norte,0,-11.993,-48.9685
9615,1720903,Taguatinga,TO,Norte,0,-12.4026,-46.437
0325,1720937,Taipas do Tocantins,TO,Norte,0,-12.1873,-46.9797
0100,1720978,Talismã,TO,Norte,0,-12.7949,-49.0896
9733,1721000,Palmas,TO,Norte,1,-10.24,-48.3558
9619,1721109,Tocantínia,TO,Norte,0,-9.5632,-48.3741
9621,1721208,Tocantinópolis,TO,Norte,0,-6.32447,-47.4224
0102,1721257,Tupirama,TO,Norte,0,-8.97168,-48.1883
0365,1721307,Tupiratins,TO,Norte,0,-8.39388,-48.1277
9665,1722081,Wanderlândia,TO,Norte,0,-6.85274,-47.9601
9643,1722107,Xambioá,TO,Norte,0,-6.4141,-48.532
0961,2100055,Açailândia,MA,Nordeste,0,-4.94714,-47.5004
0701,2100105,Afonso Cunha,MA,Nordeste,0,-4.13631,-43.3275
0104,2100154,Água Doce do Maranhão,MA,Nordeste,0,-2.84048,-42.1189
0703,2100204,Alcântara,MA,Nordeste,0,-2.39574,-44.4062
0705,2100303,Aldeias Altas,MA,Nordeste,0,-4.62621,-43.4689
0707,2100402,Altamira do Maranhão,MA,Nordeste,0,-4.16598,-45.4706
0106,2100436,Alto Alegre do Maranhão,MA,Nordeste,0,-4.213,-44.446
0108,2100477,Alto Alegre do Pindaré,MA,Nordeste,0,-3.66689,-45.8421
0709,2100501,Alto Parnaíba,MA,Nordeste,0,-9.10273,-45.9303
0110,2100550,Amapá do Maranhão,MA,Nordeste,0,-1.67524,-46.0024
0711,2100600,Amarante do Maranhão,MA,Nordeste,0,-5.56913,-46.7473
0713,2100709,Anajatuba,MA,Nordeste,0,-3.26269,-44.6126
0715,2100808,Anapurus,MA,Nordeste,0,-3.67577,-43.1014
0112,2100832,Apicum-Açu,MA,Nordeste,0,-1.45862,-45.0864
0114,2100873,Araguanã,MA,Nordeste,0,-2.94644,-45.6589
0717,2100907,Araioses,MA,Nordeste,0,-2.89091,-41.905
1281,2100956,Arame,MA,Nordeste,0,-4.88347,-46.0032
0719,2101004,Arari,MA,Nordeste,0,-3.45214,-44.7665
0721,2101103,Axixá,MA,Nordeste,0,-2.83939,-44.062
0723,2101202,Bacabal,MA,Nordeste,0,-4.22447,-44.7832
0116,2101251,Bacabeira,MA,Nordeste,0,-2.96452,-44.3164
0725,2101301,Bacuri,MA,Nordeste,0,-1.6965,-45.1328
0118,2101350,Bacurituba,MA,Nordeste,0,-2.71,-44.7329
0727,2101400,Balsas,MA,Nordeste,0,-7.53214,-46.0372
0729,2101509,Barão de Grajaú,MA,Nordeste,0,-6.74463,-43.0261
0731,2101608,Barra do Corda,MA,Nordeste,0,-5.49682,-45.2485
0733,2101707,Barreirinhas,MA,Nordeste,0,-2.75863,-42.8232
0120,2101731,Belágua,MA,Nordeste,0,-3.15485,-43.5122
0122,2101772,Bela Vista do Maranhão,MA,Nordeste,0,-3.72618,-45.3075
0735,2101806,Benedito Leite,MA,Nordeste,0,-7.21037,-44.5577
0737,2101905,Bequimão,MA,Nordeste,0,-2.44162,-44.7842
0124,2101939,Bernardo do Mearim,MA,Nordeste,0,-4.62666,-44.7608
0126,2101970,Boa Vista do Gurupi,MA,Nordeste,0,-1.77614,-46.3002
0955,2102002,Bom Jardim,MA,Nordeste,0,-3.54129,-45.606
0128,2102036,Bom Jesus das Selvas,MA,Nordeste,0,-4.47638,-46.8641
0130,2102077,Bom Lugar,MA,Nordeste,0,-4.37311,-45.0326
0739,2102101,Brejo,MA,Nordeste,0,-3.67796,-42.7527
0132,2102150,Brejo de Areia,MA,Nordeste,0,-4.334,-45.581
0741,2102200,Buriti,MA,Nordeste,0,-3.94169,-42.9179
0743,2102309,Buriti Bravo,MA,Nordeste,0,-5.83239,-43.8353
0134,2102325,Buriticupu,MA,Nordeste,0,-4.32375,-46.4409
0136,2102358,Buritirana,MA,Nordeste,0,-5.59823,-47.0131
0138,2102374,Cachoeira Grande,MA,Nordeste,0,-2.93074,-44.0528
0745,2102408,Cajapió,MA,Nordeste,0,-2.87326,-44.6741
0747,2102507,Cajari,MA,Nordeste,0,-3.32742,-45.0145
0140,2102556,Campestre do Maranhão,MA,Nordeste,0,-6.17075,-47.3625
0749,2102606,Cândido Mendes,MA,Nordeste,0,-1.43265,-45.7161
0751,2102705,Cantanhede,MA,Nordeste,0,-3.63757,-44.383
0142,2102754,Capinzal do Norte,MA,Nordeste,0,-4.7236,-44.328
0753,2102804,Carolina,MA,Nordeste,0,-7.33584,-47.4634
0755,2102903,Carutapera,MA,Nordeste,0,-1.19696,-46.0085
0757,2103000,Caxias,MA,Nordeste,0,-4.86505,-43.3617
0759,2103109,Cedral,MA,Nordeste,0,-2.00027,-44.5281
0144,2103125,Central do Maranhão,MA,Nordeste,0,-2.19831,-44.8254
0146,2103158,Centro do Guilherme,MA,Nordeste,0,-2.44891,-46.0345
0148,2103174,Centro Novo do Maranhão,MA,Nordeste,0,-2.12696,-46.1228
0761,2103208,Chapadinha,MA,Nordeste,0,-3.73875,-43.3538
0150,2103257,Cidelândia,MA,Nordeste,0,-5.17465,-47.7781
0763,2103307,Codó,MA,Nordeste,0,-4.45562,-43.8924
0765,2103406,Coelho Neto,MA,Nordeste,0,-4.25245,-43.0108
0767,2103505,Colinas,MA,Nordeste,0,-6.03199,-44.2543
0152,2103554,Conceição do Lago-Açu,MA,Nordeste,0,-3.85142,-44.8895
0769,2103604,Coroatá,MA,Nordeste,0,-4.13442,-44.1244
0771,2103703,Cururupu,MA,Nordeste,0,-1.81475,-44.8644
0154,2103752,Davinópolis,MA,Nordeste,0,-5.54637,-47.4217
0773,2103802,Dom Pedro,MA,Nordeste,0,-5.03518,-44.4409
0775,2103901,Duque Bacelar,MA,Nordeste,0,-4.15002,-42.9477
0777,2104008,Esperantinópolis,MA,Nordeste,0,-4.87938,-44.6926
0963,2104057,Estreito,MA,Nordeste,0,-6.56077,-47.4431
0156,2104073,Feira Nova do Maranhão,MA,Nordeste,0,-6.96508,-46.6786
0158,2104081,Fernando Falcão,MA,Nordeste,0,-6.16207,-44.8979
0160,2104099,Formosa da Serra Negra,MA,Nordeste,0,-6.44017,-46.1916
0779,2104107,Fortaleza dos Nogueiras,MA,Nordeste,0,-6.95983,-46.1749
0781,2104206,Fortuna,MA,Nordeste,0,-5.72792,-44.1565
0783,2104305,Godofredo Viana,MA,Nordeste,0,-1.40259,-45.7795
0785,2104404,Gonçalves Dias,MA,Nordeste,0,-5.1475,-44.3013
0787,2104503,Governador Archer,MA,Nordeste,0,-5.02078,-44.2754
0162,2104552,Governador Edison Lobão,MA,Nordeste,0,-5.74973,-47.3646
0789,2104602,Governador Eugênio Barros,MA,Nordeste,0,-5.31897,-44.2469
0164,2104628,Governador Luiz Rocha,MA,Nordeste,0,-5.47835,-44.0774
0166,2104651,Governador Newton Bello,MA,Nordeste,0,-3.43245,-45.6619
0168,2104677,Governador Nunes Freire,MA,Nordeste,0,-2.12899,-45.8777
0791,2104701,Graça Aranha,MA,Nordeste,0,-5.40547,-44.3358
0793,2104800,Grajaú,MA,Nordeste,0,-5.81367,-46.1462
0795,2104909,Guimarães,MA,Nordeste,0,-2.12755,-44.602
0797,2105005,Humberto de Campos,MA,Nordeste,0,-2.59828,-43.4649
0799,2105104,Icatu,MA,Nordeste,0,-2.77206,-44.0501
0170,2105153,Igarapé do Meio,MA,Nordeste,0,-3.65771,-45.2114
0801,2105203,Igarapé Grande,MA,Nordeste,0,-4.6625,-44.8558
0803,2105302,Imperatriz,MA,Nordeste,0,-5.51847,-47.4777
0172,2105351,Itaipava do Grajaú,MA,Nordeste,0,-5.14252,-45.7877
0807,2105401,Itapecuru Mirim,MA,Nordeste,0,-3.40202,-44.3508
0174,2105427,Itinga do Maranhão,MA,Nordeste,0,-4.45293,-47.5235
0176,2105450,Jatobá,MA,Nordeste,0,-5.82282,-44.2153
0178,2105476,Jenipapo dos Vieiras,MA,Nordeste,0,-5.36237,-45.6356
0809,2105500,João Lisboa,MA,Nordeste,0,-5.44363,-47.4064
0811,2105609,Joselândia,MA,Nordeste,0,-4.98611,-44.6958
0180,2105658,Junco do Maranhão,MA,Nordeste,0,-1.83888,-46.09
0813,2105708,Lago da Pedra,MA,Nordeste,0,-4.56974,-45.1319
0815,2105807,Lago do Junco,MA,Nordeste,0,-4.609,-45.049
0817,2105906,Lago Verde,MA,Nordeste,0,-3.94661,-44.826
0182,2105922,Lagoa do Mato,MA,Nordeste,0,-6.05023,-43.5333
0184,2105948,Lago dos Rodrigues,MA,Nordeste,0,-4.61173,-44.9798
0186,2105963,Lagoa Grande do Maranhão,MA,Nordeste,0,-4.98893,-45.3816
0188,2105989,Lajeado Novo,MA,Nordeste,0,-6.18539,-47.0293
0819,2106003,Lima Campos,MA,Nordeste,0,-4.51837,-44.4646
0821,2106102,Loreto,MA,Nordeste,0,-7.08111,-45.1451
0823,2106201,Luís Domingues,MA,Nordeste,0,-1.27492,-45.867
0825,2106300,Magalhães de Almeida,MA,Nordeste,0,-3.39232,-42.2117
0190,2106326,Maracaçumé,MA,Nordeste,0,-2.04918,-45.9587
0192,2106359,Marajá do Sena,MA,Nordeste,0,-4.62806,-45.4531
0194,2106375,Maranhãozinho,MA,Nordeste,0,-2.24078,-45.8507
0827,2106409,Mata Roma,MA,Nordeste,0,-3.62035,-43.1112
0829,2106508,Matinha,MA,Nordeste,0,-3.09849,-45.035
0831,2106607,Matões,MA,Nordeste,0,-5.51359,-43.2018
0196,2106631,Matões do Norte,MA,Nordeste,0,-3.6244,-44.5468
0198,2106672,Milagres do Maranhão,MA,Nordeste,0,-3.57443,-42.6131
0833,2106706,Mirador,MA,Nordeste,0,-6.37454,-44.3683
1283,2106755,Miranda do Norte,MA,Nordeste,0,-3.56313,-44.5814
0835,2106805,Mirinzal,MA,Nordeste,0,-2.07094,-44.7787
0837,2106904,Monção,MA,Nordeste,0,-3.48125,-45.2496
0839,2107001,Montes Altos,MA,Nordeste,0,-5.83067,-47.0673
0841,2107100,Morros,MA,Nordeste,0,-2.85379,-44.0357
0843,2107209,Nina Rodrigues,MA,Nordeste,0,-3.46788,-43.9134
0200,2107258,Nova Colinas,MA,Nordeste,0,-7.12263,-46.2607
0845,2107308,Nova Iorque,MA,Nordeste,0,-6.73047,-44.0471
0202,2107357,Nova Olinda do Maranhão,MA,Nordeste,0,-2.84227,-45.6953
0847,2107407,Olho d'Água das Cunhãs,MA,Nordeste,0,-4.13417,-45.1163
0204,2107456,Olinda Nova do Maranhão,MA,Nordeste,0,-2.99295,-44.9897
0849,2107506,Paço do Lumiar,MA,Nordeste,0,-2.51657,-44.1019
0851,2107605,Palmeirândia,MA,Nordeste,0,-2.64433,-44.8933
0853,2107704,Paraibano,MA,Nordeste,0,-6.4264,-43.9792
0855,2107803,Parnarama,MA,Nordeste,0,-5.67365,-43.1011
0857,2107902,Passagem Franca,MA,Nordeste,0,-6.17745,-43.7755
0859,2108009,Pastos Bons,MA,Nordeste,0,-6.60296,-44.0745
0206,2108058,Paulino Neves,MA,Nordeste,0,-2.72094,-42.5258
0959,2108108,Paulo Ramos,MA,Nordeste,0,-4.44485,-45.2398
0861,2108207,Pedreiras,MA,Nordeste,0,-4.56482,-44.6006
0208,2108256,Pedro do Rosário,MA,Nordeste,0,-2.97272,-45.3493
0863,2108306,Penalva,MA,Nordeste,0,-3.27674,-45.1768
0865,2108405,Peri Mirim,MA,Nordeste,0,-2.57676,-44.8504
0210,2108454,Peritoró,MA,Nordeste,0,-4.37459,-44.3369
0867,2108504,Pindaré-Mirim,MA,Nordeste,0,-3.60985,-45.342
0869,2108603,Pinheiro,MA,Nordeste,0,-2.52224,-45.0788
0871,2108702,Pio XII,MA,Nordeste,0,-3.89315,-45.1759
0873,2108801,Pirapemas,MA,Nordeste,0,-3.72041,-44.2216
0875,2108900,Poção de Pedras,MA,Nordeste,0,-4.74626,-44.9432
0877,2109007,Porto Franco,MA,Nordeste,0,-6.34149,-47.3962
0212,2109056,Porto Rico do Maranhão,MA,Nordeste,0,-1.85925,-44.5842
0879,2109106,Presidente Dutra,MA,Nordeste,0,-5.2898,-44.495
0881,2109205,Presidente Juscelino,MA,Nordeste,0,-2.91872,-44.0715
0214,2109239,Presidente Médici,MA,Nordeste,0,-2.38991,-45.82
0216,2109270,Presidente Sarney,MA,Nordeste,0,-2.58799,-45.3595
0883,2109304,Presidente Vargas,MA,Nordeste,0,-3.40787,-44.0234
0885,2109403,Primeira Cruz,MA,Nordeste,0,-2.50568,-43.4232
0218,2109452,Raposa,MA,Nordeste,0,-2.4254,-44.0973
0887,2109502,Riachão,MA,Nordeste,0,-7.35819,-46.6225
0220,2109551,Ribamar Fiquene,MA,Nordeste,0,-5.93067,-47.3888
0891,2109601,Rosário,MA,Nordeste,0,-2.93444,-44.2531
0893,2109700,Sambaíba,MA,Nordeste,0,-7.13447,-45.3515
0222,2109759,Santa Filomena do Maranhão,MA,Nordeste,0,-5.49671,-44.5638
0895,2109809,Santa Helena,MA,Nordeste,0,-2.24426,-45.29
0957,2109908,Santa Inês,MA,Nordeste,0,-3.65112,-45.3774
0897,2110005,Santa Luzia,MA,Nordeste,0,-4.06873,-45.69
1285,2110039,Santa Luzia do Paruá,MA,Nordeste,0,-2.51123,-45.7801
0899,2110104,Santa Quitéria do Maranhão,MA,Nordeste,0,-3.49308,-42.5688
0901,2110203,Santa Rita,MA,Nordeste,0,-3.14241,-44.3211
0224,2110237,Santana do Maranhão,MA,Nordeste,0,-3.109,-42.4064
0226,2110278,Santo Amaro do Maranhão,MA,Nordeste,0,-2.50068,-43.238
0903,2110302,Santo Antônio dos Lopes,MA,Nordeste,0,-4.86613,-44.3653
0905,2110401,São Benedito do Rio Preto,MA,Nordeste,0,-3.33515,-43.5287
0907,2110500,São Bento,MA,Nordeste,0,-2.69781,-44.8289
0909,2110609,São Bernardo,MA,Nordeste,0,-3.37223,-42.4191
0228,2110658,São Domingos do Azeitão,MA,Nordeste,0,-6.81471,-44.6509
0911,2110708,São Domingos do Maranhão,MA,Nordeste,0,-5.58095,-44.3822
0913,2110807,São Félix de Balsas,MA,Nordeste,0,-7.07535,-44.8092
0230,2110856,São Francisco do Brejão,MA,Nordeste,0,-5.12584,-47.389
0915,2110906,São Francisco do Maranhão,MA,Nordeste,0,-6.25159,-42.8668
0917,2111003,São João Batista,MA,Nordeste,0,-2.95398,-44.7953
0232,2111029,São João do Carú,MA,Nordeste,0,-3.5503,-46.2507
0234,2111052,São João do Paraíso,MA,Nordeste,0,-6.45634,-47.0594
0236,2111078,São João do Soter,MA,Nordeste,0,-5.10821,-43.8163
0919,2111102,São João dos Patos,MA,Nordeste,0,-6.4934,-43.7036
0889,2111201,São José de Ribamar,MA,Nordeste,0,-2.54704,-44.0597
0238,2111250,São José dos Basílios,MA,Nordeste,0,-5.05493,-44.5809
0921,2111300,São Luís,MA,Nordeste,1,-2.53874,-44.2825
0805,2111409,São Luís Gonzaga do Maranhão,MA,Nordeste,0,-4.38541,-44.6654
0923,2111508,São Mateus do Maranhão,MA,Nordeste,0,-4.03736,-44.4707
0240,2111532,São Pedro da Água Branca,MA,Nordeste,0,-5.08472,-48.4291
0242,2111573,São Pedro dos Crentes,MA,Nordeste,0,-6.82389,-46.5319
0925,2111607,São Raimundo das Mangabeiras,MA,Nordeste,0,-7.02183,-45.4809
0244,2111631,São Raimundo do Doca Bezerra,MA,Nordeste,0,-5.11053,-45.0696
0246,2111672,São Roberto,MA,Nordeste,0,-5.0231,-45.001
0927,2111706,São Vicente Ferrer,MA,Nordeste,0,-2.89487,-44.8681
0248,2111722,Satubinha,MA,Nordeste,0,-4.04913,-45.2457
0250,2111748,Senador Alexandre Costa,MA,Nordeste,0,-5.25096,-44.0533
0252,2111763,Senador La Rocque,MA,Nordeste,0,-5.4461,-47.2959
0254,2111789,Serrano do Maranhão,MA,Nordeste,0,-1.85229,-45.1207
0929,2111805,Sítio Novo,MA,Nordeste,0,-5.87601,-46.7033
0931,2111904,Sucupira do Norte,MA,Nordeste,0,-6.47839,-44.1919
0256,2111953,Sucupira do Riachão,MA,Nordeste,0,-6.40858,-43.5455
0933,2112001,Tasso Fragoso,MA,Nordeste,0,-8.4662,-45.7536
0935,2112100,Timbiras,MA,Nordeste,0,-4.25597,-43.932
0937,2112209,Timon,MA,Nordeste,0,-5.09769,-42.8329
0258,2112233,Trizidela do Vale,MA,Nordeste,0,-4.538,-44.628
0260,2112274,Tufilândia,MA,Nordeste,0,-3.67355,-45.6238
0939,2112308,Tuntum,MA,Nordeste,0,-5.25476,-44.6444
0941,2112407,Turiaçu,MA,Nordeste,0,-1.65893,-45.3798
0262,2112456,Turilândia,MA,Nordeste,0,-2.21638,-45.3044
0943,2112506,Tutóia,MA,Nordeste,0,-2.76141,-42.2755
0945,2112605,Urbano Santos,MA,Nordeste,0,-3.20642,-43.3878
0947,2112704,Vargem Grande,MA,Nordeste,0,-3.53639,-43.917
0949,2112803,Viana,MA,Nordeste,0,-3.20451,-44.9912
0264,2112852,Vila Nova dos Martírios,MA,Nordeste,0,-5.18889,-48.1336
0951,2112902,Vitória do Mearim,MA,Nordeste,0,-3.45125,-44.8643
0953,2113009,Vitorino Freire,MA,Nordeste,0,-4.28184,-45.2505
1287,2114007,Zé Doca,MA,Nordeste,0,-3.27014,-45.6553
0266,2200053,Acauã,PI,Nordeste,0,-8.21954,-41.0831
1001,2200103,Agricolândia,PI,Nordeste,0,-5.79676,-42.6664
1003,2200202,Água Branca,PI,Nordeste,0,-5.88856,-42.637
9767,2200251,Alagoinha do Piauí,PI,Nordeste,0,-7.00039,-40.9282
2269,2200277,Alegrete do Piauí,PI,Nordeste,0,-7.24196,-40.8566
1005,2200301,Alto Longá,PI,Nordeste,0,-5.25634,-42.2096
1007,2200400,Altos,PI,Nordeste,0,-5.03888,-42.4612
0268,2200459,Alvorada do Gurguéia,PI,Nordeste,0,-8.42418,-43.777
1009,2200509,Amarante,PI,Nordeste,0,-6.24304,-42.8433
1011,2200608,Angical do Piauí,PI,Nordeste,0,-6.08786,-42.74
1013,2200707,Anísio de Abreu,PI,Nordeste,0,-9.18564,-43.0494
1015,2200806,Antônio Almeida,PI,Nordeste,0,-7.21276,-44.1889
1017,2200905,Aroazes,PI,Nordeste,0,-6.11022,-41.7822
1188,2200954,Aroeiras do Itaim,PI,Nordeste,0,-7.24502,-41.5325
1019,2201002,Arraial,PI,Nordeste,0,-6.65075,-42.5418
0270,2201051,Assunção do Piauí,PI,Nordeste,0,-5.865,-41.0389
1021,2201101,Avelino Lopes,PI,Nordeste,0,-10.1345,-43.9563
2245,2201150,Baixa Grande do Ribeiro,PI,Nordeste,0,-7.84903,-45.219
0272,2201176,Barra D'Alcântara,PI,Nordeste,0,-6.51645,-42.1146
1023,2201200,Barras,PI,Nordeste,0,-4.24468,-42.2922
1025,2201309,Barreiras do Piauí,PI,Nordeste,0,-9.9296,-45.4702
1027,2201408,Barro Duro,PI,Nordeste,0,-5.81673,-42.5147
1029,2201507,Batalha,PI,Nordeste,0,-4.0223,-42.0787
0274,2201556,Bela Vista do Piauí,PI,Nordeste,0,-7.98809,-41.8675
0276,2201572,Belém do Piauí,PI,Nordeste,0,-7.36652,-40.9688
1031,2201606,Beneditinos,PI,Nordeste,0,-5.45676,-42.3638
1033,2201705,Bertolínia,PI,Nordeste,0,-7.63338,-43.9498
0278,2201739,Betânia do Piauí,PI,Nordeste,0,-8.14376,-40.7989
0280,2201770,Boa Hora,PI,Nordeste,0,-4.41404,-42.1357
1035,2201804,Bocaina,PI,Nordeste,0,-6.94124,-41.3168
1037,2201903,Bom Jesus,PI,Nordeste,0,-9.07124,-44.359
2287,2201919,Bom Princípio do Piauí,PI,Nordeste,0,-3.19631,-41.6403
2251,2201929,Bonfim do Piauí,PI,Nordeste,0,-9.1605,-42.8865
0282,2201945,Boqueirão do Piauí,PI,Nordeste,0,-4.48181,-42.1212
2283,2201960,Brasileira,PI,Nordeste,0,-4.1337,-41.7859
0284,2201988,Brejo do Piauí,PI,Nordeste,0,-8.20314,-42.8229
1039,2202000,Buriti dos Lopes,PI,Nordeste,0,-3.18259,-41.8695
1297,2202026,Buriti dos Montes,PI,Nordeste,0,-5.30584,-41.0933
1299,2202059,Cabeceiras do Piauí,PI,Nordeste,0,-4.4773,-42.3069
0286,2202075,Cajazeiras do Piauí,PI,Nordeste,0,-6.79667,-42.3903
0288,2202083,Cajueiro da Praia,PI,Nordeste,0,-2.93111,-41.3408
2271,2202091,Caldeirão Grande do Piauí,PI,Nordeste,0,-7.3314,-40.6366
1041,2202109,Campinas do Piauí,PI,Nordeste,0,-7.6593,-41.8775
0290,2202117,Campo Alegre do Fidalgo,PI,Nordeste,0,-8.38236,-41.8344
0292,2202133,Campo Grande do Piauí,PI,Nordeste,0,-7.12827,-41.0315
0294,2202174,Campo Largo do Piauí,PI,Nordeste,0,-3.80441,-42.64
1043,2202208,Campo Maior,PI,Nordeste,0,-4.8217,-42.1641
2247,2202251,Canavieira,PI,Nordeste,0,-7.68821,-43.7233
1045,2202307,Canto do Buriti,PI,Nordeste,0,-8.1111,-42.9517
1047,2202406,Capitão de Campos,PI,Nordeste,0,-4.457,-41.944
0296,2202455,Capitão Gervásio Oliveira,PI,Nordeste,0,-8.49655,-41.814
1049,2202505,Caracol,PI,Nordeste,0,-9.27933,-43.329
0298,2202539,Caraúbas do Piauí,PI,Nordeste,0,-3.47525,-41.8425
0300,2202554,Caridade do Piauí,PI,Nordeste,0,-7.73435,-40.9848
1051,2202604,Castelo do Piauí,PI,Nordeste,0,-5.31869,-41.5499
0302,2202653,Caxingó,PI,Nordeste,0,-3.41904,-41.8955
1053,2202703,Cocal,PI,Nordeste,0,-3.47279,-41.5546
0304,2202711,Cocal de Telha,PI,Nordeste,0,-4.5571,-41.9587
0306,2202729,Cocal dos Alves,PI,Nordeste,0,-3.62047,-41.4402
0995,2202737,Coivaras,PI,Nordeste,0,-5.09224,-42.208
2249,2202752,Colônia do Gurguéia,PI,Nordeste,0,-8.1837,-43.794
2253,2202778,Colônia do Piauí,PI,Nordeste,0,-7.22651,-42.1756
1055,2202802,Conceição do Canindé,PI,Nordeste,0,-7.87638,-41.5942
2255,2202851,Coronel José Dias,PI,Nordeste,0,-8.81397,-42.5232
1057,2202901,Corrente,PI,Nordeste,0,-10.4333,-45.1633
1059,2203008,Cristalândia do Piauí,PI,Nordeste,0,-10.6443,-45.1893
1061,2203107,Cristino Castro,PI,Nordeste,0,-8.82273,-44.223
1063,2203206,Curimatá,PI,Nordeste,0,-10.0326,-44.3002
0308,2203230,Currais,PI,Nordeste,0,-9.01175,-44.4062
0310,2203255,Curralinhos,PI,Nordeste,0,-5.60825,-42.8376
0312,2203271,Curral Novo do Piauí,PI,Nordeste,0,-7.8313,-40.8957
1065,2203305,Demerval Lobão,PI,Nordeste,0,-5.35875,-42.6776
1229,2203354,Dirceu Arcoverde,PI,Nordeste,0,-9.33939,-42.4348
1067,2203404,Dom Expedito Lopes,PI,Nordeste,0,-6.95332,-41.6396
1141,2203420,Domingos Mourão,PI,Nordeste,0,-4.2495,-41.2683
1289,2203453,Dom Inocêncio,PI,Nordeste,0,-9.00516,-41.9697
1069,2203503,Elesbão Veloso,PI,Nordeste,0,-6.19947,-42.1355
1071,2203602,Eliseu Martins,PI,Nordeste,0,-8.09629,-43.6705
1073,2203701,Esperantina,PI,Nordeste,0,-3.88863,-42.2324
2257,2203750,Fartura do Piauí,PI,Nordeste,0,-9.48342,-42.7912
1075,2203800,Flores do Piauí,PI,Nordeste,0,-7.78793,-42.918
0314,2203859,Floresta do Piauí,PI,Nordeste,0,-7.46682,-41.7883
1077,2203909,Floriano,PI,Nordeste,0,-6.77182,-43.0241
1079,2204006,Francinópolis,PI,Nordeste,0,-6.39334,-42.2591
1081,2204105,Francisco Ayres,PI,Nordeste,0,-6.62606,-42.6881
0316,2204154,Francisco Macedo,PI,Nordeste,0,-7.331,-40.788
1083,2204204,Francisco Santos,PI,Nordeste,0,-6.99491,-41.1288
1085,2204303,Fronteiras,PI,Nordeste,0,-7.08173,-40.6146
0318,2204352,Geminiano,PI,Nordeste,0,-7.15476,-41.3409
1087,2204402,Gilbués,PI,Nordeste,0,-9.83001,-45.3423
1089,2204501,Guadalupe,PI,Nordeste,0,-6.78285,-43.5594
0320,2204550,Guaribas,PI,Nordeste,0,-9.38647,-43.6943
1091,2204600,Hugo Napoleão,PI,Nordeste,0,-5.9886,-42.5598
0322,2204659,Ilha Grande,PI,Nordeste,0,-2.85774,-41.8186
1093,2204709,Inhuma,PI,Nordeste,0,-6.665,-41.7041
1095,2204808,Ipiranga do Piauí,PI,Nordeste,0,-6.82421,-41.7381
1097,2204907,Isaías Coelho,PI,Nordeste,0,-7.73597,-41.6735
1099,2205003,Itainópolis,PI,Nordeste,0,-7.44336,-41.4687
1101,2205102,Itaueira,PI,Nordeste,0,-7.59989,-43.0249
2273,2205151,Jacobina do Piauí,PI,Nordeste,0,-7.93063,-41.2075
1103,2205201,Jaicós,PI,Nordeste,0,-7.36229,-41.1371
0997,2205250,Jardim do Mulato,PI,Nordeste,0,-6.099,-42.63
0324,2205276,Jatobá do Piauí,PI,Nordeste,0,-4.77025,-41.817
1105,2205300,Jerumenha,PI,Nordeste,0,-7.09128,-43.5033
0326,2205359,João Costa,PI,Nordeste,0,-8.50736,-42.4264
1107,2205409,Joaquim Pires,PI,Nordeste,0,-3.50164,-42.1865
0328,2205458,Joca Marques,PI,Nordeste,0,-3.4804,-42.4255
1109,2205508,José de Freitas,PI,Nordeste,0,-4.75146,-42.5746
0330,2205516,Juazeiro do Piauí,PI,Nordeste,0,-5.17459,-41.6976
0332,2205524,Júlio Borges,PI,Nordeste,0,-10.3225,-44.2381
0334,2205532,Jurema,PI,Nordeste,0,-9.21992,-43.1337
0336,2205540,Lagoinha do Piauí,PI,Nordeste,0,-5.83074,-42.6223
0999,2205557,Lagoa Alegre,PI,Nordeste,0,-4.51539,-42.6309
2259,2205565,Lagoa do Barro do Piauí,PI,Nordeste,0,-8.47673,-41.5342
0338,2205573,Lagoa de São Francisco,PI,Nordeste,0,-4.38505,-41.5969
0340,2205581,Lagoa do Piauí,PI,Nordeste,0,-5.41864,-42.6437
0342,2205599,Lagoa do Sítio,PI,Nordeste,0,-6.50766,-41.5653
1111,2205607,Landri Sales,PI,Nordeste,0,-7.25922,-43.9364
1113,2205706,Luís Correia,PI,Nordeste,0,-2.88438,-41.6641
1115,2205805,Luzilândia,PI,Nordeste,0,-3.4683,-42.3718
0344,2205854,Madeiro,PI,Nordeste,0,-3.48624,-42.4981
1117,2205904,Manoel Emídio,PI,Nordeste,0,-8.01234,-43.8755
2275,2205953,Marcolândia,PI,Nordeste,0,-7.44169,-40.6602
1119,2206001,Marcos Parente,PI,Nordeste,0,-7.11565,-43.8926
0346,2206050,Massapê do Piauí,PI,Nordeste,0,-7.47469,-41.1103
1121,2206100,Matias Olímpio,PI,Nordeste,0,-3.71492,-42.5507
1123,2206209,Miguel Alves,PI,Nordeste,0,-4.16857,-42.8963
1125,2206308,Miguel Leão,PI,Nordeste,0,-5.68077,-42.7436
0348,2206357,Milton Brandão,PI,Nordeste,0,-4.68295,-41.4173
1127,2206407,Monsenhor Gil,PI,Nordeste,0,-5.562,-42.6075
1129,2206506,Monsenhor Hipólito,PI,Nordeste,0,-6.99275,-41.026
1131,2206605,Monte Alegre do Piauí,PI,Nordeste,0,-9.75364,-45.3037
0350,2206654,Morro Cabeça no Tempo,PI,Nordeste,0,-9.71891,-43.9072
0352,2206670,Morro do Chapéu do Piauí,PI,Nordeste,0,-3.73337,-42.3024
0354,2206696,Murici dos Portelas,PI,Nordeste,0,-3.319,-42.094
1133,2206704,Nazaré do Piauí,PI,Nordeste,0,-6.97023,-42.6773
1180,2206720,Nazária,PI,Nordeste,0,-5.35128,-42.8153
0356,2206753,Nossa Senhora de Nazaré,PI,Nordeste,0,-4.63019,-42.173
1135,2206803,Nossa Senhora dos Remédios,PI,Nordeste,0,-3.97574,-42.6184
1137,2206902,Novo Oriente do Piauí,PI,Nordeste,0,-6.44901,-41.9261
0358,2206951,Novo Santo Antônio,PI,Nordeste,0,-5.28749,-41.9325
1139,2207009,Oeiras,PI,Nordeste,0,-7.01915,-42.1283
0360,2207108,Olho D'Água do Piauí,PI,Nordeste,0,-5.84125,-42.5594
1143,2207207,Padre Marcos,PI,Nordeste,0,-7.35101,-40.8997
1145,2207306,Paes Landim,PI,Nordeste,0,-7.77375,-42.2474
0362,2207355,Pajeú do Piauí,PI,Nordeste,0,-7.85508,-42.8248
1147,2207405,Palmeira do Piauí,PI,Nordeste,0,-8.73076,-44.2466
1149,2207504,Palmeirais,PI,Nordeste,0,-5.97086,-43.056
0364,2207553,Paquetá,PI,Nordeste,0,-7.10303,-41.7
1151,2207603,Parnaguá,PI,Nordeste,0,-10.2166,-44.63
1153,2207702,Parnaíba,PI,Nordeste,0,-2.90585,-41.7754
1293,2207751,Passagem Franca do Piauí,PI,Nordeste,0,-5.86036,-42.4436
2277,2207777,Patos do Piauí,PI,Nordeste,0,-7.67231,-41.2408
1104,2207793,Pau D'Arco do Piauí,PI,Nordeste,0,-5.26072,-42.3908
1155,2207801,Paulistana,PI,Nordeste,0,-8.13436,-41.1431
0366,2207850,Pavussu,PI,Nordeste,0,-7.96059,-43.2284
1157,2207900,Pedro II,PI,Nordeste,0,-4.42585,-41.4482
0368,2207934,Pedro Laurentino,PI,Nordeste,0,-8.06807,-42.2847
0370,2207959,Nova Santa Rita,PI,Nordeste,0,-8.09707,-42.0471
1159,2208007,Picos,PI,Nordeste,0,-7.07721,-41.467
1161,2208106,Pimenteiras,PI,Nordeste,0,-6.23839,-41.4113
1163,2208205,Pio IX,PI,Nordeste,0,-6.83002,-40.6083
1165,2208304,Piracuruca,PI,Nordeste,0,-3.93335,-41.7088
1167,2208403,Piripiri,PI,Nordeste,0,-4.27157,-41.7716
1169,2208502,Porto,PI,Nordeste,0,-3.88815,-42.6998
0372,2208551,Porto Alegre do Piauí,PI,Nordeste,0,-6.96423,-44.1837
1171,2208601,Prata do Piauí,PI,Nordeste,0,-5.67265,-42.2046
2279,2208650,Queimada Nova,PI,Nordeste,0,-8.57064,-41.4106
1173,2208700,Redenção do Gurguéia,PI,Nordeste,0,-9.47937,-44.5811
1175,2208809,Regeneração,PI,Nordeste,0,-6.23115,-42.6842
0374,2208858,Riacho Frio,PI,Nordeste,0,-10.1244,-44.9503
0376,2208874,Ribeira do Piauí,PI,Nordeste,0,-7.69028,-42.7128
1177,2208908,Ribeiro Gonçalves,PI,Nordeste,0,-7.55651,-45.2447
1179,2209005,Rio Grande do Piauí,PI,Nordeste,0,-7.78029,-43.1369
1181,2209104,Santa Cruz do Piauí,PI,Nordeste,0,-7.1785,-41.7609
1295,2209153,Santa Cruz dos Milagres,PI,Nordeste,0,-5.80581,-41.9506
1183,2209203,Santa Filomena,PI,Nordeste,0,-9.11228,-45.9116
1185,2209302,Santa Luz,PI,Nordeste,0,-8.9488,-44.1296
2281,2209351,Santana do Piauí,PI,Nordeste,0,-6.94696,-41.5178
2261,2209377,Santa Rosa do Piauí,PI,Nordeste,0,-6.79581,-42.2814
1187,2209401,Santo Antônio de Lisboa,PI,Nordeste,0,-6.98676,-41.2252
0378,2209450,Santo Antônio dos Milagres,PI,Nordeste,0,-6.04647,-42.7123
1189,2209500,Santo Inácio do Piauí,PI,Nordeste,0,-7.42072,-41.9063
2263,2209559,São Braz do Piauí,PI,Nordeste,0,-9.05797,-43.0076
1191,2209609,São Félix do Piauí,PI,Nordeste,0,-5.93485,-42.1172
0380,2209658,São Francisco de Assis do Piauí,PI,Nordeste,0,-8.23599,-41.6873
1193,2209708,São Francisco do Piauí,PI,Nordeste,0,-7.2463,-42.541
0382,2209757,São Gonçalo do Gurguéia,PI,Nordeste,0,-10.0319,-45.3092
1195,2209807,São Gonçalo do Piauí,PI,Nordeste,0,-5.99393,-42.7095
1291,2209856,São João da Canabrava,PI,Nordeste,0,-6.81203,-41.3415
0384,2209872,São João da Fronteira,PI,Nordeste,0,-3.95497,-41.2569
1197,2209906,São João da Serra,PI,Nordeste,0,-5.51081,-41.8923
0386,2209955,São João da Varjota,PI,Nordeste,0,-6.94082,-41.8889
0388,2209971,São João do Arraial,PI,Nordeste,0,-3.8186,-42.4459
1199,2210003,São João do Piauí,PI,Nordeste,0,-8.35466,-42.2559
2285,2210052,São José do Divino,PI,Nordeste,0,-3.81411,-41.8308
1201,2210102,São José do Peixe,PI,Nordeste,0,-7.48554,-42.5672
1203,2210201,São José do Piauí,PI,Nordeste,0,-6.87194,-41.4731
1205,2210300,São Julião,PI,Nordeste,0,-7.08391,-40.8246
2265,2210359,São Lourenço do Piauí,PI,Nordeste,0,-9.16463,-42.5496
0390,2210375,São Luis do Piauí,PI,Nordeste,0,-6.81936,-41.3175
0392,2210383,São Miguel da Baixa Grande,PI,Nordeste,0,-5.85646,-42.1934
0394,2210391,São Miguel do Fidalgo,PI,Nordeste,0,-7.59713,-42.3676
1207,2210409,São Miguel do Tapuio,PI,Nordeste,0,-5.49729,-41.3165
1209,2210508,São Pedro do Piauí,PI,Nordeste,0,-5.92078,-42.7192
1211,2210607,São Raimundo Nonato,PI,Nordeste,0,-9.01241,-42.6987
0396,2210623,Sebastião Barros,PI,Nordeste,0,-10.817,-44.8337
0398,2210631,Sebastião Leal,PI,Nordeste,0,-7.56803,-44.06
1379,2210656,Sigefredo Pacheco,PI,Nordeste,0,-4.91665,-41.7311
1213,2210706,Simões,PI,Nordeste,0,-7.59109,-40.8137
1215,2210805,Simplício Mendes,PI,Nordeste,0,-7.85294,-41.9075
1217,2210904,Socorro do Piauí,PI,Nordeste,0,-7.86773,-42.4922
0400,2210938,Sussuapara,PI,Nordeste,0,-7.03687,-41.3767
0402,2210953,Tamboril do Piauí,PI,Nordeste,0,-8.40937,-42.9211
0404,2210979,Tanque do Piauí,PI,Nordeste,0,-6.59787,-42.2795
1219,2211001,Teresina,PI,Nordeste,1,-5.09194,-42.8034
1221,2211100,União,PI,Nordeste,0,-4.58571,-42.8583
1223,2211209,Uruçuí,PI,Nordeste,0,-7.23944,-44.5577
1225,2211308,Valença do Piauí,PI,Nordeste,0,-6.40301,-41.7375
2267,2211357,Várzea Branca,PI,Nordeste,0,-9.238,-42.9692
1227,2211407,Várzea Grande,PI,Nordeste,0,-6.54899,-42.248
0406,2211506,Vera Mendes,PI,Nordeste,0,-7.59748,-41.4673
0408,2211605,Vila Nova do Piauí,PI,Nordeste,0,-7.13272,-40.9345
0410,2211704,Wall Ferraz,PI,Nordeste,0,-7.23151,-41.905
1301,2300101,Abaiara,CE,Nordeste,0,-7.34588,-39.0416
1231,2300150,Acarape,CE,Nordeste,0,-4.22083,-38.7055
1303,2300200,Acaraú,CE,Nordeste,0,-2.88769,-40.1183
1305,2300309,Acopiara,CE,Nordeste,0,-6.08911,-39.448
1307,2300408,Aiuaba,CE,Nordeste,0,-6.57122,-40.1178
1309,2300507,Alcântaras,CE,Nordeste,0,-3.58537,-40.5479
1311,2300606,Altaneira,CE,Nordeste,0,-6.99837,-39.7356
1313,2300705,Alto Santo,CE,Nordeste,0,-5.50894,-38.2743
1587,2300754,Amontada,CE,Nordeste,0,-3.36017,-39.8288
1315,2300804,Antonina do Norte,CE,Nordeste,0,-6.76919,-39.987
1317,2300903,Apuiarés,CE,Nordeste,0,-3.94506,-39.4359
1319,2301000,Aquiraz,CE,Nordeste,0,-3.89929,-38.3896
1321,2301109,Aracati,CE,Nordeste,0,-4.55826,-37.7679
1323,2301208,Aracoiaba,CE,Nordeste,0,-4.36872,-38.8125
0989,2301257,Ararendá,CE,Nordeste,0,-4.74567,-40.831
1325,2301307,Araripe,CE,Nordeste,0,-7.21319,-40.1359
1327,2301406,Aratuba,CE,Nordeste,0,-4.41229,-39.0471
1329,2301505,Arneiroz,CE,Nordeste,0,-6.3165,-40.1653
1331,2301604,Assaré,CE,Nordeste,0,-6.8669,-39.8689
1333,2301703,Aurora,CE,Nordeste,0,-6.93349,-38.9742
1335,2301802,Baixio,CE,Nordeste,0,-6.71945,-38.7134
1233,2301851,Banabuiú,CE,Nordeste,0,-5.30454,-38.9132
1337,2301901,Barbalha,CE,Nordeste,0,-7.2982,-39.3021
1235,2301950,Barreira,CE,Nordeste,0,-4.28921,-38.6429
1339,2302008,Barro,CE,Nordeste,0,-7.17188,-38.7741
1237,2302057,Barroquinha,CE,Nordeste,0,-3.02051,-41.1358
1341,2302107,Baturité,CE,Nordeste,0,-4.32598,-38.8812
1343,2302206,Beberibe,CE,Nordeste,0,-4.17741,-38.1271
1345,2302305,Bela Cruz,CE,Nordeste,0,-3.04996,-40.1671
1347,2302404,Boa Viagem,CE,Nordeste,0,-5.11258,-39.7337
1349,2302503,Brejo Santo,CE,Nordeste,0,-7.48469,-38.9799
1351,2302602,Camocim,CE,Nordeste,0,-2.9005,-40.8544
1353,2302701,Campos Sales,CE,Nordeste,0,-7.06761,-40.3687
1355,2302800,Canindé,CE,Nordeste,0,-4.35162,-39.3155
1357,2302909,Capistrano,CE,Nordeste,0,-4.45569,-38.9048
1359,2303006,Caridade,CE,Nordeste,0,-4.22514,-39.1912
1361,2303105,Cariré,CE,Nordeste,0,-3.94858,-40.476
1363,2303204,Caririaçu,CE,Nordeste,0,-7.02808,-39.2828
1365,2303303,Cariús,CE,Nordeste,0,-6.52428,-39.4916
1367,2303402,Carnaubal,CE,Nordeste,0,-4.15985,-40.9413
1369,2303501,Cascavel,CE,Nordeste,0,-4.12967,-38.2412
1371,2303600,Catarina,CE,Nordeste,0,-6.12291,-39.8736
0983,2303659,Catunda,CE,Nordeste,0,-4.64336,-40.2
1373,2303709,Caucaia,CE,Nordeste,0,-3.72797,-38.6619
1375,2303808,Cedro,CE,Nordeste,0,-6.60034,-39.0609
1377,2303907,Chaval,CE,Nordeste,0,-3.03571,-41.2435
0993,2303931,Choró,CE,Nordeste,0,-4.83906,-39.1344
1239,2303956,Chorozinho,CE,Nordeste,0,-4.28873,-38.4986
1381,2304004,Coreaú,CE,Nordeste,0,-3.5415,-40.6587
1383,2304103,Crateús,CE,Nordeste,0,-5.16768,-40.6536
1385,2304202,Crato,CE,Nordeste,0,-7.2153,-39.4103
1241,2304236,Croatá,CE,Nordeste,0,-4.40481,-40.9022
1589,2304251,Cruz,CE,Nordeste,0,-2.91813,-40.176
1243,2304269,Deputado Irapuan Pinheiro,CE,Nordeste,0,-5.91485,-39.257
1245,2304277,Ererê,CE,Nordeste,0,-6.02751,-38.3461
1247,2304285,Eusébio,CE,Nordeste,0,-3.8925,-38.4559
1387,2304301,Farias Brito,CE,Nordeste,0,-6.92146,-39.5651
1591,2304350,Forquilha,CE,Nordeste,0,-3.79945,-40.2634
1389,2304400,Fortaleza,CE,Nordeste,1,-3.71664,-38.5423
0987,2304459,Fortim,CE,Nordeste,0,-4.45126,-37.7981
1391,2304509,Frecheirinha,CE,Nordeste,0,-3.75557,-40.818
1393,2304608,General Sampaio,CE,Nordeste,0,-4.04351,-39.454
1249,2304657,Graça,CE,Nordeste,0,-4.04422,-40.749
1395,2304707,Granja,CE,Nordeste,0,-3.12788,-40.8372
1397,2304806,Granjeiro,CE,Nordeste,0,-6.88134,-39.2144
1399,2304905,Groaíras,CE,Nordeste,0,-3.91787,-40.3852
1251,2304954,Guaiúba,CE,Nordeste,0,-4.04057,-38.6404
1401,2305001,Guaraciaba do Norte,CE,Nordeste,0,-4.15814,-40.7476
1403,2305100,Guaramiranga,CE,Nordeste,0,-4.26248,-38.932
1405,2305209,Hidrolândia,CE,Nordeste,0,-4.40958,-40.4056
1253,2305233,Horizonte,CE,Nordeste,0,-4.1209,-38.4707
1255,2305266,Ibaretama,CE,Nordeste,0,-4.80376,-38.7501
1407,2305308,Ibiapina,CE,Nordeste,0,-3.92403,-40.8911
1257,2305332,Ibicuitinga,CE,Nordeste,0,-4.96999,-38.6362
1593,2305357,Icapuí,CE,Nordeste,0,-4.71206,-37.3531
1409,2305407,Icó,CE,Nordeste,0,-6.39627,-38.8554
1411,2305506,Iguatu,CE,Nordeste,0,-6.36281,-39.2892
1413,2305605,Independência,CE,Nordeste,0,-5.38789,-40.3085
1259,2305654,Ipaporanga,CE,Nordeste,0,-4.89764,-40.7537
1415,2305704,Ipaumirim,CE,Nordeste,0,-6.78265,-38.7179
1417,2305803,Ipu,CE,Nordeste,0,-4.31748,-40.7059
1419,2305902,Ipueiras,CE,Nordeste,0,-4.53802,-40.7118
1421,2306009,Iracema,CE,Nordeste,0,-5.8124,-38.2919
1423,2306108,Irauçuba,CE,Nordeste,0,-3.74737,-39.7843
1425,2306207,Itaiçaba,CE,Nordeste,0,-4.67146,-37.833
0991,2306256,Itaitinga,CE,Nordeste,0,-3.96577,-38.5298
1427,2306306,Itapajé,CE,Nordeste,0,-3.68314,-39.5855
1429,2306405,Itapipoca,CE,Nordeste,0,-3.49933,-39.5836
1431,2306504,Itapiúna,CE,Nordeste,0,-4.55516,-38.9281
1595,2306553,Itarema,CE,Nordeste,0,-2.9248,-39.9167
1433,2306603,Itatira,CE,Nordeste,0,-4.52608,-39.6202
1435,2306702,Jaguaretama,CE,Nordeste,0,-5.6051,-38.7639
1437,2306801,Jaguaribara,CE,Nordeste,0,-5.67765,-38.5359
1439,2306900,Jaguaribe,CE,Nordeste,0,-5.90213,-38.6227
1441,2307007,Jaguaruana,CE,Nordeste,0,-4.83151,-37.781
1443,2307106,Jardim,CE,Nordeste,0,-7.57599,-39.2826
1445,2307205,Jati,CE,Nordeste,0,-7.6797,-39.0029
0985,2307254,Jijoca de Jericoacoara,CE,Nordeste,0,-2.79331,-40.5127
1447,2307304,Juazeiro do Norte,CE,Nordeste,0,-7.19621,-39.3076
1449,2307403,Jucás,CE,Nordeste,0,-6.51523,-39.5187
1451,2307502,Lavras da Mangabeira,CE,Nordeste,0,-6.7448,-38.9706
1453,2307601,Limoeiro do Norte,CE,Nordeste,0,-5.14392,-38.0847
1261,2307635,Madalena,CE,Nordeste,0,-4.84601,-39.5725
1585,2307650,Maracanaú,CE,Nordeste,0,-3.86699,-38.6259
1455,2307700,Maranguape,CE,Nordeste,0,-3.89143,-38.6829
1457,2307809,Marco,CE,Nordeste,0,-3.1285,-40.1582
1459,2307908,Martinópole,CE,Nordeste,0,-3.2252,-40.6896
1461,2308005,Massapê,CE,Nordeste,0,-3.52364,-40.3423
1463,2308104,Mauriti,CE,Nordeste,0,-7.38597,-38.7708
1465,2308203,Meruoca,CE,Nordeste,0,-3.53974,-40.4531
1467,2308302,Milagres,CE,Nordeste,0,-7.29749,-38.9378
1597,2308351,Milhã,CE,Nordeste,0,-5.67252,-39.1875
1263,2308377,Miraíma,CE,Nordeste,0,-3.56867,-39.9663
1469,2308401,Missão Velha,CE,Nordeste,0,-7.23522,-39.143
1471,2308500,Mombaça,CE,Nordeste,0,-5.73844,-39.63
1473,2308609,Monsenhor Tabosa,CE,Nordeste,0,-4.79102,-40.0646
1475,2308708,Morada Nova,CE,Nordeste,0,-5.09736,-38.3702
1477,2308807,Moraújo,CE,Nordeste,0,-3.46311,-40.6776
1479,2308906,Morrinhos,CE,Nordeste,0,-3.23426,-40.1233
1481,2309003,Mucambo,CE,Nordeste,0,-3.90271,-40.7452
1483,2309102,Mulungu,CE,Nordeste,0,-4.30294,-38.9951
1485,2309201,Nova Olinda,CE,Nordeste,0,-7.08415,-39.6713
1487,2309300,Nova Russas,CE,Nordeste,0,-4.70581,-40.5621
1489,2309409,Novo Oriente,CE,Nordeste,0,-5.52552,-40.7713
1265,2309458,Ocara,CE,Nordeste,0,-4.48523,-38.5933
1491,2309508,Orós,CE,Nordeste,0,-6.25182,-38.9053
1493,2309607,Pacajus,CE,Nordeste,0,-4.17107,-38.465
1495,2309706,Pacatuba,CE,Nordeste,0,-3.9784,-38.6183
1497,2309805,Pacoti,CE,Nordeste,0,-4.22492,-38.922
1499,2309904,Pacujá,CE,Nordeste,0,-3.98327,-40.6989
1501,2310001,Palhano,CE,Nordeste,0,-4.73672,-37.9655
1503,2310100,Palmácia,CE,Nordeste,0,-4.13831,-38.8446
1505,2310209,Paracuru,CE,Nordeste,0,-3.41436,-39.03
1599,2310258,Paraipaba,CE,Nordeste,0,-3.43799,-39.1479
1507,2310308,Parambu,CE,Nordeste,0,-6.20768,-40.6905
1509,2310407,Paramoti,CE,Nordeste,0,-4.08815,-39.2417
1511,2310506,Pedra Branca,CE,Nordeste,0,-5.45341,-39.7078
1513,2310605,Penaforte,CE,Nordeste,0,-7.82163,-39.0707
1515,2310704,Pentecoste,CE,Nordeste,0,-3.79274,-39.2692
1517,2310803,Pereiro,CE,Nordeste,0,-6.03576,-38.4624
1267,2310852,Pindoretama,CE,Nordeste,0,-4.01584,-38.3061
1519,2310902,Piquet Carneiro,CE,Nordeste,0,-5.80025,-39.417
1269,2310951,Pires Ferreira,CE,Nordeste,0,-4.23922,-40.6442
1521,2311009,Poranga,CE,Nordeste,0,-4.74672,-40.9205
1523,2311108,Porteiras,CE,Nordeste,0,-7.52265,-39.114
1525,2311207,Potengi,CE,Nordeste,0,-7.09154,-40.0233
1271,2311231,Potiretama,CE,Nordeste,0,-5.71287,-38.1578
9917,2311264,Quiterianópolis,CE,Nordeste,0,-5.8425,-40.7002
1527,2311306,Quixadá,CE,Nordeste,0,-4.9663,-39.0155
9853,2311355,Quixelô,CE,Nordeste,0,-6.24637,-39.2011
1529,2311405,Quixeramobim,CE,Nordeste,0,-5.19067,-39.2889
1531,2311504,Quixeré,CE,Nordeste,0,-5.07148,-37.9802
1533,2311603,Redenção,CE,Nordeste,0,-4.21587,-38.7277
1535,2311702,Reriutaba,CE,Nordeste,0,-4.14191,-40.5759
1537,2311801,Russas,CE,Nordeste,0,-4.92673,-37.9721
1539,2311900,Saboeiro,CE,Nordeste,0,-6.5346,-39.9017
1273,2311959,Salitre,CE,Nordeste,0,-7.28398,-40.45
1541,2312007,Santana do Acaraú,CE,Nordeste,0,-3.46144,-40.2118
1543,2312106,Santana do Cariri,CE,Nordeste,0,-7.17613,-39.7302
1545,2312205,Santa Quitéria,CE,Nordeste,0,-4.32608,-40.1523
1547,2312304,São Benedito,CE,Nordeste,0,-4.04713,-40.8596
1549,2312403,São Gonçalo do Amarante,CE,Nordeste,0,-3.60515,-38.9726
1551,2312502,São João do Jaguaribe,CE,Nordeste,0,-5.27516,-38.2694
1553,2312601,São Luís do Curu,CE,Nordeste,0,-3.66976,-39.2391
1555,2312700,Senador Pompeu,CE,Nordeste,0,-5.58244,-39.3704
1557,2312809,Senador Sá,CE,Nordeste,0,-3.35305,-40.4662
1559,2312908,Sobral,CE,Nordeste,0,-3.68913,-40.3482
1561,2313005,Solonópole,CE,Nordeste,0,-5.71894,-39.0107
1563,2313104,Tabuleiro do Norte,CE,Nordeste,0,-5.24353,-38.1282
1565,2313203,Tamboril,CE,Nordeste,0,-4.83136,-40.3196
1275,2313252,Tarrafas,CE,Nordeste,0,-6.67838,-39.753
1567,2313302,Tauá,CE,Nordeste,0,-5.98585,-40.2968
1277,2313351,Tejuçuoca,CE,Nordeste,0,-3.98831,-39.5799
1569,2313401,Tianguá,CE,Nordeste,0,-3.72965,-40.9923
1571,2313500,Trairi,CE,Nordeste,0,-3.26932,-39.2681
1279,2313559,Tururu,CE,Nordeste,0,-3.58413,-39.4297
1573,2313609,Ubajara,CE,Nordeste,0,-3.85448,-40.9204
1575,2313708,Umari,CE,Nordeste,0,-6.63893,-38.7008
9855,2313757,Umirim,CE,Nordeste,0,-3.67654,-39.3465
1577,2313807,Uruburetama,CE,Nordeste,0,-3.62316,-39.5107
1579,2313906,Uruoca,CE,Nordeste,0,-3.30819,-40.5628
9857,2313955,Varjota,CE,Nordeste,0,-4.19387,-40.4741
1581,2314003,Várzea Alegre,CE,Nordeste,0,-6.78264,-39.2942
1583,2314102,Viçosa do Ceará,CE,Nordeste,0,-3.5667,-41.0916
1601,2400109,Acari,RN,Nordeste,0,-6.4282,-36.6347
1603,2400208,Açu,RN,Nordeste,0,-5.58362,-36.914
1605,2400307,Afonso Bezerra,RN,Nordeste,0,-5.49229,-36.5075
1607,2400406,Água Nova,RN,Nordeste,0,-6.20351,-38.2941
1609,2400505,Alexandria,RN,Nordeste,0,-6.40533,-38.0142
1611,2400604,Almino Afonso,RN,Nordeste,0,-6.1475,-37.7636
1613,2400703,Alto do Rodrigues,RN,Nordeste,0,-5.28186,-36.75
1615,2400802,Angicos,RN,Nordeste,0,-5.65792,-36.6094
1617,2400901,Antônio Martins,RN,Nordeste,0,-6.21367,-37.8834
1619,2401008,Apodi,RN,Nordeste,0,-5.65349,-37.7946
1621,2401107,Areia Branca,RN,Nordeste,0,-4.95254,-37.1252
1623,2401206,Arês,RN,Nordeste,0,-6.18831,-35.1608
1625,2401305,Augusto Severo (Campo Grande),RN,Nordeste,0,-5.86206,-37.3135
1627,2401404,Baía Formosa,RN,Nordeste,0,-6.37161,-35.0033
3003,2401453,Baraúna,RN,Nordeste,0,-5.06977,-37.6129
1629,2401503,Barcelona,RN,Nordeste,0,-5.94284,-35.9247
1631,2401602,Bento Fernandes,RN,Nordeste,0,-5.69906,-35.813
0412,2401651,Bodó,RN,Nordeste,0,-5.98027,-36.4167
1633,2401701,Bom Jesus,RN,Nordeste,0,-5.98648,-35.5792
1635,2401800,Brejinho,RN,Nordeste,0,-6.18566,-35.3591
0414,2401859,Caiçara do Norte,RN,Nordeste,0,-5.07091,-36.0717
1637,2401909,Caiçara do Rio do Vento,RN,Nordeste,0,-5.76541,-35.9938
1639,2402006,Caicó,RN,Nordeste,0,-6.45441,-37.1067
1641,2402105,Campo Redondo,RN,Nordeste,0,-6.23829,-36.1888
1643,2402204,Canguaretama,RN,Nordeste,0,-6.37193,-35.1281
1645,2402303,Caraúbas,RN,Nordeste,0,-5.78387,-37.5586
1647,2402402,Carnaúba dos Dantas,RN,Nordeste,0,-6.55015,-36.5868
1649,2402501,Carnaubais,RN,Nordeste,0,-5.34181,-36.8335
1651,2402600,Ceará-Mirim,RN,Nordeste,0,-5.64323,-35.4247
1653,2402709,Cerro Corá,RN,Nordeste,0,-6.03503,-36.3503
1655,2402808,Coronel Ezequiel,RN,Nordeste,0,-6.3748,-36.2223
1657,2402907,Coronel João Pessoa,RN,Nordeste,0,-6.24974,-38.4441
1659,2403004,Cruzeta,RN,Nordeste,0,-6.40894,-36.7782
1661,2403103,Currais Novos,RN,Nordeste,0,-6.25484,-36.5146
1663,2403202,Doutor Severiano,RN,Nordeste,0,-6.08082,-38.3794
1779,2403251,Parnamirim,RN,Nordeste,0,-5.91116,-35.271
1665,2403301,Encanto,RN,Nordeste,0,-6.10691,-38.3033
1667,2403400,Equador,RN,Nordeste,0,-6.93835,-36.717
1669,2403509,Espírito Santo,RN,Nordeste,0,-6.33563,-35.3052
1671,2403608,Extremoz,RN,Nordeste,0,-5.70143,-35.3048
1673,2403707,Felipe Guerra,RN,Nordeste,0,-5.59274,-37.6875
0416,2403756,Fernando Pedroza,RN,Nordeste,0,-5.69096,-36.5282
1675,2403806,Florânia,RN,Nordeste,0,-6.12264,-36.8226
1677,2403905,Francisco Dantas,RN,Nordeste,0,-6.07234,-38.1212
1751,2404002,Frutuoso Gomes,RN,Nordeste,0,-6.15669,-37.8375
1679,2404101,Galinhos,RN,Nordeste,0,-5.0909,-36.2754
1681,2404200,Goianinha,RN,Nordeste,0,-6.26486,-35.1943
1683,2404309,Governador Dix-Sept Rosado,RN,Nordeste,0,-5.44887,-37.5183
1685,2404408,Grossos,RN,Nordeste,0,-4.98068,-37.1621
1687,2404507,Guamaré,RN,Nordeste,0,-5.10619,-36.3222
1689,2404606,Ielmo Marinho,RN,Nordeste,0,-5.82447,-35.55
1691,2404705,Ipanguaçu,RN,Nordeste,0,-5.48984,-36.8501
1693,2404804,Ipueira,RN,Nordeste,0,-6.80596,-37.2045
0418,2404853,Itajá,RN,Nordeste,0,-5.63894,-36.8712
1695,2404903,Itaú,RN,Nordeste,0,-5.8363,-37.9912
1697,2405009,Jaçanã,RN,Nordeste,0,-6.41856,-36.2031
1699,2405108,Jandaíra,RN,Nordeste,0,-5.35211,-36.1278
1701,2405207,Janduís,RN,Nordeste,0,-6.01474,-37.4048
1703,2405306,Januário Cicco (Boa Saúde),RN,Nordeste,0,-6.16566,-35.6219
1705,2405405,Japi,RN,Nordeste,0,-6.46544,-35.9346
1707,2405504,Jardim de Angicos,RN,Nordeste,0,-5.64999,-35.9713
1709,2405603,Jardim de Piranhas,RN,Nordeste,0,-6.37665,-37.3496
1711,2405702,Jardim do Seridó,RN,Nordeste,0,-6.58047,-36.7736
1713,2405801,João Câmara,RN,Nordeste,0,-5.54094,-35.8122
1715,2405900,João Dias,RN,Nordeste,0,-6.27215,-37.7885
1717,2406007,José da Penha,RN,Nordeste,0,-6.31095,-38.2823
1719,2406106,Jucurutu,RN,Nordeste,0,-6.0306,-37.009
1108,2406155,Jundiá,RN,Nordeste,0,-6.26866,-35.3495
1723,2406205,Lagoa d'Anta,RN,Nordeste,0,-6.39493,-35.5949
1725,2406304,Lagoa de Pedras,RN,Nordeste,0,-6.15082,-35.4299
1727,2406403,Lagoa de Velhos,RN,Nordeste,0,-6.0119,-35.8729
1729,2406502,Lagoa Nova,RN,Nordeste,0,-6.09339,-36.4703
1731,2406601,Lagoa Salgada,RN,Nordeste,0,-6.12295,-35.4724
1733,2406700,Lajes,RN,Nordeste,0,-5.69322,-36.247
1735,2406809,Lajes Pintadas,RN,Nordeste,0,-6.14943,-36.1171
1737,2406908,Lucrécia,RN,Nordeste,0,-6.10525,-37.8134
1739,2407005,Luís Gomes,RN,Nordeste,0,-6.40588,-38.3899
1741,2407104,Macaíba,RN,Nordeste,0,-5.85229,-35.3552
1743,2407203,Macau,RN,Nordeste,0,-5.10795,-36.6318
0420,2407252,Major Sales,RN,Nordeste,0,-6.39949,-38.324
1745,2407302,Marcelino Vieira,RN,Nordeste,0,-6.2846,-38.1642
1747,2407401,Martins,RN,Nordeste,0,-6.08279,-37.908
1749,2407500,Maxaranguape,RN,Nordeste,0,-5.52181,-35.2631
1721,2407609,Messias Targino,RN,Nordeste,0,-6.07194,-37.5158
1753,2407708,Montanhas,RN,Nordeste,0,-6.48522,-35.2842
1755,2407807,Monte Alegre,RN,Nordeste,0,-6.07063,-35.3253
1757,2407906,Monte das Gameleiras,RN,Nordeste,0,-6.43698,-35.7831
1759,2408003,Mossoró,RN,Nordeste,0,-5.18374,-37.3474
1761,2408102,Natal,RN,Nordeste,1,-5.79357,-35.1986
1763,2408201,Nísia Floresta,RN,Nordeste,0,-6.09329,-35.1991
1765,2408300,Nova Cruz,RN,Nordeste,0,-6.47511,-35.4286
1767,2408409,Olho-d'Água do Borges,RN,Nordeste,0,-5.9486,-37.7047
1769,2408508,Ouro Branco,RN,Nordeste,0,-6.6958,-36.9428
1771,2408607,Paraná,RN,Nordeste,0,-6.47565,-38.3057
1773,2408706,Paraú,RN,Nordeste,0,-5.76893,-37.1032
1775,2408805,Parazinho,RN,Nordeste,0,-5.22276,-35.8398
1777,2408904,Parelhas,RN,Nordeste,0,-6.68491,-36.6566
0422,2408953,Rio do Fogo,RN,Nordeste,0,-5.2765,-35.3794
1781,2409100,Passa e Fica,RN,Nordeste,0,-6.43018,-35.6442
1783,2409209,Passagem,RN,Nordeste,0,-6.27268,-35.37
1785,2409308,Patu,RN,Nordeste,0,-6.10656,-37.6356
0424,2409332,Santa Maria,RN,Nordeste,0,-5.83802,-35.6914
1787,2409407,Pau dos Ferros,RN,Nordeste,0,-6.10498,-38.2077
1789,2409506,Pedra Grande,RN,Nordeste,0,-5.14988,-35.876
1791,2409605,Pedra Preta,RN,Nordeste,0,-5.57352,-36.1084
1793,2409704,Pedro Avelino,RN,Nordeste,0,-5.5161,-36.3867
1795,2409803,Pedro Velho,RN,Nordeste,0,-6.4356,-35.2195
1797,2409902,Pendências,RN,Nordeste,0,-5.2564,-36.7095
1799,2410009,Pilões,RN,Nordeste,0,-6.26364,-38.0461
1801,2410108,Poço Branco,RN,Nordeste,0,-5.62233,-35.6635
1803,2410207,Portalegre,RN,Nordeste,0,-6.02064,-37.9865
0426,2410256,Porto do Mangue,RN,Nordeste,0,-5.05441,-36.7887
1805,2410306,Serra Caiada,RN,Nordeste,0,-6.10478,-35.7113
1807,2410405,Pureza,RN,Nordeste,0,-5.46393,-35.5554
1809,2410504,Rafael Fernandes,RN,Nordeste,0,-6.18987,-38.2211
1893,2410603,Rafael Godeiro,RN,Nordeste,0,-6.07244,-37.716
1811,2410702,Riacho da Cruz,RN,Nordeste,0,-5.92654,-37.949
1813,2410801,Riacho de Santana,RN,Nordeste,0,-6.25139,-38.3116
1815,2410900,Riachuelo,RN,Nordeste,0,-5.82156,-35.8215
1817,2411007,Rodolfo Fernandes,RN,Nordeste,0,-5.78393,-38.0579
0428,2411056,Tibau,RN,Nordeste,0,-4.83729,-37.2554
1819,2411106,Ruy Barbosa,RN,Nordeste,0,-5.88745,-35.933
1823,2411205,Santa Cruz,RN,Nordeste,0,-6.22475,-36.0193
1827,2411403,Santana do Matos,RN,Nordeste,0,-5.94605,-36.6578
1825,2411429,Santana do Seridó,RN,Nordeste,0,-6.76643,-36.7312
1829,2411502,Santo Antônio,RN,Nordeste,0,-6.31195,-35.4739
1831,2411601,São Bento do Norte,RN,Nordeste,0,-5.09259,-35.9587
1833,2411700,São Bento do Trairí,RN,Nordeste,0,-6.33798,-36.0863
1835,2411809,São Fernando,RN,Nordeste,0,-6.37975,-37.1864
1821,2411908,São Francisco do Oeste,RN,Nordeste,0,-5.97472,-38.1519
1837,2412005,São Gonçalo do Amarante,RN,Nordeste,0,-5.79068,-35.3257
1839,2412104,São João do Sabugi,RN,Nordeste,0,-6.71387,-37.2027
1841,2412203,São José de Mipibu,RN,Nordeste,0,-6.0773,-35.2417
1843,2412302,São José do Campestre,RN,Nordeste,0,-6.31087,-35.7067
1845,2412401,São José do Seridó,RN,Nordeste,0,-6.44002,-36.8746
1847,2412500,São Miguel,RN,Nordeste,0,-6.20283,-38.4947
0430,2412559,São Miguel do Gostoso,RN,Nordeste,0,-5.12302,-35.6354
1849,2412609,São Paulo do Potengi,RN,Nordeste,0,-5.8994,-35.7642
1851,2412708,São Pedro,RN,Nordeste,0,-5.90559,-35.6317
1853,2412807,São Rafael,RN,Nordeste,0,-5.79791,-36.8778
1855,2412906,São Tomé,RN,Nordeste,0,-5.96404,-36.0798
1857,2413003,São Vicente,RN,Nordeste,0,-6.21893,-36.6827
1859,2413102,Senador Elói de Souza,RN,Nordeste,0,-6.03334,-35.6978
1861,2413201,Senador Georgino Avelino,RN,Nordeste,0,-6.1576,-35.1299
1863,2413300,Serra de São Bento,RN,Nordeste,0,-6.41762,-35.7033
1927,2413359,Serra do Mel,RN,Nordeste,0,-5.17725,-37.0242
1865,2413409,Serra Negra do Norte,RN,Nordeste,0,-6.66031,-37.3996
1867,2413508,Serrinha,RN,Nordeste,0,-6.28181,-35.5
0432,2413557,Serrinha dos Pintos,RN,Nordeste,0,-6.11087,-37.9548
1869,2413607,Severiano Melo,RN,Nordeste,0,-5.77666,-37.957
1871,2413706,Sítio Novo,RN,Nordeste,0,-6.11132,-35.909
1873,2413805,Taboleiro Grande,RN,Nordeste,0,-5.91948,-38.0367
1875,2413904,Taipu,RN,Nordeste,0,-5.63058,-35.5918
1877,2414001,Tangará,RN,Nordeste,0,-6.19649,-35.7989
1879,2414100,Tenente Ananias,RN,Nordeste,0,-6.45823,-38.182
0434,2414159,Tenente Laurentino Cruz,RN,Nordeste,0,-6.1378,-36.7135
1881,2414209,Tibau do Sul,RN,Nordeste,0,-6.19176,-35.0866
1883,2414308,Timbaúba dos Batistas,RN,Nordeste,0,-6.45768,-37.2745
1885,2414407,Touros,RN,Nordeste,0,-5.20182,-35.4621
0436,2414456,Triunfo Potiguar,RN,Nordeste,0,-5.85408,-37.1786
1887,2414506,Umarizal,RN,Nordeste,0,-5.98238,-37.818
1889,2414605,Upanema,RN,Nordeste,0,-5.63761,-37.2635
1891,2414704,Várzea,RN,Nordeste,0,-6.34641,-35.3732
0438,2414753,Venha-Ver,RN,Nordeste,0,-6.32016,-38.4896
1895,2414803,Vera Cruz,RN,Nordeste,0,-6.04399,-35.428
1897,2414902,Viçosa,RN,Nordeste,0,-5.98253,-37.9462
1899,2415008,Vila Flor,RN,Nordeste,0,-6.31287,-35.067
1901,2500106,Água Branca,PB,Nordeste,0,-7.51144,-37.6357
1903,2500205,Aguiar,PB,Nordeste,0,-7.0918,-38.1681
1905,2500304,Alagoa Grande,PB,Nordeste,0,-7.03943,-35.6206
1907,2500403,Alagoa Nova,PB,Nordeste,0,-7.05377,-35.7591
1909,2500502,Alagoinha,PB,Nordeste,0,-6.94657,-35.5332
0440,2500536,Alcantil,PB,Nordeste,0,-7.73668,-36.0511
0442,2500577,Algodão de Jandaíra,PB,Nordeste,0,-6.89292,-36.0129
1911,2500601,Alhandra,PB,Nordeste,0,-7.42977,-34.9057
1913,2500700,São João do Rio do Peixe,PB,Nordeste,0,-6.72195,-38.4468
0444,2500734,Amparo,PB,Nordeste,0,-7.55502,-37.0628
0446,2500775,Aparecida,PB,Nordeste,0,-6.78466,-38.0803
1915,2500809,Araçagi,PB,Nordeste,0,-6.84374,-35.3737
1917,2500908,Arara,PB,Nordeste,0,-6.82813,-35.7552
1919,2501005,Araruna,PB,Nordeste,0,-6.54848,-35.7498
1921,2501104,Areia,PB,Nordeste,0,-6.96396,-35.6977
0448,2501153,Areia de Baraúnas,PB,Nordeste,0,-7.11702,-36.9404
1923,2501203,Areial,PB,Nordeste,0,-7.04789,-35.9313
1925,2501302,Aroeiras,PB,Nordeste,0,-7.54473,-35.7066
0450,2501351,Assunção,PB,Nordeste,0,-7.07231,-36.725
1929,2501401,Baía da Traição,PB,Nordeste,0,-6.69209,-34.9381
1931,2501500,Bananeiras,PB,Nordeste,0,-6.74775,-35.6246
0452,2501534,Baraúna,PB,Nordeste,0,-6.63484,-36.2601
0454,2501575,Barra de Santana,PB,Nordeste,0,-7.51809,-35.9913
1933,2501609,Barra de Santa Rosa,PB,Nordeste,0,-6.71816,-36.0671
1935,2501708,Barra de São Miguel,PB,Nordeste,0,-7.74603,-36.3209
1937,2501807,Bayeux,PB,Nordeste,0,-7.1238,-34.9293
1939,2501906,Belém,PB,Nordeste,0,-6.74261,-35.5166
1941,2502003,Belém do Brejo do Cruz,PB,Nordeste,0,-6.18515,-37.5348
0456,2502052,Bernardino Batista,PB,Nordeste,0,-6.44572,-38.5521
1943,2502102,Boa Ventura,PB,Nordeste,0,-7.40982,-38.2113
0458,2502151,Boa Vista,PB,Nordeste,0,-7.26365,-36.2357
1945,2502201,Bom Jesus,PB,Nordeste,0,-6.81601,-38.6453
1947,2502300,Bom Sucesso,PB,Nordeste,0,-6.44176,-37.9234
1949,2502409,Bonito de Santa Fé,PB,Nordeste,0,-7.31341,-38.5133
1951,2502508,Boqueirão,PB,Nordeste,0,-7.487,-36.1309
1953,2502607,Igaracy,PB,Nordeste,0,-7.17184,-38.1478
1955,2502706,Borborema,PB,Nordeste,0,-6.80199,-35.6187
1957,2502805,Brejo do Cruz,PB,Nordeste,0,-6.34185,-37.4943
1959,2502904,Brejo dos Santos,PB,Nordeste,0,-6.37065,-37.8253
1961,2503001,Caaporã,PB,Nordeste,0,-7.51351,-34.9055
1963,2503100,Cabaceiras,PB,Nordeste,0,-7.48899,-36.287
1965,2503209,Cabedelo,PB,Nordeste,0,-6.98731,-34.8284
1967,2503308,Cachoeira dos Índios,PB,Nordeste,0,-6.91353,-38.676
1969,2503407,Cacimba de Areia,PB,Nordeste,0,-7.12128,-37.1563
1971,2503506,Cacimba de Dentro,PB,Nordeste,0,-6.6386,-35.7778
0460,2503555,Cacimbas,PB,Nordeste,0,-7.20721,-37.0604
1973,2503605,Caiçara,PB,Nordeste,0,-6.62115,-35.4581
1975,2503704,Cajazeiras,PB,Nordeste,0,-6.88004,-38.5577
0462,2503753,Cajazeirinhas,PB,Nordeste,0,-6.96016,-37.8009
1977,2503803,Caldas Brandão,PB,Nordeste,0,-7.1025,-35.3272
1979,2503902,Camalaú,PB,Nordeste,0,-7.88503,-36.8242
1981,2504009,Campina Grande,PB,Nordeste,0,-7.22196,-35.8731
0464,2504033,Capim,PB,Nordeste,0,-6.91624,-35.1673
0466,2504074,Caraúbas,PB,Nordeste,0,-7.72049,-36.492
1983,2504108,Carrapateira,PB,Nordeste,0,-7.03414,-38.3399
0468,2504157,Casserengue,PB,Nordeste,0,-6.77954,-35.8179
1985,2504207,Catingueira,PB,Nordeste,0,-7.12008,-37.6064
1987,2504306,Catolé do Rocha,PB,Nordeste,0,-6.34062,-37.747
0470,2504355,Caturité,PB,Nordeste,0,-7.41659,-36.0306
1989,2504405,Conceição,PB,Nordeste,0,-7.55106,-38.5014
1991,2504504,Condado,PB,Nordeste,0,-6.89831,-37.606
1993,2504603,Conde,PB,Nordeste,0,-7.25746,-34.8999
1995,2504702,Congo,PB,Nordeste,0,-7.79078,-36.6581
1997,2504801,Coremas,PB,Nordeste,0,-7.00712,-37.9346
0472,2504850,Coxixola,PB,Nordeste,0,-7.62365,-36.6064
1999,2504900,Cruz do Espírito Santo,PB,Nordeste,0,-7.13902,-35.0857
2001,2505006,Cubati,PB,Nordeste,0,-6.86686,-36.3619
2003,2505105,Cuité,PB,Nordeste,0,-6.47647,-36.1515
2005,2505204,Cuitegi,PB,Nordeste,0,-6.89058,-35.5215
0474,2505238,Cuité de Mamanguape,PB,Nordeste,0,-6.91292,-35.2502
0476,2505279,Curral de Cima,PB,Nordeste,0,-6.72325,-35.2639
2007,2505303,Curral Velho,PB,Nordeste,0,-7.53075,-38.1962
0478,2505352,Damião,PB,Nordeste,0,-6.63161,-35.9101
2009,2505402,Desterro,PB,Nordeste,0,-7.287,-37.0925
2011,2505501,Vista Serrana,PB,Nordeste,0,-6.7303,-37.5704
2013,2505600,Diamante,PB,Nordeste,0,-7.41738,-38.2615
2015,2505709,Dona Inês,PB,Nordeste,0,-6.61566,-35.6205
2017,2505808,Duas Estradas,PB,Nordeste,0,-6.68499,-35.418
2019,2505907,Emas,PB,Nordeste,0,-7.09964,-37.7163
2021,2506004,Esperança,PB,Nordeste,0,-7.02278,-35.8597
2023,2506103,Fagundes,PB,Nordeste,0,-7.34454,-35.7931
2025,2506202,Frei Martinho,PB,Nordeste,0,-6.39759,-36.4526
0480,2506251,Gado Bravo,PB,Nordeste,0,-7.58279,-35.7899
2027,2506301,Guarabira,PB,Nordeste,0,-6.85064,-35.485
2029,2506400,Gurinhém,PB,Nordeste,0,-7.1233,-35.4222
2031,2506509,Gurjão,PB,Nordeste,0,-7.24833,-36.4923
2033,2506608,Ibiara,PB,Nordeste,0,-7.47957,-38.4059
2035,2506707,Imaculada,PB,Nordeste,0,-7.3889,-37.5079
2037,2506806,Ingá,PB,Nordeste,0,-7.28144,-35.605
2039,2506905,Itabaiana,PB,Nordeste,0,-7.33167,-35.3317
2041,2507002,Itaporanga,PB,Nordeste,0,-7.30202,-38.1504
2043,2507101,Itapororoca,PB,Nordeste,0,-6.82374,-35.2406
2045,2507200,Itatuba,PB,Nordeste,0,-7.38115,-35.638
2047,2507309,Jacaraú,PB,Nordeste,0,-6.61453,-35.289
2049,2507408,Jericó,PB,Nordeste,0,-6.54577,-37.8036
2051,2507507,João Pessoa,PB,Nordeste,1,-7.11509,-34.8641
2053,2507606,Juarez Távora,PB,Nordeste,0,-7.1713,-35.5686
2055,2507705,Juazeirinho,PB,Nordeste,0,-7.06092,-36.5793
2057,2507804,Junco do Seridó,PB,Nordeste,0,-6.99269,-36.7166
2059,2507903,Juripiranga,PB,Nordeste,0,-7.36176,-35.2321
2061,2508000,Juru,PB,Nordeste,0,-7.52983,-37.815
2063,2508109,Lagoa,PB,Nordeste,0,-6.58572,-37.9127
2065,2508208,Lagoa de Dentro,PB,Nordeste,0,-6.67213,-35.3706
2067,2508307,Lagoa Seca,PB,Nordeste,0,-7.15535,-35.8491
2069,2508406,Lastro,PB,Nordeste,0,-6.50603,-38.1742
2071,2508505,Livramento,PB,Nordeste,0,-7.37113,-36.9491
0482,2508554,Logradouro,PB,Nordeste,0,-6.61191,-35.4384
2073,2508604,Lucena,PB,Nordeste,0,-6.90258,-34.8748
2075,2508703,Mãe d'Água,PB,Nordeste,0,-7.25201,-37.4322
2077,2508802,Malta,PB,Nordeste,0,-6.89719,-37.5221
2079,2508901,Mamanguape,PB,Nordeste,0,-6.8337,-35.1213
2081,2509008,Manaíra,PB,Nordeste,0,-7.70331,-38.1523
0484,2509057,Marcação,PB,Nordeste,0,-6.76535,-35.0087
2083,2509107,Mari,PB,Nordeste,0,-7.05942,-35.318
0486,2509156,Marizópolis,PB,Nordeste,0,-6.82748,-38.3528
2085,2509206,Massaranduba,PB,Nordeste,0,-7.18995,-35.7848
2087,2509305,Mataraca,PB,Nordeste,0,-6.59673,-35.0531
0488,2509339,Matinhas,PB,Nordeste,0,-7.12486,-35.7669
0490,2509370,Mato Grosso,PB,Nordeste,0,-6.54018,-37.7279
0492,2509396,Maturéia,PB,Nordeste,0,-7.26188,-37.351
2089,2509404,Mogeiro,PB,Nordeste,0,-7.28517,-35.4832
2091,2509503,Montadas,PB,Nordeste,0,-7.08848,-35.9592
2093,2509602,Monte Horebe,PB,Nordeste,0,-7.20402,-38.5838
2095,2509701,Monteiro,PB,Nordeste,0,-7.88363,-37.1184
2097,2509800,Mulungu,PB,Nordeste,0,-7.02525,-35.46
2099,2509909,Natuba,PB,Nordeste,0,-7.63514,-35.5586
2101,2510006,Nazarezinho,PB,Nordeste,0,-6.9114,-38.322
2103,2510105,Nova Floresta,PB,Nordeste,0,-6.45056,-36.2057
2105,2510204,Nova Olinda,PB,Nordeste,0,-7.47232,-38.0382
2107,2510303,Nova Palmeira,PB,Nordeste,0,-6.67122,-36.422
2109,2510402,Olho d'Água,PB,Nordeste,0,-7.22118,-37.7406
2111,2510501,Olivedos,PB,Nordeste,0,-6.98434,-36.241
2113,2510600,Ouro Velho,PB,Nordeste,0,-7.61604,-37.1519
0494,2510659,Parari,PB,Nordeste,0,-7.30975,-36.6522
2115,2510709,Passagem,PB,Nordeste,0,-7.13467,-37.0433
2117,2510808,Patos,PB,Nordeste,0,-7.01743,-37.2747
2119,2510907,Paulista,PB,Nordeste,0,-6.59138,-37.6185
2121,2511004,Pedra Branca,PB,Nordeste,0,-7.42169,-38.0689
2123,2511103,Pedra Lavrada,PB,Nordeste,0,-6.74997,-36.4758
2125,2511202,Pedras de Fogo,PB,Nordeste,0,-7.39107,-35.1065
2127,2511301,Piancó,PB,Nordeste,0,-7.19282,-37.9289
2129,2511400,Picuí,PB,Nordeste,0,-6.50845,-36.3497
2131,2511509,Pilar,PB,Nordeste,0,-7.26403,-35.2523
2133,2511608,Pilões,PB,Nordeste,0,-6.86827,-35.613
2135,2511707,Pilõezinhos,PB,Nordeste,0,-6.84277,-35.531
2137,2511806,Pirpirituba,PB,Nordeste,0,-6.77922,-35.4906
2139,2511905,Pitimbu,PB,Nordeste,0,-7.4664,-34.8151
2141,2512002,Pocinhos,PB,Nordeste,0,-7.06658,-36.0668
0496,2512036,Poço Dantas,PB,Nordeste,0,-6.39876,-38.4909
0498,2512077,Poço de José de Moura,PB,Nordeste,0,-6.56401,-38.5111
2143,2512101,Pombal,PB,Nordeste,0,-6.76606,-37.8003
2145,2512200,Prata,PB,Nordeste,0,-7.68826,-37.0801
2147,2512309,Princesa Isabel,PB,Nordeste,0,-7.73175,-37.9886
2149,2512408,Puxinanã,PB,Nordeste,0,-7.15479,-35.9543
2151,2512507,Queimadas,PB,Nordeste,0,-7.35029,-35.9031
2153,2512606,Quixabá,PB,Nordeste,0,-7.0224,-37.1458
2155,2512705,Remígio,PB,Nordeste,0,-6.94992,-35.8011
0500,2512721,Pedro Régis,PB,Nordeste,0,-6.63323,-35.2966
0502,2512747,Riachão,PB,Nordeste,0,-6.54269,-35.661
0504,2512754,Riachão do Bacamarte,PB,Nordeste,0,-7.25347,-35.6693
0506,2512762,Riachão do Poço,PB,Nordeste,0,-7.14173,-35.2914
0508,2512788,Riacho de Santo Antônio,PB,Nordeste,0,-7.68023,-36.157
2157,2512804,Riacho dos Cavalos,PB,Nordeste,0,-6.44067,-37.6483
2159,2512903,Rio Tinto,PB,Nordeste,0,-6.80383,-35.0776
2161,2513000,Salgadinho,PB,Nordeste,0,-7.10098,-36.8458
2163,2513109,Salgado de São Félix,PB,Nordeste,0,-7.35337,-35.4305
0510,2513158,Santa Cecília,PB,Nordeste,0,-7.7389,-35.8764
2165,2513208,Santa Cruz,PB,Nordeste,0,-6.5237,-38.0617
2167,2513307,Santa Helena,PB,Nordeste,0,-6.7176,-38.6427
0512,2513356,Santa Inês,PB,Nordeste,0,-7.621,-38.554
2169,2513406,Santa Luzia,PB,Nordeste,0,-6.86092,-36.9178
2171,2513505,Santana de Mangueira,PB,Nordeste,0,-7.54705,-38.3236
2173,2513604,Santana dos Garrotes,PB,Nordeste,0,-7.38162,-37.9819
0514,2513653,Joca Claudino,PB,Nordeste,0,-6.48362,-38.4764
2175,2513703,Santa Rita,PB,Nordeste,0,-7.11724,-34.9753
2177,2513802,Santa Teresinha,PB,Nordeste,0,-7.07964,-37.4435
0516,2513851,Santo André,PB,Nordeste,0,-7.22016,-36.6213
2179,2513901,São Bento,PB,Nordeste,0,-6.48529,-37.4488
0518,2513927,São Bentinho,PB,Nordeste,0,-6.88596,-37.7243
0520,2513943,São Domingos do Cariri,PB,Nordeste,0,-7.63273,-36.4374
0522,2513968,São Domingos,PB,Nordeste,0,-6.80313,-37.9488
0524,2513984,São Francisco,PB,Nordeste,0,-6.60773,-38.0968
2181,2514008,São João do Cariri,PB,Nordeste,0,-7.38168,-36.5345
2183,2514107,São João do Tigre,PB,Nordeste,0,-8.07703,-36.8547
2185,2514206,São José da Lagoa Tapada,PB,Nordeste,0,-6.93646,-38.1622
2187,2514305,São José de Caiana,PB,Nordeste,0,-7.24636,-38.2989
2189,2514404,São José de Espinharas,PB,Nordeste,0,-6.83974,-37.3214
0526,2514453,São José dos Ramos,PB,Nordeste,0,-7.25238,-35.3725
2191,2514503,São José de Piranhas,PB,Nordeste,0,-7.1187,-38.502
0528,2514552,São José de Princesa,PB,Nordeste,0,-7.73633,-38.0894
2193,2514602,São José do Bonfim,PB,Nordeste,0,-7.1607,-37.3036
0530,2514651,São José do Brejo do Cruz,PB,Nordeste,0,-6.21054,-37.3601
2195,2514701,São José do Sabugi,PB,Nordeste,0,-6.76295,-36.7972
2197,2514800,São José dos Cordeiros,PB,Nordeste,0,-7.38775,-36.8085
2199,2514909,São Mamede,PB,Nordeste,0,-6.92386,-37.0954
2201,2515005,São Miguel de Taipu,PB,Nordeste,0,-7.24764,-35.2016
2203,2515104,São Sebastião de Lagoa de Roça,PB,Nordeste,0,-7.11034,-35.8678
2205,2515203,São Sebastião do Umbuzeiro,PB,Nordeste,0,-8.15289,-37.0138
2207,2515302,Sapé,PB,Nordeste,0,-7.09359,-35.228
2209,2515401,São Vicente do Seridó,PB,Nordeste,0,-6.85426,-36.4122
2211,2515500,Serra Branca,PB,Nordeste,0,-7.48034,-36.666
2213,2515609,Serra da Raiz,PB,Nordeste,0,-6.68527,-35.4379
2215,2515708,Serra Grande,PB,Nordeste,0,-7.20957,-38.3647
2217,2515807,Serra Redonda,PB,Nordeste,0,-7.18622,-35.6842
2219,2515906,Serraria,PB,Nordeste,0,-6.81569,-35.6282
0532,2515930,Sertãozinho,PB,Nordeste,0,-6.75127,-35.4372
0534,2515971,Sobrado,PB,Nordeste,0,-7.14429,-35.2357
2221,2516003,Solânea,PB,Nordeste,0,-6.75161,-35.6636
2223,2516102,Soledade,PB,Nordeste,0,-7.05829,-36.3668
0536,2516151,Sossêgo,PB,Nordeste,0,-6.77067,-36.2538
2225,2516201,Sousa,PB,Nordeste,0,-6.75148,-38.2311
2227,2516300,Sumé,PB,Nordeste,0,-7.66206,-36.884
2229,2516409,Tacima,PB,Nordeste,0,-6.48759,-35.6367
2231,2516508,Taperoá,PB,Nordeste,0,-7.20629,-36.8245
2233,2516607,Tavares,PB,Nordeste,0,-7.62697,-37.8712
2235,2516706,Teixeira,PB,Nordeste,0,-7.22104,-37.2525
0538,2516755,Tenório,PB,Nordeste,0,-6.93855,-36.6273
2237,2516805,Triunfo,PB,Nordeste,0,-6.5713,-38.5986
2239,2516904,Uiraúna,PB,Nordeste,0,-6.51504,-38.4128
2241,2517001,Umbuzeiro,PB,Nordeste,0,-7.69199,-35.6582
2243,2517100,Várzea,PB,Nordeste,0,-6.76189,-36.9913
0540,2517209,Vieirópolis,PB,Nordeste,0,-6.50684,-38.2567
0542,2517407,Zabelê,PB,Nordeste,0,-8.07901,-37.1057
2631,2600054,Abreu e Lima,PE,Nordeste,0,-7.90072,-34.8984
2301,2600104,Afogados da Ingazeira,PE,Nordeste,0,-7.74312,-37.631
2303,2600203,Afrânio,PE,Nordeste,0,-8.51136,-41.0095
2305,2600302,Agrestina,PE,Nordeste,0,-8.45966,-35.9447
2307,2600401,Água Preta,PE,Nordeste,0,-8.70609,-35.5263
2309,2600500,Águas Belas,PE,Nordeste,0,-9.11125,-37.1226
2311,2600609,Alagoinha,PE,Nordeste,0,-8.4665,-36.7788
2313,2600708,Aliança,PE,Nordeste,0,-7.60398,-35.2227
2315,2600807,Altinho,PE,Nordeste,0,-8.48482,-36.0644
2317,2600906,Amaraji,PE,Nordeste,0,-8.37691,-35.4501
2319,2601003,Angelim,PE,Nordeste,0,-8.88429,-36.2902
0544,2601052,Araçoiaba,PE,Nordeste,0,-7.78391,-35.0809
2321,2601102,Araripina,PE,Nordeste,0,-7.57073,-40.494
2323,2601201,Arcoverde,PE,Nordeste,0,-8.41519,-37.0577
2325,2601300,Barra de Guabiraba,PE,Nordeste,0,-8.42075,-35.6585
2327,2601409,Barreiros,PE,Nordeste,0,-8.81605,-35.1832
2329,2601508,Belém de Maria,PE,Nordeste,0,-8.62504,-35.8335
2331,2601607,Belém do São Francisco,PE,Nordeste,0,-8.75046,-38.9623
2333,2601706,Belo Jardim,PE,Nordeste,0,-8.3313,-36.4258
2335,2601805,Betânia,PE,Nordeste,0,-8.26787,-38.0345
2337,2601904,Bezerros,PE,Nordeste,0,-8.2328,-35.796
2339,2602001,Bodocó,PE,Nordeste,0,-7.77759,-39.9338
2341,2602100,Bom Conselho,PE,Nordeste,0,-9.16919,-36.6857
2343,2602209,Bom Jardim,PE,Nordeste,0,-7.79695,-35.5784
2345,2602308,Bonito,PE,Nordeste,0,-8.47163,-35.7292
2347,2602407,Brejão,PE,Nordeste,0,-9.02915,-36.566
2349,2602506,Brejinho,PE,Nordeste,0,-7.34694,-37.2865
2351,2602605,Brejo da Madre de Deus,PE,Nordeste,0,-8.14933,-36.3741
2353,2602704,Buenos Aires,PE,Nordeste,0,-7.72449,-35.3182
2355,2602803,Buíque,PE,Nordeste,0,-8.61954,-37.1606
2357,2602902,Cabo de Santo Agostinho,PE,Nordeste,0,-8.28218,-35.0253
2359,2603009,Cabrobó,PE,Nordeste,0,-8.50548,-39.3094
2361,2603108,Cachoeirinha,PE,Nordeste,0,-8.48668,-36.2402
2363,2603207,Caetés,PE,Nordeste,0,-8.7803,-36.6268
2365,2603306,Calçado,PE,Nordeste,0,-8.73108,-36.3366
2367,2603405,Calumbi,PE,Nordeste,0,-7.93551,-38.1482
2629,2603454,Camaragibe,PE,Nordeste,0,-8.02351,-34.9782
2369,2603504,Camocim de São Félix,PE,Nordeste,0,-8.35865,-35.7653
2371,2603603,Camutanga,PE,Nordeste,0,-7.40545,-35.2664
2373,2603702,Canhotinho,PE,Nordeste,0,-8.87652,-36.1979
2375,2603801,Capoeiras,PE,Nordeste,0,-8.73423,-36.6306
2377,2603900,Carnaíba,PE,Nordeste,0,-7.79342,-37.7946
2635,2603926,Carnaubeira da Penha,PE,Nordeste,0,-8.31799,-38.7512
2379,2604007,Carpina,PE,Nordeste,0,-7.84566,-35.2514
2381,2604106,Caruaru,PE,Nordeste,0,-8.28455,-35.9699
0546,2604155,Casinhas,PE,Nordeste,0,-7.74084,-35.7206
2383,2604205,Catende,PE,Nordeste,0,-8.67509,-35.7024
2385,2604304,Cedro,PE,Nordeste,0,-7.71179,-39.2367
2387,2604403,Chã de Alegria,PE,Nordeste,0,-8.00679,-35.204
2389,2604502,Chã Grande,PE,Nordeste,0,-8.23827,-35.4571
2391,2604601,Condado,PE,Nordeste,0,-7.58787,-35.0999
2393,2604700,Correntes,PE,Nordeste,0,-9.12117,-36.3244
2395,2604809,Cortês,PE,Nordeste,0,-8.47443,-35.5468
2397,2604908,Cumaru,PE,Nordeste,0,-8.00827,-35.6957
2399,2605004,Cupira,PE,Nordeste,0,-8.62432,-35.9518
2401,2605103,Custódia,PE,Nordeste,0,-8.08546,-37.6443
2299,2605152,Dormentes,PE,Nordeste,0,-8.44116,-40.7662
2403,2605202,Escada,PE,Nordeste,0,-8.35672,-35.2241
2405,2605301,Exu,PE,Nordeste,0,-7.50364,-39.7238
2407,2605400,Feira Nova,PE,Nordeste,0,-7.94704,-35.3801
3001,2605459,Fernando de Noronha,PE,Nordeste,0,-3.8396,-32.4107
2409,2605509,Ferreiros,PE,Nordeste,0,-7.44666,-35.2373
2411,2605608,Flores,PE,Nordeste,0,-7.85842,-37.9715
2413,2605707,Floresta,PE,Nordeste,0,-8.60307,-38.5687
2415,2605806,Frei Miguelinho,PE,Nordeste,0,-7.93918,-35.9113
2417,2605905,Gameleira,PE,Nordeste,0,-8.5798,-35.3846
2419,2606002,Garanhuns,PE,Nordeste,0,-8.88243,-36.4966
2421,2606101,Glória do Goitá,PE,Nordeste,0,-8.00568,-35.2904
2423,2606200,Goiana,PE,Nordeste,0,-7.5606,-34.9959
2425,2606309,Granito,PE,Nordeste,0,-7.70711,-39.615
2427,2606408,Gravatá,PE,Nordeste,0,-8.21118,-35.5675
2429,2606507,Iati,PE,Nordeste,0,-9.04559,-36.8498
2431,2606606,Ibimirim,PE,Nordeste,0,-8.54026,-37.7032
2433,2606705,Ibirajuba,PE,Nordeste,0,-8.57633,-36.1812
2435,2606804,Igarassu,PE,Nordeste,0,-7.82881,-34.9013
2437,2606903,Iguaracy,PE,Nordeste,0,-7.83222,-37.5082
2439,2607000,Inajá,PE,Nordeste,0,-8.90206,-37.8351
2441,2607109,Ingazeira,PE,Nordeste,0,-7.66909,-37.4576
2443,2607208,Ipojuca,PE,Nordeste,0,-8.39303,-35.0609
2445,2607307,Ipubi,PE,Nordeste,0,-7.64505,-40.1476
2447,2607406,Itacuruba,PE,Nordeste,0,-8.82231,-38.6975
2449,2607505,Itaíba,PE,Nordeste,0,-8.94569,-37.4173
2451,2607604,Ilha de Itamaracá,PE,Nordeste,0,-7.74766,-34.8303
2597,2607653,Itambé,PE,Nordeste,0,-7.41403,-35.0963
2453,2607703,Itapetim,PE,Nordeste,0,-7.37178,-37.1863
2633,2607752,Itapissuma,PE,Nordeste,0,-7.76798,-34.8971
2455,2607802,Itaquitinga,PE,Nordeste,0,-7.66373,-35.1002
2457,2607901,Jaboatão dos Guararapes,PE,Nordeste,0,-8.11298,-35.015
0548,2607950,Jaqueira,PE,Nordeste,0,-8.72618,-35.7942
2459,2608008,Jataúba,PE,Nordeste,0,-7.97668,-36.4943
0550,2608057,Jatobá,PE,Nordeste,0,-9.17476,-38.2607
2461,2608107,João Alfredo,PE,Nordeste,0,-7.86565,-35.5787
2463,2608206,Joaquim Nabuco,PE,Nordeste,0,-8.62281,-35.5288
2295,2608255,Jucati,PE,Nordeste,0,-8.70195,-36.4871
2465,2608305,Jupi,PE,Nordeste,0,-8.70904,-36.4126
2467,2608404,Jurema,PE,Nordeste,0,-8.70714,-36.1347
2289,2608453,Lagoa do Carro,PE,Nordeste,0,-7.84383,-35.3108
2469,2608503,Lagoa de Itaenga,PE,Nordeste,0,-7.93005,-35.2874
2471,2608602,Lagoa do Ouro,PE,Nordeste,0,-9.12567,-36.4584
2473,2608701,Lagoa dos Gatos,PE,Nordeste,0,-8.6602,-35.904
0552,2608750,Lagoa Grande,PE,Nordeste,0,-8.99452,-40.2767
2475,2608800,Lajedo,PE,Nordeste,0,-8.65791,-36.3293
2477,2608909,Limoeiro,PE,Nordeste,0,-7.8726,-35.4402
2479,2609006,Macaparana,PE,Nordeste,0,-7.55564,-35.4425
2481,2609105,Machados,PE,Nordeste,0,-7.68827,-35.5114
0554,2609154,Manari,PE,Nordeste,0,-8.9649,-37.6313
2483,2609204,Maraial,PE,Nordeste,0,-8.79062,-35.8266
2485,2609303,Mirandiba,PE,Nordeste,0,-8.12113,-38.7388
2487,2609402,Moreno,PE,Nordeste,0,-8.10871,-35.0835
2489,2609501,Nazaré da Mata,PE,Nordeste,0,-7.74149,-35.2193
2491,2609600,Olinda,PE,Nordeste,0,-8.01017,-34.8545
2493,2609709,Orobó,PE,Nordeste,0,-7.74553,-35.5956
2495,2609808,Orocó,PE,Nordeste,0,-8.61026,-39.6026
2497,2609907,Ouricuri,PE,Nordeste,0,-7.87918,-40.08
2499,2610004,Palmares,PE,Nordeste,0,-8.68423,-35.589
2501,2610103,Palmeirina,PE,Nordeste,0,-9.0109,-36.3242
2503,2610202,Panelas,PE,Nordeste,0,-8.66121,-36.0125
2505,2610301,Paranatama,PE,Nordeste,0,-8.91875,-36.6549
2507,2610400,Parnamirim,PE,Nordeste,0,-8.08729,-39.5795
2509,2610509,Passira,PE,Nordeste,0,-7.9971,-35.5813
2511,2610608,Paudalho,PE,Nordeste,0,-7.90287,-35.1716
2513,2610707,Paulista,PE,Nordeste,0,-7.93401,-34.8684
2515,2610806,Pedra,PE,Nordeste,0,-8.49641,-36.94
2517,2610905,Pesqueira,PE,Nordeste,0,-8.35797,-36.6978
2519,2611002,Petrolândia,PE,Nordeste,0,-9.06863,-38.3027
2521,2611101,Petrolina,PE,Nordeste,0,-9.38866,-40.5027
2523,2611200,Poção,PE,Nordeste,0,-8.18726,-36.7111
2525,2611309,Pombos,PE,Nordeste,0,-8.13982,-35.3967
2527,2611408,Primavera,PE,Nordeste,0,-8.32999,-35.3544
2529,2611507,Quipapá,PE,Nordeste,0,-8.81175,-36.0137
2637,2611533,Quixaba,PE,Nordeste,0,-7.70734,-37.8446
2531,2611606,Recife,PE,Nordeste,1,-8.04666,-34.8771
2533,2611705,Riacho das Almas,PE,Nordeste,0,-8.13742,-35.8648
2535,2611804,Ribeirão,PE,Nordeste,0,-8.50957,-35.3698
2537,2611903,Rio Formoso,PE,Nordeste,0,-8.6592,-35.1532
2539,2612000,Sairé,PE,Nordeste,0,-8.32864,-35.6967
2541,2612109,Salgadinho,PE,Nordeste,0,-7.9269,-35.6503
2543,2612208,Salgueiro,PE,Nordeste,0,-8.07373,-39.1247
2545,2612307,Saloá,PE,Nordeste,0,-8.9723,-36.691
2547,2612406,Sanharó,PE,Nordeste,0,-8.36097,-36.5696
2297,2612455,Santa Cruz,PE,Nordeste,0,-8.24153,-40.3434
2639,2612471,Santa Cruz da Baixa Verde,PE,Nordeste,0,-7.81339,-38.1476
2549,2612505,Santa Cruz do Capibaribe,PE,Nordeste,0,-7.94802,-36.2061
0556,2612554,Santa Filomena,PE,Nordeste,0,-8.16688,-40.6079
2551,2612604,Santa Maria da Boa Vista,PE,Nordeste,0,-8.79766,-39.8241
2553,2612703,Santa Maria do Cambucá,PE,Nordeste,0,-7.83676,-35.8941
2555,2612802,Santa Terezinha,PE,Nordeste,0,-7.37696,-37.4787
2557,2612901,São Benedito do Sul,PE,Nordeste,0,-8.8166,-35.9453
2559,2613008,São Bento do Una,PE,Nordeste,0,-8.52637,-36.4465
2561,2613107,São Caetano,PE,Nordeste,0,-8.33763,-36.2869
2563,2613206,São João,PE,Nordeste,0,-8.87576,-36.3653
2565,2613305,São Joaquim do Monte,PE,Nordeste,0,-8.43196,-35.8035
2567,2613404,São José da Coroa Grande,PE,Nordeste,0,-8.88937,-35.1515
2569,2613503,São José do Belmonte,PE,Nordeste,0,-7.85723,-38.7577
2571,2613602,São José do Egito,PE,Nordeste,0,-7.46945,-37.274
2573,2613701,São Lourenço da Mata,PE,Nordeste,0,-8.00684,-35.0124
2575,2613800,São Vicente Ferrer,PE,Nordeste,0,-7.58969,-35.4808
2577,2613909,Serra Talhada,PE,Nordeste,0,-7.98178,-38.289
2579,2614006,Serrita,PE,Nordeste,0,-7.94041,-39.2951
2581,2614105,Sertânia,PE,Nordeste,0,-8.06847,-37.2684
2583,2614204,Sirinhaém,PE,Nordeste,0,-8.58778,-35.1126
2585,2614303,Moreilândia,PE,Nordeste,0,-7.61931,-39.546
2587,2614402,Solidão,PE,Nordeste,0,-7.59472,-37.6445
2589,2614501,Surubim,PE,Nordeste,0,-7.84746,-35.7481
2591,2614600,Tabira,PE,Nordeste,0,-7.58366,-37.5377
2593,2614709,Tacaimbó,PE,Nordeste,0,-8.30867,-36.3
2595,2614808,Tacaratu,PE,Nordeste,0,-9.09798,-38.1504
0558,2614857,Tamandaré,PE,Nordeste,0,-8.75665,-35.1033
2599,2615003,Taquaritinga do Norte,PE,Nordeste,0,-7.89446,-36.0423
2601,2615102,Terezinha,PE,Nordeste,0,-9.05621,-36.6272
2603,2615201,Terra Nova,PE,Nordeste,0,-8.22244,-39.3825
2605,2615300,Timbaúba,PE,Nordeste,0,-7.50484,-35.3119
2607,2615409,Toritama,PE,Nordeste,0,-8.00955,-36.0637
2609,2615508,Tracunhaém,PE,Nordeste,0,-7.80228,-35.2314
2611,2615607,Trindade,PE,Nordeste,0,-7.759,-40.2647
2613,2615706,Triunfo,PE,Nordeste,0,-7.83272,-38.0978
2615,2615805,Tupanatinga,PE,Nordeste,0,-8.74798,-37.3445
2617,2615904,Tuparetama,PE,Nordeste,0,-7.6003,-37.3165
2619,2616001,Venturosa,PE,Nordeste,0,-8.57885,-36.8742
2621,2616100,Verdejante,PE,Nordeste,0,-7.92235,-38.9701
2291,2616183,Vertente do Lério,PE,Nordeste,0,-7.77084,-35.8491
2623,2616209,Vertentes,PE,Nordeste,0,-7.90158,-35.9681
2625,2616308,Vicência,PE,Nordeste,0,-7.65655,-35.3139
2627,2616407,Vitória de Santo Antão,PE,Nordeste,0,-8.12819,-35.2976
2293,2616506,Xexéu,PE,Nordeste,0,-8.8046,-35.6212
2701,2700102,Água Branca,AL,Nordeste,0,-9.262,-37.938
2703,2700201,Anadia,AL,Nordeste,0,-9.68489,-36.3078
2705,2700300,Arapiraca,AL,Nordeste,0,-9.75487,-36.6615
2707,2700409,Atalaia,AL,Nordeste,0,-9.5119,-36.0086
2709,2700508,Barra de Santo Antônio,AL,Nordeste,0,-9.4023,-35.5101
2711,2700607,Barra de São Miguel,AL,Nordeste,0,-9.83842,-35.9057
2713,2700706,Batalha,AL,Nordeste,0,-9.6742,-37.133
2715,2700805,Belém,AL,Nordeste,0,-9.57047,-36.4904
2717,2700904,Belo Monte,AL,Nordeste,0,-9.82272,-37.277
2719,2701001,Boca da Mata,AL,Nordeste,0,-9.64308,-36.2125
2721,2701100,Branquinha,AL,Nordeste,0,-9.23342,-36.0162
2723,2701209,Cacimbinhas,AL,Nordeste,0,-9.40121,-36.9911
2725,2701308,Cajueiro,AL,Nordeste,0,-9.3994,-36.1559
0560,2701357,Campestre,AL,Nordeste,0,-8.84723,-35.5685
2727,2701407,Campo Alegre,AL,Nordeste,0,-9.78451,-36.3525
2729,2701506,Campo Grande,AL,Nordeste,0,-9.95542,-36.7926
2731,2701605,Canapi,AL,Nordeste,0,-9.11932,-37.5967
2733,2701704,Capela,AL,Nordeste,0,-9.41504,-36.0826
2735,2701803,Carneiros,AL,Nordeste,0,-9.48476,-37.3773
2737,2701902,Chã Preta,AL,Nordeste,0,-9.2556,-36.2983
2739,2702009,Coité do Nóia,AL,Nordeste,0,-9.63348,-36.5845
2741,2702108,Colônia Leopoldina,AL,Nordeste,0,-8.91806,-35.7214
2743,2702207,Coqueiro Seco,AL,Nordeste,0,-9.63715,-35.7994
2745,2702306,Coruripe,AL,Nordeste,0,-10.1276,-36.1717
2889,2702355,Craíbas,AL,Nordeste,0,-9.6178,-36.7697
2747,2702405,Delmiro Gouveia,AL,Nordeste,0,-9.38534,-37.9987
2749,2702504,Dois Riachos,AL,Nordeste,0,-9.38465,-37.0965
2643,2702553,Estrela de Alagoas,AL,Nordeste,0,-9.39089,-36.7644
2751,2702603,Feira Grande,AL,Nordeste,0,-9.89859,-36.6815
2753,2702702,Feliz Deserto,AL,Nordeste,0,-10.2935,-36.3028
2755,2702801,Flexeiras,AL,Nordeste,0,-9.27281,-35.7139
2757,2702900,Girau do Ponciano,AL,Nordeste,0,-9.88404,-36.8316
2759,2703007,Ibateguara,AL,Nordeste,0,-8.97823,-35.9373
2761,2703106,Igaci,AL,Nordeste,0,-9.53768,-36.6372
2763,2703205,Igreja Nova,AL,Nordeste,0,-10.1235,-36.6597
2765,2703304,Inhapi,AL,Nordeste,0,-9.22594,-37.7509
2767,2703403,Jacaré dos Homens,AL,Nordeste,0,-9.63545,-37.2076
2769,2703502,Jacuípe,AL,Nordeste,0,-8.83951,-35.4591
2771,2703601,Japaratinga,AL,Nordeste,0,-9.08746,-35.2634
2773,2703700,Jaramataia,AL,Nordeste,0,-9.66224,-37.0046
0562,2703759,Jequiá da Praia,AL,Nordeste,0,-10.0133,-36.0142
2775,2703809,Joaquim Gomes,AL,Nordeste,0,-9.1328,-35.7474
2777,2703908,Jundiá,AL,Nordeste,0,-8.93297,-35.5669
2779,2704005,Junqueiro,AL,Nordeste,0,-9.90696,-36.4803
2781,2704104,Lagoa da Canoa,AL,Nordeste,0,-9.83291,-36.7413
2783,2704203,Limoeiro de Anadia,AL,Nordeste,0,-9.74098,-36.5121
2785,2704302,Maceió,AL,Nordeste,1,-9.66599,-35.735
2787,2704401,Major Isidoro,AL,Nordeste,0,-9.53009,-36.992
2789,2704500,Maragogi,AL,Nordeste,0,-9.00744,-35.2267
2791,2704609,Maravilha,AL,Nordeste,0,-9.23045,-37.3524
2793,2704708,Marechal Deodoro,AL,Nordeste,0,-9.70971,-35.8967
2795,2704807,Maribondo,AL,Nordeste,0,-9.58353,-36.3045
2797,2704906,Mar Vermelho,AL,Nordeste,0,-9.44739,-36.3881
2799,2705002,Mata Grande,AL,Nordeste,0,-9.11824,-37.7323
2801,2705101,Matriz de Camaragibe,AL,Nordeste,0,-9.15437,-35.5243
2803,2705200,Messias,AL,Nordeste,0,-9.39384,-35.8392
2805,2705309,Minador do Negrão,AL,Nordeste,0,-9.31236,-36.8696
2807,2705408,Monteirópolis,AL,Nordeste,0,-9.60357,-37.2505
2809,2705507,Murici,AL,Nordeste,0,-9.30682,-35.9428
2811,2705606,Novo Lino,AL,Nordeste,0,-8.94191,-35.664
2813,2705705,Olho d'Água das Flores,AL,Nordeste,0,-9.53686,-37.2971
2815,2705804,Olho d'Água do Casado,AL,Nordeste,0,-9.50357,-37.8301
2817,2705903,Olho d'Água Grande,AL,Nordeste,0,-10.0572,-36.8101
2819,2706000,Olivença,AL,Nordeste,0,-9.51954,-37.1954
2821,2706109,Ouro Branco,AL,Nordeste,0,-9.15884,-37.3556
2823,2706208,Palestina,AL,Nordeste,0,-9.67493,-37.339
2825,2706307,Palmeira dos Índios,AL,Nordeste,0,-9.40568,-36.6328
2827,2706406,Pão de Açúcar,AL,Nordeste,0,-9.74032,-37.4403
2645,2706422,Pariconha,AL,Nordeste,0,-9.25634,-37.9988
2641,2706448,Paripueira,AL,Nordeste,0,-9.46313,-35.552
2829,2706505,Passo de Camaragibe,AL,Nordeste,0,-9.24511,-35.4745
2831,2706604,Paulo Jacinto,AL,Nordeste,0,-9.36792,-36.3672
2833,2706703,Penedo,AL,Nordeste,0,-10.2874,-36.5819
2835,2706802,Piaçabuçu,AL,Nordeste,0,-10.406,-36.434
2837,2706901,Pilar,AL,Nordeste,0,-9.60135,-35.9543
2839,2707008,Pindoba,AL,Nordeste,0,-9.47382,-36.2918
2841,2707107,Piranhas,AL,Nordeste,0,-9.624,-37.757
2843,2707206,Poço das Trincheiras,AL,Nordeste,0,-9.30742,-37.2889
2845,2707305,Porto Calvo,AL,Nordeste,0,-9.05195,-35.3987
2847,2707404,Porto de Pedras,AL,Nordeste,0,-9.16006,-35.3049
2849,2707503,Porto Real do Colégio,AL,Nordeste,0,-10.1849,-36.8376
2851,2707602,Quebrangulo,AL,Nordeste,0,-9.32001,-36.4692
2853,2707701,Rio Largo,AL,Nordeste,0,-9.47783,-35.8394
2855,2707800,Roteiro,AL,Nordeste,0,-9.83503,-35.9782
2857,2707909,Santa Luzia do Norte,AL,Nordeste,0,-9.6037,-35.8232
2859,2708006,Santana do Ipanema,AL,Nordeste,0,-9.36999,-37.248
2861,2708105,Santana do Mundaú,AL,Nordeste,0,-9.17141,-36.2176
2863,2708204,São Brás,AL,Nordeste,0,-10.1141,-36.8522
2865,2708303,São José da Laje,AL,Nordeste,0,-9.01278,-36.0515
2867,2708402,São José da Tapera,AL,Nordeste,0,-9.55768,-37.3831
2869,2708501,São Luís do Quitunde,AL,Nordeste,0,-9.31816,-35.5606
2871,2708600,São Miguel dos Campos,AL,Nordeste,0,-9.78301,-36.0971
2873,2708709,São Miguel dos Milagres,AL,Nordeste,0,-9.26493,-35.3763
2875,2708808,São Sebastião,AL,Nordeste,0,-9.93043,-36.559
2877,2708907,Satuba,AL,Nordeste,0,-9.56911,-35.8227
2891,2708956,Senador Rui Palmeira,AL,Nordeste,0,-9.46986,-37.4576
2879,2709004,Tanque d'Arca,AL,Nordeste,0,-9.53379,-36.4366
2881,2709103,Taquarana,AL,Nordeste,0,-9.64529,-36.4928
0971,2709152,Teotônio Vilela,AL,Nordeste,0,-9.91656,-36.3492
2883,2709202,Traipu,AL,Nordeste,0,-9.96262,-37.0071
2885,2709301,União dos Palmares,AL,Nordeste,0,-9.15921,-36.0223
2887,2709400,Viçosa,AL,Nordeste,0,-9.36763,-36.2431
3101,2800100,Amparo de São Francisco,SE,Nordeste,0,-10.1348,-36.935
3103,2800209,Aquidabã,SE,Nordeste,0,-10.278,-37.0148
3105,2800308,Aracaju,SE,Nordeste,1,-10.9091,-37.0677
3107,2800407,Arauá,SE,Nordeste,0,-11.2614,-37.6201
3109,2800506,Areia Branca,SE,Nordeste,0,-10.758,-37.3251
3111,2800605,Barra dos Coqueiros,SE,Nordeste,0,-10.8996,-37.0323
3115,2800670,Boquim,SE,Nordeste,0,-11.1397,-37.6195
3113,2800704,Brejo Grande,SE,Nordeste,0,-10.4297,-36.4611
3119,2801009,Campo do Brito,SE,Nordeste,0,-10.7392,-37.4954
3121,2801108,Canhoba,SE,Nordeste,0,-10.1365,-36.9806
3123,2801207,Canindé de São Francisco,SE,Nordeste,0,-9.64882,-37.7923
3125,2801306,Capela,SE,Nordeste,0,-10.5069,-37.0628
3127,2801405,Carira,SE,Nordeste,0,-10.3524,-37.7002
3129,2801504,Carmópolis,SE,Nordeste,0,-10.6449,-36.9887
3131,2801603,Cedro de São João,SE,Nordeste,0,-10.2534,-36.8856
3133,2801702,Cristinápolis,SE,Nordeste,0,-11.4668,-37.7585
3137,2801900,Cumbe,SE,Nordeste,0,-10.352,-37.1846
3139,2802007,Divina Pastora,SE,Nordeste,0,-10.6782,-37.1506
3141,2802106,Estância,SE,Nordeste,0,-11.2659,-37.4484
3143,2802205,Feira Nova,SE,Nordeste,0,-10.2616,-37.3147
3145,2802304,Frei Paulo,SE,Nordeste,0,-10.5513,-37.5279
3149,2802403,Gararu,SE,Nordeste,0,-9.9722,-37.0869
3147,2802502,General Maynard,SE,Nordeste,0,-10.6835,-36.9838
3151,2802601,Gracho Cardoso,SE,Nordeste,0,-10.2252,-37.2006
3153,2802700,Ilha das Flores,SE,Nordeste,0,-10.4425,-36.5479
3155,2802809,Indiaroba,SE,Nordeste,0,-11.5157,-37.515
3157,2802908,Itabaiana,SE,Nordeste,0,-10.6826,-37.4273
3159,2803005,Itabaianinha,SE,Nordeste,0,-11.2693,-37.7875
3161,2803104,Itabi,SE,Nordeste,0,-10.1248,-37.1056
3163,2803203,Itaporanga d'Ajuda,SE,Nordeste,0,-10.99,-37.3078
3165,2803302,Japaratuba,SE,Nordeste,0,-10.5849,-36.9418
3167,2803401,Japoatã,SE,Nordeste,0,-10.3477,-36.8045
3169,2803500,Lagarto,SE,Nordeste,0,-10.9136,-37.6689
3171,2803609,Laranjeiras,SE,Nordeste,0,-10.7981,-37.1731
3173,2803708,Macambira,SE,Nordeste,0,-10.6619,-37.5413
3175,2803807,Malhada dos Bois,SE,Nordeste,0,-10.3418,-36.9252
3177,2803906,Malhador,SE,Nordeste,0,-10.6649,-37.3004
3179,2804003,Maruim,SE,Nordeste,0,-10.7308,-37.0856
3181,2804102,Moita Bonita,SE,Nordeste,0,-10.5769,-37.3512
3183,2804201,Monte Alegre de Sergipe,SE,Nordeste,0,-10.0256,-37.5616
3185,2804300,Muribeca,SE,Nordeste,0,-10.4271,-36.9588
3187,2804409,Neópolis,SE,Nordeste,0,-10.3215,-36.585
3135,2804458,Nossa Senhora Aparecida,SE,Nordeste,0,-10.3944,-37.4517
3189,2804508,Nossa Senhora da Glória,SE,Nordeste,0,-10.2158,-37.4211
3191,2804607,Nossa Senhora das Dores,SE,Nordeste,0,-10.4854,-37.1963
3193,2804706,Nossa Senhora de Lourdes,SE,Nordeste,0,-10.0772,-37.0615
3195,2804805,Nossa Senhora do Socorro,SE,Nordeste,0,-10.8468,-37.1231
3197,2804904,Pacatuba,SE,Nordeste,0,-10.4538,-36.6531
3199,2805000,Pedra Mole,SE,Nordeste,0,-10.6134,-37.6922
3201,2805109,Pedrinhas,SE,Nordeste,0,-11.1902,-37.6775
3203,2805208,Pinhão,SE,Nordeste,0,-10.5677,-37.7242
3205,2805307,Pirambu,SE,Nordeste,0,-10.7215,-36.8544
3207,2805406,Poço Redondo,SE,Nordeste,0,-9.80616,-37.6833
3209,2805505,Poço Verde,SE,Nordeste,0,-10.7151,-38.1813
3211,2805604,Porto da Folha,SE,Nordeste,0,-9.91626,-37.2842
3213,2805703,Propriá,SE,Nordeste,0,-10.2138,-36.8442
3215,2805802,Riachão do Dantas,SE,Nordeste,0,-11.0729,-37.731
3217,2805901,Riachuelo,SE,Nordeste,0,-10.735,-37.1966
3219,2806008,Ribeirópolis,SE,Nordeste,0,-10.5357,-37.438
3221,2806107,Rosário do Catete,SE,Nordeste,0,-10.6904,-37.0357
3223,2806206,Salgado,SE,Nordeste,0,-11.0288,-37.4804
3225,2806305,Santa Luzia do Itanhy,SE,Nordeste,0,-11.3536,-37.4586
2647,2806404,Santana do São Francisco,SE,Nordeste,0,-10.2922,-36.6105
3229,2806503,Santa Rosa de Lima,SE,Nordeste,0,-10.6434,-37.1931
3231,2806602,Santo Amaro das Brotas,SE,Nordeste,0,-10.7892,-37.0564
3233,2806701,São Cristóvão,SE,Nordeste,0,-11.0084,-37.2044
3235,2806800,São Domingos,SE,Nordeste,0,-10.7916,-37.5685
3237,2806909,São Francisco,SE,Nordeste,0,-10.3442,-36.8869
3239,2807006,São Miguel do Aleixo,SE,Nordeste,0,-10.3847,-37.3836
3241,2807105,Simão Dias,SE,Nordeste,0,-10.7387,-37.8097
3243,2807204,Siriri,SE,Nordeste,0,-10.5965,-37.1131
3245,2807303,Telha,SE,Nordeste,0,-10.2064,-36.8818
3247,2807402,Tobias Barreto,SE,Nordeste,0,-11.1798,-37.9995
3249,2807501,Tomar do Geru,SE,Nordeste,0,-11.3694,-37.8433
3251,2807600,Umbaúba,SE,Nordeste,0,-11.3809,-37.6623
3301,2900108,Abaíra,BA,Nordeste,0,-13.2488,-41.6619
3303,2900207,Abaré,BA,Nordeste,0,-8.72073,-39.1162
3305,2900306,Acajutiba,BA,Nordeste,0,-11.6575,-38.0197
3253,2900355,Adustina,BA,Nordeste,0,-10.5437,-38.1113
3307,2900405,Água Fria,BA,Nordeste,0,-11.8618,-38.7639
3309,2900504,Érico Cardoso,BA,Nordeste,0,-13.4215,-42.1352
3311,2900603,Aiquara,BA,Nordeste,0,-14.1269,-39.8937
3313,2900702,Alagoinhas,BA,Nordeste,0,-12.1335,-38.4208
3315,2900801,Alcobaça,BA,Nordeste,0,-17.5195,-39.2036
3317,2900900,Almadina,BA,Nordeste,0,-14.7089,-39.6415
3319,2901007,Amargosa,BA,Nordeste,0,-13.0215,-39.602
3321,2901106,Amélia Rodrigues,BA,Nordeste,0,-12.3914,-38.7563
3071,2901155,América Dourada,BA,Nordeste,0,-11.4429,-41.439
3323,2901205,Anagé,BA,Nordeste,0,-14.6151,-41.1356
3325,2901304,Andaraí,BA,Nordeste,0,-12.8049,-41.3297
3255,2901353,Andorinha,BA,Nordeste,0,-10.3482,-39.8391
3327,2901403,Angical,BA,Nordeste,0,-12.0063,-44.7003
3329,2901502,Anguera,BA,Nordeste,0,-12.1462,-39.2462
3331,2901601,Antas,BA,Nordeste,0,-10.3856,-38.3401
3333,2901700,Antônio Cardoso,BA,Nordeste,0,-12.4335,-39.1176
3335,2901809,Antônio Gonçalves,BA,Nordeste,0,-10.5767,-40.2785
3337,2901908,Aporá,BA,Nordeste,0,-11.6577,-38.0814
3257,2901957,Apuarema,BA,Nordeste,0,-13.8542,-39.7501
3339,2902005,Aracatu,BA,Nordeste,0,-14.428,-41.4648
3259,2902054,Araças,BA,Nordeste,0,-12.22,-38.2027
3341,2902104,Araci,BA,Nordeste,0,-11.3253,-38.9584
3343,2902203,Aramari,BA,Nordeste,0,-12.0884,-38.4969
3073,2902252,Arataca,BA,Nordeste,0,-15.2651,-39.419
3345,2902302,Aratuípe,BA,Nordeste,0,-13.0716,-39.0038
3347,2902401,Aurelino Leal,BA,Nordeste,0,-14.321,-39.329
3349,2902500,Baianópolis,BA,Nordeste,0,-12.3016,-44.5388
3351,2902609,Baixa Grande,BA,Nordeste,0,-11.9519,-40.169
3261,2902658,Banzaê,BA,Nordeste,0,-10.5788,-38.6212
3353,2902708,Barra,BA,Nordeste,0,-11.0859,-43.1459
3355,2902807,Barra da Estiva,BA,Nordeste,0,-13.6237,-41.3347
3357,2902906,Barra do Choça,BA,Nordeste,0,-14.8654,-40.5791
3359,2903003,Barra do Mendes,BA,Nordeste,0,-11.81,-42.059
3361,2903102,Barra do Rocha,BA,Nordeste,0,-14.2,-39.5991
3363,2903201,Barreiras,BA,Nordeste,0,-12.1439,-44.9968
3075,2903235,Barro Alto,BA,Nordeste,0,-11.7605,-41.9054
1110,2903276,Barrocas,BA,Nordeste,0,-11.5272,-39.0776
3365,2903300,Barro Preto,BA,Nordeste,0,-14.7948,-39.476
3367,2903409,Belmonte,BA,Nordeste,0,-15.8608,-38.8758
3369,2903508,Belo Campo,BA,Nordeste,0,-15.0334,-41.2652
3371,2903607,Biritinga,BA,Nordeste,0,-11.6072,-38.8051
3373,2903706,Boa Nova,BA,Nordeste,0,-14.3598,-40.2064
3375,2903805,Boa Vista do Tupim,BA,Nordeste,0,-12.6498,-40.6064
3377,2903904,Bom Jesus da Lapa,BA,Nordeste,0,-13.2506,-43.4108
3263,2903953,Bom Jesus da Serra,BA,Nordeste,0,-14.3663,-40.5126
3379,2904001,Boninal,BA,Nordeste,0,-12.7069,-41.8286
3265,2904050,Bonito,BA,Nordeste,0,-11.9668,-41.2647
3381,2904100,Boquira,BA,Nordeste,0,-12.8205,-42.7324
3383,2904209,Botuporã,BA,Nordeste,0,-13.3772,-42.5163
3385,2904308,Brejões,BA,Nordeste,0,-13.1039,-39.7988
3387,2904407,Brejolândia,BA,Nordeste,0,-12.4815,-43.9679
3389,2904506,Brotas de Macaúbas,BA,Nordeste,0,-11.9915,-42.6326
3391,2904605,Brumado,BA,Nordeste,0,-14.2021,-41.6696
3393,2904704,Buerarema,BA,Nordeste,0,-14.9595,-39.3028
3079,2904753,Buritirama,BA,Nordeste,0,-10.7171,-43.6302
3395,2904803,Caatiba,BA,Nordeste,0,-14.9699,-40.4092
3267,2904852,Cabaceiras do Paraguaçu,BA,Nordeste,0,-12.5317,-39.1902
3397,2904902,Cachoeira,BA,Nordeste,0,-12.5994,-38.9587
3399,2905008,Caculé,BA,Nordeste,0,-14.5003,-42.2229
3401,2905107,Caém,BA,Nordeste,0,-11.0677,-40.432
3269,2905156,Caetanos,BA,Nordeste,0,-14.3347,-40.9175
3403,2905206,Caetité,BA,Nordeste,0,-14.0684,-42.4861
3405,2905305,Cafarnaum,BA,Nordeste,0,-11.6914,-41.4688
3407,2905404,Cairu,BA,Nordeste,0,-13.4904,-39.0465
3409,2905503,Caldeirão Grande,BA,Nordeste,0,-11.0208,-40.2956
3411,2905602,Camacan,BA,Nordeste,0,-15.4142,-39.4919
3413,2905701,Camaçari,BA,Nordeste,0,-12.6996,-38.3263
3415,2905800,Camamu,BA,Nordeste,0,-13.9398,-39.1071
3417,2905909,Campo Alegre de Lourdes,BA,Nordeste,0,-9.52221,-43.0126
3419,2906006,Campo Formoso,BA,Nordeste,0,-10.5105,-40.32
3421,2906105,Canápolis,BA,Nordeste,0,-13.0725,-44.201
3423,2906204,Canarana,BA,Nordeste,0,-11.6858,-41.7677
3425,2906303,Canavieiras,BA,Nordeste,0,-15.6722,-38.9536
3427,2906402,Candeal,BA,Nordeste,0,-11.8049,-39.1203
3429,2906501,Candeias,BA,Nordeste,0,-12.6716,-38.5472
3431,2906600,Candiba,BA,Nordeste,0,-14.4097,-42.8667
3433,2906709,Cândido Sales,BA,Nordeste,0,-15.4993,-41.2414
3435,2906808,Cansanção,BA,Nordeste,0,-10.6647,-39.4944
3085,2906824,Canudos,BA,Nordeste,0,-9.90014,-39.1471
3081,2906857,Capela do Alto Alegre,BA,Nordeste,0,-11.6658,-39.8349
3083,2906873,Capim Grosso,BA,Nordeste,0,-11.3797,-40.0089
3271,2906899,Caraíbas,BA,Nordeste,0,-14.7177,-41.2603
3437,2906907,Caravelas,BA,Nordeste,0,-17.7268,-39.2597
3439,2907004,Cardeal da Silva,BA,Nordeste,0,-11.9472,-37.9469
3441,2907103,Carinhanha,BA,Nordeste,0,-14.2985,-43.7724
3443,2907202,Casa Nova,BA,Nordeste,0,-9.16408,-40.974
3445,2907301,Castro Alves,BA,Nordeste,0,-12.7579,-39.4248
3447,2907400,Catolândia,BA,Nordeste,0,-12.31,-44.8648
3449,2907509,Catu,BA,Nordeste,0,-12.3513,-38.3791
3273,2907558,Caturama,BA,Nordeste,0,-13.3239,-42.2904
3451,2907608,Central,BA,Nordeste,0,-11.1376,-42.1116
3453,2907707,Chorrochó,BA,Nordeste,0,-8.9695,-39.0979
3455,2907806,Cícero Dantas,BA,Nordeste,0,-10.5897,-38.3794
3457,2907905,Cipó,BA,Nordeste,0,-11.1032,-38.5179
3459,2908002,Coaraci,BA,Nordeste,0,-14.637,-39.5556
3461,2908101,Cocos,BA,Nordeste,0,-14.1814,-44.5352
3463,2908200,Conceição da Feira,BA,Nordeste,0,-12.5078,-38.9978
3465,2908309,Conceição do Almeida,BA,Nordeste,0,-12.7836,-39.1715
3467,2908408,Conceição do Coité,BA,Nordeste,0,-11.56,-39.2808
3469,2908507,Conceição do Jacuípe,BA,Nordeste,0,-12.3268,-38.7684
3471,2908606,Conde,BA,Nordeste,0,-11.8179,-37.6131
3473,2908705,Condeúba,BA,Nordeste,0,-14.9022,-41.9718
3475,2908804,Contendas do Sincorá,BA,Nordeste,0,-13.7537,-41.048
3477,2908903,Coração de Maria,BA,Nordeste,0,-12.2333,-38.7487
3479,2909000,Cordeiros,BA,Nordeste,0,-15.0356,-41.9308
3481,2909109,Coribe,BA,Nordeste,0,-13.8232,-44.4586
3483,2909208,Coronel João Sá,BA,Nordeste,0,-10.2847,-37.9198
3485,2909307,Correntina,BA,Nordeste,0,-13.3477,-44.6333
3487,2909406,Cotegipe,BA,Nordeste,0,-12.0228,-44.2566
3489,2909505,Cravolândia,BA,Nordeste,0,-13.3531,-39.8031
3491,2909604,Crisópolis,BA,Nordeste,0,-11.5059,-38.1515
3493,2909703,Cristópolis,BA,Nordeste,0,-12.2249,-44.4214
3495,2909802,Cruz das Almas,BA,Nordeste,0,-12.6675,-39.1008
3497,2909901,Curaçá,BA,Nordeste,0,-8.98458,-39.8997
3499,2910008,Dário Meira,BA,Nordeste,0,-14.4229,-39.9031
3087,2910057,Dias d'Ávila,BA,Nordeste,0,-12.6187,-38.2926
3501,2910107,Dom Basílio,BA,Nordeste,0,-13.7565,-41.7677
3503,2910206,Dom Macedo Costa,BA,Nordeste,0,-12.9016,-39.1923
3505,2910305,Elísio Medrado,BA,Nordeste,0,-12.9417,-39.5191
3507,2910404,Encruzilhada,BA,Nordeste,0,-15.5302,-40.9124
3509,2910503,Entre Rios,BA,Nordeste,0,-11.9392,-38.0871
3511,2910602,Esplanada,BA,Nordeste,0,-11.7942,-37.9432
3513,2910701,Euclides da Cunha,BA,Nordeste,0,-10.5078,-39.0153
3117,2910727,Eunápolis,BA,Nordeste,0,-16.3715,-39.5821
3089,2910750,Fátima,BA,Nordeste,0,-10.616,-38.2239
3275,2910776,Feira da Mata,BA,Nordeste,0,-14.2044,-44.2744
3515,2910800,Feira de Santana,BA,Nordeste,0,-12.2664,-38.9663
3091,2910859,Filadélfia,BA,Nordeste,0,-10.7405,-40.1437
3517,2910909,Firmino Alves,BA,Nordeste,0,-14.9823,-39.9269
3519,2911006,Floresta Azul,BA,Nordeste,0,-14.8629,-39.6579
3521,2911105,Formosa do Rio Preto,BA,Nordeste,0,-11.0328,-45.193
3523,2911204,Gandu,BA,Nordeste,0,-13.7441,-39.4747
3093,2911253,Gavião,BA,Nordeste,0,-11.4688,-39.7757
3525,2911303,Gentio do Ouro,BA,Nordeste,0,-11.4342,-42.5077
3527,2911402,Glória,BA,Nordeste,0,-9.34382,-38.2544
3529,2911501,Gongogi,BA,Nordeste,0,-14.3195,-39.469
3531,2911600,Governador Mangabeira,BA,Nordeste,0,-12.5994,-39.0412
3095,2911659,Guajeru,BA,Nordeste,0,-14.5467,-41.9381
3533,2911709,Guanambi,BA,Nordeste,0,-14.2231,-42.7799
3535,2911808,Guaratinga,BA,Nordeste,0,-16.5833,-39.7847
3097,2911857,Heliópolis,BA,Nordeste,0,-10.6825,-38.2907
3537,2911907,Iaçu,BA,Nordeste,0,-12.7666,-40.2056
3539,2912004,Ibiassucê,BA,Nordeste,0,-14.2711,-42.257
3541,2912103,Ibicaraí,BA,Nordeste,0,-14.8579,-39.5914
3543,2912202,Ibicoara,BA,Nordeste,0,-13.4059,-41.284
3545,2912301,Ibicuí,BA,Nordeste,0,-14.845,-39.9879
3547,2912400,Ibipeba,BA,Nordeste,0,-11.6438,-42.0195
3551,2912509,Ibipitanga,BA,Nordeste,0,-12.8804,-42.4856
3553,2912608,Ibiquera,BA,Nordeste,0,-12.6444,-40.9338
3555,2912707,Ibirapitanga,BA,Nordeste,0,-14.1649,-39.3787
3557,2912806,Ibirapuã,BA,Nordeste,0,-17.6832,-40.1129
3559,2912905,Ibirataia,BA,Nordeste,0,-14.0643,-39.6459
3561,2913002,Ibitiara,BA,Nordeste,0,-12.6502,-42.2179
3563,2913101,Ibititá,BA,Nordeste,0,-11.5414,-41.9748
3565,2913200,Ibotirama,BA,Nordeste,0,-12.1779,-43.2167
3567,2913309,Ichu,BA,Nordeste,0,-11.7431,-39.1905
3569,2913408,Igaporã,BA,Nordeste,0,-13.774,-42.7155
3277,2913457,Igrapiúna,BA,Nordeste,0,-13.8295,-39.1361
3571,2913507,Iguaí,BA,Nordeste,0,-14.7528,-40.0894
3573,2913606,Ilhéus,BA,Nordeste,0,-14.793,-39.046
3575,2913705,Inhambupe,BA,Nordeste,0,-11.781,-38.355
3577,2913804,Ipecaetá,BA,Nordeste,0,-12.3028,-39.3069
3579,2913903,Ipiaú,BA,Nordeste,0,-14.1226,-39.7353
3581,2914000,Ipirá,BA,Nordeste,0,-12.1561,-39.7359
3583,2914109,Ipupiara,BA,Nordeste,0,-11.8219,-42.6179
3585,2914208,Irajuba,BA,Nordeste,0,-13.2563,-40.0848
3587,2914307,Iramaia,BA,Nordeste,0,-13.2902,-40.9595
3589,2914406,Iraquara,BA,Nordeste,0,-12.2429,-41.6155
3591,2914505,Irará,BA,Nordeste,0,-12.0504,-38.7631
3593,2914604,Irecê,BA,Nordeste,0,-11.3033,-41.8535
3279,2914653,Itabela,BA,Nordeste,0,-16.5732,-39.5593
3595,2914703,Itaberaba,BA,Nordeste,0,-12.5242,-40.3059
3597,2914802,Itabuna,BA,Nordeste,0,-14.7876,-39.2781
3599,2914901,Itacaré,BA,Nordeste,0,-14.2784,-38.9959
3601,2915007,Itaeté,BA,Nordeste,0,-12.9831,-40.9677
3603,2915106,Itagi,BA,Nordeste,0,-14.1615,-40.0131
3605,2915205,Itagibá,BA,Nordeste,0,-14.2782,-39.8449
3607,2915304,Itagimirim,BA,Nordeste,0,-16.0819,-39.6133
3281,2915353,Itaguaçu da Bahia,BA,Nordeste,0,-11.0147,-42.3997
3609,2915403,Itaju do Colônia,BA,Nordeste,0,-15.1366,-39.7283
3611,2915502,Itajuípe,BA,Nordeste,0,-14.6788,-39.3698
3613,2915601,Itamaraju,BA,Nordeste,0,-17.0378,-39.5386
3615,2915700,Itamari,BA,Nordeste,0,-13.7782,-39.683
3617,2915809,Itambé,BA,Nordeste,0,-15.2429,-40.63
3619,2915908,Itanagra,BA,Nordeste,0,-12.2614,-38.0436
3621,2916005,Itanhém,BA,Nordeste,0,-17.1642,-40.3321
3623,2916104,Itaparica,BA,Nordeste,0,-12.8932,-38.68
3625,2916203,Itapé,BA,Nordeste,0,-14.8876,-39.4239
3627,2916302,Itapebi,BA,Nordeste,0,-15.9551,-39.5329
3629,2916401,Itapetinga,BA,Nordeste,0,-15.2475,-40.2482
3631,2916500,Itapicuru,BA,Nordeste,0,-11.3088,-38.2262
3633,2916609,Itapitanga,BA,Nordeste,0,-14.4139,-39.5657
3635,2916708,Itaquara,BA,Nordeste,0,-13.4459,-39.9378
3637,2916807,Itarantim,BA,Nordeste,0,-15.6528,-40.065
3283,2916856,Itatim,BA,Nordeste,0,-12.7099,-39.6952
3639,2916906,Itiruçu,BA,Nordeste,0,-13.529,-40.1472
3641,2917003,Itiúba,BA,Nordeste,0,-10.6948,-39.8446
3643,2917102,Itororó,BA,Nordeste,0,-15.11,-40.0684
3645,2917201,Ituaçu,BA,Nordeste,0,-13.8107,-41.3003
3647,2917300,Ituberá,BA,Nordeste,0,-13.7249,-39.1481
3285,2917334,Iuiú,BA,Nordeste,0,-14.4054,-43.5595
9859,2917359,Jaborandi,BA,Nordeste,0,-13.6071,-44.4255
3649,2917409,Jacaraci,BA,Nordeste,0,-14.8541,-42.4329
3651,2917508,Jacobina,BA,Nordeste,0,-11.1812,-40.5117
3653,2917607,Jaguaquara,BA,Nordeste,0,-13.5248,-39.964
3655,2917706,Jaguarari,BA,Nordeste,0,-10.2569,-40.1999
3657,2917805,Jaguaripe,BA,Nordeste,0,-13.1109,-38.8939
3659,2917904,Jandaíra,BA,Nordeste,0,-11.5616,-37.7853
3661,2918001,Jequié,BA,Nordeste,0,-13.8509,-40.0877
3663,2918100,Jeremoabo,BA,Nordeste,0,-10.0685,-38.3471
3665,2918209,Jiquiriçá,BA,Nordeste,0,-13.2621,-39.5737
3667,2918308,Jitaúna,BA,Nordeste,0,-14.0131,-39.8969
3099,2918357,João Dourado,BA,Nordeste,0,-11.3486,-41.6548
3669,2918407,Juazeiro,BA,Nordeste,0,-9.41622,-40.5033
3287,2918456,Jucuruçu,BA,Nordeste,0,-16.8488,-40.1641
3671,2918506,Jussara,BA,Nordeste,0,-11.0431,-41.9702
3069,2918555,Jussari,BA,Nordeste,0,-15.192,-39.491
3673,2918605,Jussiape,BA,Nordeste,0,-13.5155,-41.5882
3675,2918704,Lafaiete Coutinho,BA,Nordeste,0,-13.6541,-40.2119
3289,2918753,Lagoa Real,BA,Nordeste,0,-14.0334,-42.1328
3677,2918803,Laje,BA,Nordeste,0,-13.1673,-39.4213
3679,2918902,Lajedão,BA,Nordeste,0,-17.6056,-40.3383
3681,2919009,Lajedinho,BA,Nordeste,0,-12.3529,-40.9048
3291,2919058,Lajedo do Tabocal,BA,Nordeste,0,-13.4663,-40.2204
3683,2919108,Lamarão,BA,Nordeste,0,-11.773,-38.887
3973,2919157,Lapão,BA,Nordeste,0,-11.3851,-41.8286
3685,2919207,Lauro de Freitas,BA,Nordeste,0,-12.8978,-38.321
3687,2919306,Lençóis,BA,Nordeste,0,-12.5616,-41.3928
3689,2919405,Licínio de Almeida,BA,Nordeste,0,-14.6842,-42.5095
3691,2919504,Livramento de Nossa Senhora,BA,Nordeste,0,-13.6369,-41.8432
1112,2919553,Luís Eduardo Magalhães,BA,Nordeste,0,-12.0956,-45.7866
3693,2919603,Macajuba,BA,Nordeste,0,-12.1326,-40.3571
3695,2919702,Macarani,BA,Nordeste,0,-15.5646,-40.4209
3697,2919801,Macaúbas,BA,Nordeste,0,-13.0186,-42.6945
3699,2919900,Macururé,BA,Nordeste,0,-9.16226,-39.0518
3293,2919926,Madre de Deus,BA,Nordeste,0,-12.7446,-38.6153
3975,2919959,Maetinga,BA,Nordeste,0,-14.6623,-41.4915
3701,2920007,Maiquinique,BA,Nordeste,0,-15.624,-40.2587
3703,2920106,Mairi,BA,Nordeste,0,-11.7107,-40.1437
3705,2920205,Malhada,BA,Nordeste,0,-14.3371,-43.7686
3707,2920304,Malhada de Pedras,BA,Nordeste,0,-14.3847,-41.8842
3709,2920403,Manoel Vitorino,BA,Nordeste,0,-14.1476,-40.2399
3977,2920452,Mansidão,BA,Nordeste,0,-10.7227,-44.0428
3711,2920502,Maracás,BA,Nordeste,0,-13.4355,-40.4323
3713,2920601,Maragogipe,BA,Nordeste,0,-12.776,-38.9175
3715,2920700,Maraú,BA,Nordeste,0,-14.1035,-39.0137
3717,2920809,Marcionílio Souza,BA,Nordeste,0,-13.0064,-40.5295
3719,2920908,Mascote,BA,Nordeste,0,-15.5542,-39.3016
3721,2921005,Mata de São João,BA,Nordeste,0,-12.5307,-38.3009
3295,2921054,Matina,BA,Nordeste,0,-13.9109,-42.8439
3723,2921104,Medeiros Neto,BA,Nordeste,0,-17.3707,-40.2238
3725,2921203,Miguel Calmon,BA,Nordeste,0,-11.4299,-40.6031
3727,2921302,Milagres,BA,Nordeste,0,-12.8646,-39.8611
3729,2921401,Mirangaba,BA,Nordeste,0,-10.961,-40.574
3297,2921450,Mirante,BA,Nordeste,0,-14.2385,-40.7718
3731,2921500,Monte Santo,BA,Nordeste,0,-10.4374,-39.3321
3733,2921609,Morpará,BA,Nordeste,0,-11.5569,-43.2766
3735,2921708,Morro do Chapéu,BA,Nordeste,0,-11.5488,-41.1565
3737,2921807,Mortugaba,BA,Nordeste,0,-15.0225,-42.3727
3739,2921906,Mucugê,BA,Nordeste,0,-13.0053,-41.3703
3741,2922003,Mucuri,BA,Nordeste,0,-18.0754,-39.5565
3299,2922052,Mulungu do Morro,BA,Nordeste,0,-11.9648,-41.6374
3743,2922102,Mundo Novo,BA,Nordeste,0,-11.8541,-40.4714
3745,2922201,Muniz Ferreira,BA,Nordeste,0,-13.0092,-39.1092
3005,2922250,Muquém de São Francisco,BA,Nordeste,0,-12.065,-43.5497
3747,2922300,Muritiba,BA,Nordeste,0,-12.6329,-38.9921
3749,2922409,Mutuípe,BA,Nordeste,0,-13.2284,-39.5044
3751,2922508,Nazaré,BA,Nordeste,0,-13.0235,-39.0108
3753,2922607,Nilo Peçanha,BA,Nordeste,0,-13.604,-39.1091
3979,2922656,Nordestina,BA,Nordeste,0,-10.8192,-39.4297
3755,2922706,Nova Canaã,BA,Nordeste,0,-14.7912,-40.1458
3007,2922730,Nova Fátima,BA,Nordeste,0,-11.6031,-39.6302
3009,2922755,Nova Ibiá,BA,Nordeste,0,-13.812,-39.6182
3757,2922805,Nova Itarana,BA,Nordeste,0,-13.0241,-40.0653
3011,2922854,Nova Redenção,BA,Nordeste,0,-12.815,-41.0748
3759,2922904,Nova Soure,BA,Nordeste,0,-11.2329,-38.4871
3761,2923001,Nova Viçosa,BA,Nordeste,0,-17.8926,-39.3743
3013,2923035,Novo Horizonte,BA,Nordeste,0,-12.8083,-42.1682
3015,2923050,Novo Triunfo,BA,Nordeste,0,-10.3182,-38.4014
3763,2923100,Olindina,BA,Nordeste,0,-11.3497,-38.3379
3765,2923209,Oliveira dos Brejinhos,BA,Nordeste,0,-12.3132,-42.8969
3767,2923308,Ouriçangas,BA,Nordeste,0,-12.0175,-38.6166
3017,2923357,Ourolândia,BA,Nordeste,0,-10.9578,-41.0756
3769,2923407,Palmas de Monte Alto,BA,Nordeste,0,-14.2676,-43.1609
3771,2923506,Palmeiras,BA,Nordeste,0,-12.5059,-41.5809
3773,2923605,Paramirim,BA,Nordeste,0,-13.4388,-42.2395
3775,2923704,Paratinga,BA,Nordeste,0,-12.687,-43.1798
3777,2923803,Paripiranga,BA,Nordeste,0,-10.6859,-37.8626
3779,2923902,Pau Brasil,BA,Nordeste,0,-15.4572,-39.6458
3781,2924009,Paulo Afonso,BA,Nordeste,0,-9.3983,-38.2216
3981,2924058,Pé de Serra,BA,Nordeste,0,-11.8313,-39.611
3783,2924108,Pedrão,BA,Nordeste,0,-12.1491,-38.6487
3785,2924207,Pedro Alexandre,BA,Nordeste,0,-10.012,-37.8932
3787,2924306,Piatã,BA,Nordeste,0,-13.1465,-41.7702
3789,2924405,Pilão Arcado,BA,Nordeste,0,-10.0051,-42.4936
3791,2924504,Pindaí,BA,Nordeste,0,-14.4921,-42.686
3793,2924603,Pindobaçu,BA,Nordeste,0,-10.7433,-40.3675
3983,2924652,Pintadas,BA,Nordeste,0,-11.8117,-39.9009
3019,2924678,Piraí do Norte,BA,Nordeste,0,-13.759,-39.3836
3795,2924702,Piripá,BA,Nordeste,0,-14.9444,-41.7168
3797,2924801,Piritiba,BA,Nordeste,0,-11.73,-40.5587
3799,2924900,Planaltino,BA,Nordeste,0,-13.2618,-40.3695
3801,2925006,Planalto,BA,Nordeste,0,-14.6654,-40.4718
3803,2925105,Poções,BA,Nordeste,0,-14.5234,-40.3634
3805,2925204,Pojuca,BA,Nordeste,0,-12.4303,-38.3374
3021,2925253,Ponto Novo,BA,Nordeste,0,-10.8653,-40.1311
3807,2925303,Porto Seguro,BA,Nordeste,0,-16.4435,-39.0643
3809,2925402,Potiraguá,BA,Nordeste,0,-15.5943,-39.8638
3811,2925501,Prado,BA,Nordeste,0,-17.3364,-39.2227
3813,2925600,Presidente Dutra,BA,Nordeste,0,-11.2923,-41.9843
3815,2925709,Presidente Jânio Quadros,BA,Nordeste,0,-14.6885,-41.6798
3023,2925758,Presidente Tancredo Neves,BA,Nordeste,0,-13.4471,-39.4203
3817,2925808,Queimadas,BA,Nordeste,0,-10.9736,-39.6293
3819,2925907,Quijingue,BA,Nordeste,0,-10.7505,-39.2137
3025,2925931,Quixabeira,BA,Nordeste,0,-11.4031,-40.12
3985,2925956,Rafael Jambeiro,BA,Nordeste,0,-12.4053,-39.5007
3821,2926004,Remanso,BA,Nordeste,0,-9.61944,-42.0848
3823,2926103,Retirolândia,BA,Nordeste,0,-11.4832,-39.4234
3825,2926202,Riachão das Neves,BA,Nordeste,0,-11.7508,-44.9143
3827,2926301,Riachão do Jacuípe,BA,Nordeste,0,-11.8067,-39.3818
3829,2926400,Riacho de Santana,BA,Nordeste,0,-13.6059,-42.9397
3831,2926509,Ribeira do Amparo,BA,Nordeste,0,-11.0421,-38.4242
3833,2926608,Ribeira do Pombal,BA,Nordeste,0,-10.8373,-38.5382
3027,2926657,Ribeirão do Largo,BA,Nordeste,0,-15.4508,-40.7441
3835,2926707,Rio de Contas,BA,Nordeste,0,-13.5852,-41.8048
3837,2926806,Rio do Antônio,BA,Nordeste,0,-14.4071,-42.0721
3839,2926905,Rio do Pires,BA,Nordeste,0,-13.1185,-42.2902
3841,2927002,Rio Real,BA,Nordeste,0,-11.4814,-37.9332
3843,2927101,Rodelas,BA,Nordeste,0,-8.85021,-38.78
3845,2927200,Ruy Barbosa,BA,Nordeste,0,-12.2816,-40.4931
3847,2927309,Salinas da Margarida,BA,Nordeste,0,-12.873,-38.7562
3849,2927408,Salvador,BA,Nordeste,1,-12.9718,-38.5011
3851,2927507,Santa Bárbara,BA,Nordeste,0,-11.9515,-38.9681
3853,2927606,Santa Brígida,BA,Nordeste,0,-9.73227,-38.1209
3855,2927705,Santa Cruz Cabrália,BA,Nordeste,0,-16.2825,-39.0295
3857,2927804,Santa Cruz da Vitória,BA,Nordeste,0,-14.964,-39.8115
3859,2927903,Santa Inês,BA,Nordeste,0,-13.2793,-39.814
3861,2928000,Santaluz,BA,Nordeste,0,-11.2508,-39.375
3987,2928059,Santa Luzia,BA,Nordeste,0,-15.4342,-39.3287
3863,2928109,Santa Maria da Vitória,BA,Nordeste,0,-13.3859,-44.2011
3865,2928208,Santana,BA,Nordeste,0,-12.9792,-44.0506
3867,2928307,Santanópolis,BA,Nordeste,0,-12.0311,-38.8694
3549,2928406,Santa Rita de Cássia,BA,Nordeste,0,-11.0063,-44.5255
3869,2928505,Santa Teresinha,BA,Nordeste,0,-12.7697,-39.5215
3871,2928604,Santo Amaro,BA,Nordeste,0,-12.5472,-38.7137
3873,2928703,Santo Antônio de Jesus,BA,Nordeste,0,-12.9614,-39.2584
3875,2928802,Santo Estêvão,BA,Nordeste,0,-12.428,-39.2505
3877,2928901,São Desidério,BA,Nordeste,0,-12.3572,-44.9769
3029,2928950,São Domingos,BA,Nordeste,0,-11.4649,-39.5268
3879,2929008,São Félix,BA,Nordeste,0,-12.6104,-38.9727
3031,2929057,São Félix do Coribe,BA,Nordeste,0,-13.4019,-44.1837
3881,2929107,São Felipe,BA,Nordeste,0,-12.8394,-39.0893
3883,2929206,São Francisco do Conde,BA,Nordeste,0,-12.6183,-38.6786
3989,2929255,São Gabriel,BA,Nordeste,0,-11.2175,-41.8843
3885,2929305,São Gonçalo dos Campos,BA,Nordeste,0,-12.4331,-38.9663
3035,2929354,São José da Vitória,BA,Nordeste,0,-15.0787,-39.3437
3033,2929370,São José do Jacuípe,BA,Nordeste,0,-11.4137,-39.8669
3887,2929404,São Miguel das Matas,BA,Nordeste,0,-13.0434,-39.4578
3889,2929503,São Sebastião do Passé,BA,Nordeste,0,-12.5123,-38.4905
3891,2929602,Sapeaçu,BA,Nordeste,0,-12.7208,-39.1824
3893,2929701,Sátiro Dias,BA,Nordeste,0,-11.5929,-38.5938
3037,2929750,Saubara,BA,Nordeste,0,-12.7387,-38.7625
3895,2929800,Saúde,BA,Nordeste,0,-10.9428,-40.4155
3897,2929909,Seabra,BA,Nordeste,0,-12.4169,-41.7722
3899,2930006,Sebastião Laranjeiras,BA,Nordeste,0,-14.571,-42.9434
3901,2930105,Senhor do Bonfim,BA,Nordeste,0,-10.4594,-40.1865
3039,2930154,Serra do Ramalho,BA,Nordeste,0,-13.5659,-43.5929
3903,2930204,Sento Sé,BA,Nordeste,0,-9.74138,-41.8786
3905,2930303,Serra Dourada,BA,Nordeste,0,-12.759,-43.9504
3907,2930402,Serra Preta,BA,Nordeste,0,-12.156,-39.3305
3909,2930501,Serrinha,BA,Nordeste,0,-11.6584,-39.01
3911,2930600,Serrolândia,BA,Nordeste,0,-11.4085,-40.2983
3913,2930709,Simões Filho,BA,Nordeste,0,-12.7866,-38.4029
3041,2930758,Sítio do Mato,BA,Nordeste,0,-13.0801,-43.4689
3043,2930766,Sítio do Quinto,BA,Nordeste,0,-10.3545,-38.2213
3045,2930774,Sobradinho,BA,Nordeste,0,-9.45024,-40.8145
3915,2930808,Souto Soares,BA,Nordeste,0,-12.088,-41.6427
3917,2930907,Tabocas do Brejo Velho,BA,Nordeste,0,-12.7026,-44.0075
3919,2931004,Tanhaçu,BA,Nordeste,0,-14.0197,-41.2473
3991,2931053,Tanque Novo,BA,Nordeste,0,-13.5485,-42.4934
3921,2931103,Tanquinho,BA,Nordeste,0,-11.968,-39.1033
3923,2931202,Taperoá,BA,Nordeste,0,-13.5321,-39.1009
3925,2931301,Tapiramutá,BA,Nordeste,0,-11.8475,-40.7927
3993,2931350,Teixeira de Freitas,BA,Nordeste,0,-17.5399,-39.74
3927,2931400,Teodoro Sampaio,BA,Nordeste,0,-12.295,-38.6347
3929,2931509,Teofilândia,BA,Nordeste,0,-11.4827,-38.9913
3931,2931608,Teolândia,BA,Nordeste,0,-13.5896,-39.484
3933,2931707,Terra Nova,BA,Nordeste,0,-12.3888,-38.6238
3935,2931806,Tremedal,BA,Nordeste,0,-14.9736,-41.4142
3937,2931905,Tucano,BA,Nordeste,0,-10.9584,-38.7894
3939,2932002,Uauá,BA,Nordeste,0,-9.83325,-39.4794
3941,2932101,Ubaíra,BA,Nordeste,0,-13.2714,-39.666
3943,2932200,Ubaitaba,BA,Nordeste,0,-14.303,-39.3222
3945,2932309,Ubatã,BA,Nordeste,0,-14.2063,-39.5207
3947,2932408,Uibaí,BA,Nordeste,0,-11.3394,-42.1354
3047,2932457,Umburanas,BA,Nordeste,0,-10.7339,-41.3234
3949,2932507,Una,BA,Nordeste,0,-15.2791,-39.0765
3951,2932606,Urandi,BA,Nordeste,0,-14.7678,-42.6498
3953,2932705,Uruçuca,BA,Nordeste,0,-14.5963,-39.2851
3955,2932804,Utinga,BA,Nordeste,0,-12.0783,-41.0954
3957,2932903,Valença,BA,Nordeste,0,-13.3669,-39.073
3959,2933000,Valente,BA,Nordeste,0,-11.4062,-39.457
3997,2933059,Várzea da Roça,BA,Nordeste,0,-11.6005,-40.1328
3961,2933109,Várzea do Poço,BA,Nordeste,0,-11.5273,-40.3149
3995,2933158,Várzea Nova,BA,Nordeste,0,-11.2557,-40.9432
3049,2933174,Varzedo,BA,Nordeste,0,-12.9672,-39.3919
3963,2933208,Vera Cruz,BA,Nordeste,0,-12.9568,-38.6153
3051,2933257,Vereda,BA,Nordeste,0,-17.2183,-40.0974
3965,2933307,Vitória da Conquista,BA,Nordeste,0,-14.8615,-40.8442
3967,2933406,Wagner,BA,Nordeste,0,-12.2819,-41.1715
3999,2933455,Wanderley,BA,Nordeste,0,-12.1144,-43.8958
3969,2933505,Wenceslau Guimarães,BA,Nordeste,0,-13.6908,-39.4762
3971,2933604,Xique-Xique,BA,Nordeste,0,-10.823,-42.7245
4001,3100104,Abadia dos Dourados,MG,Sudeste,0,-18.4831,-47.3916
4003,3100203,Abaeté,MG,Sudeste,0,-19.1551,-45.4444
4005,3100302,Abre Campo,MG,Sudeste,0,-20.2996,-42.4743
4007,3100401,Acaiaca,MG,Sudeste,0,-20.359,-43.1439
4009,3100500,Açucena,MG,Sudeste,0,-19.0671,-42.5419
4011,3100609,Água Boa,MG,Sudeste,0,-17.9914,-42.3806
4013,3100708,Água Comprida,MG,Sudeste,0,-20.0576,-48.1069
4015,3100807,Aguanil,MG,Sudeste,0,-20.9439,-45.3915
4017,3100906,Águas Formosas,MG,Sudeste,0,-17.0802,-40.9384
4019,3101003,Águas Vermelhas,MG,Sudeste,0,-15.7431,-41.4571
4021,3101102,Aimorés,MG,Sudeste,0,-19.5007,-41.0746
4023,3101201,Aiuruoca,MG,Sudeste,0,-21.9736,-44.6042
4025,3101300,Alagoa,MG,Sudeste,0,-22.171,-44.6413
4027,3101409,Albertina,MG,Sudeste,0,-22.2018,-46.6139
4029,3101508,Além Paraíba,MG,Sudeste,0,-21.8797,-42.7176
4031,3101607,Alfenas,MG,Sudeste,0,-21.4256,-45.9477
2681,3101631,Alfredo Vasconcelos,MG,Sudeste,0,-21.1535,-43.7718
4033,3101706,Almenara,MG,Sudeste,0,-16.1785,-40.6942
4035,3101805,Alpercata,MG,Sudeste,0,-18.974,-41.97
4037,3101904,Alpinópolis,MG,Sudeste,0,-20.8631,-46.3878
4039,3102001,Alterosa,MG,Sudeste,0,-21.2488,-46.1387
0564,3102050,Alto Caparaó,MG,Sudeste,0,-20.431,-41.8738
4041,3102100,Alto Rio Doce,MG,Sudeste,0,-21.0281,-43.4067
4043,3102209,Alvarenga,MG,Sudeste,0,-19.4174,-41.7317
4045,3102308,Alvinópolis,MG,Sudeste,0,-20.1098,-43.0535
4047,3102407,Alvorada de Minas,MG,Sudeste,0,-18.7334,-43.3638
4049,3102506,Amparo do Serra,MG,Sudeste,0,-20.5051,-42.8009
4051,3102605,Andradas,MG,Sudeste,0,-22.0695,-46.5724
4053,3102704,Cachoeira de Pajeú,MG,Sudeste,0,-15.9688,-41.4948
4055,3102803,Andrelândia,MG,Sudeste,0,-21.7411,-44.3117
0566,3102852,Angelândia,MG,Sudeste,0,-17.7279,-42.2641
4057,3102902,Antônio Carlos,MG,Sudeste,0,-21.321,-43.7451
4059,3103009,Antônio Dias,MG,Sudeste,0,-19.6491,-42.8732
4061,3103108,Antônio Prado de Minas,MG,Sudeste,0,-21.0192,-42.1109
4063,3103207,Araçaí,MG,Sudeste,0,-19.1955,-44.2493
4065,3103306,Aracitaba,MG,Sudeste,0,-21.3446,-43.3736
4067,3103405,Araçuaí,MG,Sudeste,0,-16.8523,-42.0637
4069,3103504,Araguari,MG,Sudeste,0,-18.6456,-48.1934
4071,3103603,Arantina,MG,Sudeste,0,-21.9102,-44.2555
4073,3103702,Araponga,MG,Sudeste,0,-20.6686,-42.5178
2903,3103751,Araporã,MG,Sudeste,0,-18.4357,-49.1847
4075,3103801,Arapuá,MG,Sudeste,0,-19.0268,-46.1484
4077,3103900,Araújos,MG,Sudeste,0,-19.9405,-45.1671
4079,3104007,Araxá,MG,Sudeste,0,-19.5902,-46.9438
4081,3104106,Arceburgo,MG,Sudeste,0,-21.359,-46.9401
4083,3104205,Arcos,MG,Sudeste,0,-20.2863,-45.5373
4085,3104304,Areado,MG,Sudeste,0,-21.3572,-46.1421
4087,3104403,Argirita,MG,Sudeste,0,-21.6083,-42.8292
0568,3104452,Aricanduva,MG,Sudeste,0,-17.8666,-42.5533
4089,3104502,Arinos,MG,Sudeste,0,-15.9187,-46.1043
4091,3104601,Astolfo Dutra,MG,Sudeste,0,-21.3184,-42.8572
4093,3104700,Ataléia,MG,Sudeste,0,-18.0438,-41.1149
4095,3104809,Augusto de Lima,MG,Sudeste,0,-18.0997,-44.2655
4097,3104908,Baependi,MG,Sudeste,0,-21.957,-44.8874
4099,3105004,Baldim,MG,Sudeste,0,-19.2832,-43.9613
4101,3105103,Bambuí,MG,Sudeste,0,-20.0166,-45.9754
4103,3105202,Bandeira,MG,Sudeste,0,-15.8783,-40.5622
4105,3105301,Bandeira do Sul,MG,Sudeste,0,-21.7308,-46.3833
4107,3105400,Barão de Cocais,MG,Sudeste,0,-19.9389,-43.4755
4109,3105509,Barão de Monte Alto,MG,Sudeste,0,-21.2444,-42.2372
4111,3105608,Barbacena,MG,Sudeste,0,-21.2214,-43.7703
4113,3105707,Barra Longa,MG,Sudeste,0,-20.2869,-43.0402
4117,3105905,Barroso,MG,Sudeste,0,-21.1907,-43.972
4119,3106002,Bela Vista de Minas,MG,Sudeste,0,-19.8302,-43.0922
4121,3106101,Belmiro Braga,MG,Sudeste,0,-21.944,-43.4084
4123,3106200,Belo Horizonte,MG,Sudeste,1,-19.9102,-43.9266
4125,3106309,Belo Oriente,MG,Sudeste,0,-19.2199,-42.4828
4127,3106408,Belo Vale,MG,Sudeste,0,-20.4077,-44.0275
4129,3106507,Berilo,MG,Sudeste,0,-16.9567,-42.4606
4131,3106606,Bertópolis,MG,Sudeste,0,-17.059,-40.58
0570,3106655,Berizal,MG,Sudeste,0,-15.61,-41.7432
4133,3106705,Betim,MG,Sudeste,0,-19.9668,-44.2008
4135,3106804,Bias Fortes,MG,Sudeste,0,-21.602,-43.7574
4137,3106903,Bicas,MG,Sudeste,0,-21.7232,-43.056
4139,3107000,Biquinhas,MG,Sudeste,0,-18.7754,-45.4974
4141,3107109,Boa Esperança,MG,Sudeste,0,-21.0927,-45.5612
4143,3107208,Bocaina de Minas,MG,Sudeste,0,-22.1697,-44.3972
4145,3107307,Bocaiúva,MG,Sudeste,0,-17.1135,-43.8104
4147,3107406,Bom Despacho,MG,Sudeste,0,-19.7386,-45.2622
4149,3107505,Bom Jardim de Minas,MG,Sudeste,0,-21.9479,-44.1885
4151,3107604,Bom Jesus da Penha,MG,Sudeste,0,-21.0148,-46.5174
4153,3107703,Bom Jesus do Amparo,MG,Sudeste,0,-19.7054,-43.4782
4155,3107802,Bom Jesus do Galho,MG,Sudeste,0,-19.836,-42.3165
4157,3107901,Bom Repouso,MG,Sudeste,0,-22.4675,-46.144
4159,3108008,Bom Sucesso,MG,Sudeste,0,-21.0329,-44.7537
4161,3108107,Bonfim,MG,Sudeste,0,-20.3302,-44.2366
4163,3108206,Bonfinópolis de Minas,MG,Sudeste,0,-16.568,-45.9839
0572,3108255,Bonito de Minas,MG,Sudeste,0,-15.3231,-44.7543
4165,3108305,Borda da Mata,MG,Sudeste,0,-22.2707,-46.1653
4167,3108404,Botelhos,MG,Sudeste,0,-21.6412,-46.391
4169,3108503,Botumirim,MG,Sudeste,0,-16.8657,-43.0086
0574,3108552,Brasilândia de Minas,MG,Sudeste,0,-16.9999,-46.0081
4171,3108602,Brasília de Minas,MG,Sudeste,0,-16.2104,-44.4299
4173,3108701,Brás Pires,MG,Sudeste,0,-20.8419,-43.2406
4175,3108800,Braúnas,MG,Sudeste,0,-19.0562,-42.7099
4177,3108909,Brazópolis,MG,Sudeste,0,-22.4743,-45.6166
4179,3109006,Brumadinho,MG,Sudeste,0,-20.151,-44.2007
4181,3109105,Bueno Brandão,MG,Sudeste,0,-22.4383,-46.3491
4183,3109204,Buenópolis,MG,Sudeste,0,-17.8744,-44.1775
0576,3109253,Bugre,MG,Sudeste,0,-19.4231,-42.2552
4185,3109303,Buritis,MG,Sudeste,0,-15.6218,-46.4221
4187,3109402,Buritizeiro,MG,Sudeste,0,-17.3656,-44.9606
0578,3109451,Cabeceira Grande,MG,Sudeste,0,-16.0335,-47.0862
4189,3109501,Cabo Verde,MG,Sudeste,0,-21.4699,-46.3919
4191,3109600,Cachoeira da Prata,MG,Sudeste,0,-19.521,-44.4544
4193,3109709,Cachoeira de Minas,MG,Sudeste,0,-22.3511,-45.7809
4195,3109808,Cachoeira Dourada,MG,Sudeste,0,-18.5161,-49.5039
4197,3109907,Caetanópolis,MG,Sudeste,0,-19.2971,-44.4189
4199,3110004,Caeté,MG,Sudeste,0,-19.8826,-43.6704
4201,3110103,Caiana,MG,Sudeste,0,-20.6956,-41.9292
4203,3110202,Cajuri,MG,Sudeste,0,-20.7903,-42.7925
4205,3110301,Caldas,MG,Sudeste,0,-21.9183,-46.3843
4207,3110400,Camacho,MG,Sudeste,0,-20.6294,-45.1593
4209,3110509,Camanducaia,MG,Sudeste,0,-22.7515,-46.1494
4211,3110608,Cambuí,MG,Sudeste,0,-22.6115,-46.0572
4213,3110707,Cambuquira,MG,Sudeste,0,-21.854,-45.2896
4215,3110806,Campanário,MG,Sudeste,0,-18.2427,-41.7355
4217,3110905,Campanha,MG,Sudeste,0,-21.836,-45.4004
4219,3111002,Campestre,MG,Sudeste,0,-21.7079,-46.2381
4221,3111101,Campina Verde,MG,Sudeste,0,-19.5382,-49.4862
0580,3111150,Campo Azul,MG,Sudeste,0,-16.5028,-44.8096
4223,3111200,Campo Belo,MG,Sudeste,0,-20.8932,-45.2699
4225,3111309,Campo do Meio,MG,Sudeste,0,-21.1127,-45.8273
4227,3111408,Campo Florido,MG,Sudeste,0,-19.7631,-48.5716
4229,3111507,Campos Altos,MG,Sudeste,0,-19.6914,-46.1725
4231,3111606,Campos Gerais,MG,Sudeste,0,-21.237,-45.7569
4233,3111705,Canaã,MG,Sudeste,0,-20.6869,-42.6167
4235,3111804,Canápolis,MG,Sudeste,0,-18.7212,-49.2035
4237,3111903,Cana Verde,MG,Sudeste,0,-21.0232,-45.1801
4239,3112000,Candeias,MG,Sudeste,0,-20.7692,-45.2765
0582,3112059,Cantagalo,MG,Sudeste,0,-18.5248,-42.6223
4241,3112109,Caparaó,MG,Sudeste,0,-20.5289,-41.9061
4243,3112208,Capela Nova,MG,Sudeste,0,-20.9179,-43.622
4245,3112307,Capelinha,MG,Sudeste,0,-17.6888,-42.5147
4247,3112406,Capetinga,MG,Sudeste,0,-20.6163,-47.0571
4249,3112505,Capim Branco,MG,Sudeste,0,-19.5471,-44.1304
4251,3112604,Capinópolis,MG,Sudeste,0,-18.6862,-49.5706
2651,3112653,Capitão Andrade,MG,Sudeste,0,-19.0748,-41.8614
4253,3112703,Capitão Enéas,MG,Sudeste,0,-16.3265,-43.7084
4255,3112802,Capitólio,MG,Sudeste,0,-20.6164,-46.0493
4257,3112901,Caputira,MG,Sudeste,0,-20.1703,-42.2683
4259,3113008,Caraí,MG,Sudeste,0,-17.1862,-41.7004
4261,3113107,Caranaíba,MG,Sudeste,0,-20.8707,-43.7417
4263,3113206,Carandaí,MG,Sudeste,0,-20.9566,-43.811
4265,3113305,Carangola,MG,Sudeste,0,-20.7343,-42.0313
4267,3113404,Caratinga,MG,Sudeste,0,-19.7868,-42.1292
4269,3113503,Carbonita,MG,Sudeste,0,-17.5255,-43.0137
4271,3113602,Careaçu,MG,Sudeste,0,-22.0424,-45.696
4273,3113701,Carlos Chagas,MG,Sudeste,0,-17.6973,-40.7723
4275,3113800,Carmésia,MG,Sudeste,0,-19.0877,-43.1382
4277,3113909,Carmo da Cachoeira,MG,Sudeste,0,-21.4633,-45.2201
4279,3114006,Carmo da Mata,MG,Sudeste,0,-20.5575,-44.8735
4281,3114105,Carmo de Minas,MG,Sudeste,0,-22.1204,-45.1307
4283,3114204,Carmo do Cajuru,MG,Sudeste,0,-20.1912,-44.7664
4285,3114303,Carmo do Paranaíba,MG,Sudeste,0,-18.991,-46.3167
4287,3114402,Carmo do Rio Claro,MG,Sudeste,0,-20.9736,-46.1149
4289,3114501,Carmópolis de Minas,MG,Sudeste,0,-20.5396,-44.6336
2685,3114550,Carneirinho,MG,Sudeste,0,-19.6987,-50.6894
4291,3114600,Carrancas,MG,Sudeste,0,-21.4898,-44.6446
4293,3114709,Carvalhópolis,MG,Sudeste,0,-21.7735,-45.8421
4295,3114808,Carvalhos,MG,Sudeste,0,-22.0,-44.4632
4297,3114907,Casa Grande,MG,Sudeste,0,-20.7925,-43.9343
4299,3115003,Cascalho Rico,MG,Sudeste,0,-18.5772,-47.8716
4301,3115102,Cássia,MG,Sudeste,0,-20.5831,-46.9201
4303,3115201,Conceição da Barra de Minas,MG,Sudeste,0,-21.1316,-44.4729
4305,3115300,Cataguases,MG,Sudeste,0,-21.3924,-42.6896
0584,3115359,Catas Altas,MG,Sudeste,0,-20.0734,-43.4061
4307,3115409,Catas Altas da Noruega,MG,Sudeste,0,-20.6901,-43.4939
2653,3115458,Catuji,MG,Sudeste,0,-17.3018,-41.5276
0586,3115474,Catuti,MG,Sudeste,0,-15.3616,-42.9627
4309,3115508,Caxambu,MG,Sudeste,0,-21.9753,-44.9319
4311,3115607,Cedro do Abaeté,MG,Sudeste,0,-19.1458,-45.712
4313,3115706,Central de Minas,MG,Sudeste,0,-18.7612,-41.3143
4315,3115805,Centralina,MG,Sudeste,0,-18.5852,-49.2014
4317,3115904,Chácara,MG,Sudeste,0,-21.6733,-43.215
4319,3116001,Chalé,MG,Sudeste,0,-20.0453,-41.6897
4321,3116100,Chapada do Norte,MG,Sudeste,0,-17.0881,-42.5392
0588,3116159,Chapada Gaúcha,MG,Sudeste,0,-15.3014,-45.6116
4323,3116209,Chiador,MG,Sudeste,0,-21.9996,-43.0617
4325,3116308,Cipotânea,MG,Sudeste,0,-20.9026,-43.3629
4327,3116407,Claraval,MG,Sudeste,0,-20.397,-47.2768
4329,3116506,Claro dos Poções,MG,Sudeste,0,-17.082,-44.2061
4331,3116605,Cláudio,MG,Sudeste,0,-20.4437,-44.7673
4333,3116704,Coimbra,MG,Sudeste,0,-20.8535,-42.8008
4335,3116803,Coluna,MG,Sudeste,0,-18.2311,-42.8352
4337,3116902,Comendador Gomes,MG,Sudeste,0,-19.6973,-49.0789
4339,3117009,Comercinho,MG,Sudeste,0,-16.2963,-41.7945
4341,3117108,Conceição da Aparecida,MG,Sudeste,0,-21.096,-46.2049
4343,3117207,Conceição das Pedras,MG,Sudeste,0,-22.1576,-45.4562
4345,3117306,Conceição das Alagoas,MG,Sudeste,0,-19.9172,-48.3839
4347,3117405,Conceição de Ipanema,MG,Sudeste,0,-19.9326,-41.6908
4349,3117504,Conceição do Mato Dentro,MG,Sudeste,0,-19.0344,-43.4221
4351,3117603,Conceição do Pará,MG,Sudeste,0,-19.7456,-44.8945
4353,3117702,Conceição do Rio Verde,MG,Sudeste,0,-21.8778,-45.087
4355,3117801,Conceição dos Ouros,MG,Sudeste,0,-22.4078,-45.7996
0590,3117836,Cônego Marinho,MG,Sudeste,0,-15.2892,-44.4181
0592,3117876,Confins,MG,Sudeste,0,-19.6282,-43.9931
4357,3117900,Congonhal,MG,Sudeste,0,-22.1488,-46.043
4359,3118007,Congonhas,MG,Sudeste,0,-20.4958,-43.851
4361,3118106,Congonhas do Norte,MG,Sudeste,0,-18.8021,-43.6767
4363,3118205,Conquista,MG,Sudeste,0,-19.9312,-47.5492
4365,3118304,Conselheiro Lafaiete,MG,Sudeste,0,-20.6634,-43.7846
4367,3118403,Conselheiro Pena,MG,Sudeste,0,-19.1789,-41.4736
4369,3118502,Consolação,MG,Sudeste,0,-22.5493,-45.9255
4371,3118601,Contagem,MG,Sudeste,0,-19.9321,-44.0539
4373,3118700,Coqueiral,MG,Sudeste,0,-21.1858,-45.4366
4375,3118809,Coração de Jesus,MG,Sudeste,0,-16.6841,-44.3635
4377,3118908,Cordisburgo,MG,Sudeste,0,-19.1224,-44.3224
4379,3119005,Cordislândia,MG,Sudeste,0,-21.7891,-45.6999
4381,3119104,Corinto,MG,Sudeste,0,-18.369,-44.4542
4383,3119203,Coroaci,MG,Sudeste,0,-18.6156,-42.2791
4385,3119302,Coromandel,MG,Sudeste,0,-18.4734,-47.1933
4387,3119401,Coronel Fabriciano,MG,Sudeste,0,-19.5179,-42.6276
4389,3119500,Coronel Murta,MG,Sudeste,0,-16.6148,-42.184
4391,3119609,Coronel Pacheco,MG,Sudeste,0,-21.5898,-43.256
4393,3119708,Coronel Xavier Chaves,MG,Sudeste,0,-21.0277,-44.2206
4395,3119807,Córrego Danta,MG,Sudeste,0,-19.8198,-45.9032
4397,3119906,Córrego do Bom Jesus,MG,Sudeste,0,-22.6269,-46.0241
0594,3119955,Córrego Fundo,MG,Sudeste,0,-20.4474,-45.5617
4399,3120003,Córrego Novo,MG,Sudeste,0,-19.8361,-42.3988
4401,3120102,Couto de Magalhães de Minas,MG,Sudeste,0,-18.0727,-43.4648
0596,3120151,Crisólita,MG,Sudeste,0,-17.2381,-40.9184
4403,3120201,Cristais,MG,Sudeste,0,-20.8733,-45.5167
4405,3120300,Cristália,MG,Sudeste,0,-16.716,-42.8571
4407,3120409,Cristiano Otoni,MG,Sudeste,0,-20.8324,-43.8166
4409,3120508,Cristina,MG,Sudeste,0,-22.208,-45.2673
4411,3120607,Crucilândia,MG,Sudeste,0,-20.3923,-44.3334
4413,3120706,Cruzeiro da Fortaleza,MG,Sudeste,0,-18.944,-46.6669
4415,3120805,Cruzília,MG,Sudeste,0,-21.84,-44.8067
0598,3120839,Cuparaque,MG,Sudeste,0,-18.9648,-41.0986
0600,3120870,Curral de Dentro,MG,Sudeste,0,-15.9327,-41.8557
4417,3120904,Curvelo,MG,Sudeste,0,-18.7527,-44.4303
4419,3121001,Datas,MG,Sudeste,0,-18.4478,-43.6591
4421,3121100,Delfim Moreira,MG,Sudeste,0,-22.5036,-45.2792
4423,3121209,Delfinópolis,MG,Sudeste,0,-20.3468,-46.8456
0602,3121258,Delta,MG,Sudeste,0,-19.9721,-47.7841
4425,3121308,Descoberto,MG,Sudeste,0,-21.46,-42.9618
4427,3121407,Desterro de Entre Rios,MG,Sudeste,0,-20.665,-44.3334
4429,3121506,Desterro do Melo,MG,Sudeste,0,-21.143,-43.5178
4431,3121605,Diamantina,MG,Sudeste,0,-18.2413,-43.6031
4433,3121704,Diogo de Vasconcelos,MG,Sudeste,0,-20.4879,-43.1953
4435,3121803,Dionísio,MG,Sudeste,0,-19.8433,-42.7701
4437,3121902,Divinésia,MG,Sudeste,0,-20.9917,-43.0003
4439,3122009,Divino,MG,Sudeste,0,-20.6134,-42.1438
4441,3122108,Divino das Laranjeiras,MG,Sudeste,0,-18.7755,-41.4781
4443,3122207,Divinolândia de Minas,MG,Sudeste,0,-18.8004,-42.6103
4445,3122306,Divinópolis,MG,Sudeste,0,-20.1446,-44.8912
0604,3122355,Divisa Alegre,MG,Sudeste,0,-15.7221,-41.3463
4447,3122405,Divisa Nova,MG,Sudeste,0,-21.5092,-46.1904
2657,3122454,Divisópolis,MG,Sudeste,0,-15.7254,-40.9997
0606,3122470,Dom Bosco,MG,Sudeste,0,-16.652,-46.2597
4449,3122504,Dom Cavati,MG,Sudeste,0,-19.3735,-42.1121
4451,3122603,Dom Joaquim,MG,Sudeste,0,-18.961,-43.2544
4453,3122702,Dom Silvério,MG,Sudeste,0,-20.1627,-42.9627
4455,3122801,Dom Viçoso,MG,Sudeste,0,-22.2511,-45.1643
4457,3122900,Dona Eusébia,MG,Sudeste,0,-21.319,-42.807
4459,3123007,Dores de Campos,MG,Sudeste,0,-21.1139,-44.0207
4461,3123106,Dores de Guanhães,MG,Sudeste,0,-19.0516,-42.9254
4463,3123205,Dores do Indaiá,MG,Sudeste,0,-19.4628,-45.5927
4465,3123304,Dores do Turvo,MG,Sudeste,0,-20.9785,-43.1834
4467,3123403,Doresópolis,MG,Sudeste,0,-20.2868,-45.9007
4469,3123502,Douradoquara,MG,Sudeste,0,-18.4338,-47.5993
2675,3123528,Durandé,MG,Sudeste,0,-20.2058,-41.7977
4471,3123601,Elói Mendes,MG,Sudeste,0,-21.6088,-45.5691
4473,3123700,Engenheiro Caldas,MG,Sudeste,0,-19.2065,-42.0503
4475,3123809,Engenheiro Navarro,MG,Sudeste,0,-17.2831,-43.947
2663,3123858,Entre Folhas,MG,Sudeste,0,-19.6218,-42.2306
4477,3123908,Entre Rios de Minas,MG,Sudeste,0,-20.6706,-44.0654
4479,3124005,Ervália,MG,Sudeste,0,-20.8403,-42.6544
4481,3124104,Esmeraldas,MG,Sudeste,0,-19.764,-44.3065
4483,3124203,Espera Feliz,MG,Sudeste,0,-20.6508,-41.9119
4485,3124302,Espinosa,MG,Sudeste,0,-14.9249,-42.809
4487,3124401,Espírito Santo do Dourado,MG,Sudeste,0,-22.0454,-45.9548
4489,3124500,Estiva,MG,Sudeste,0,-22.4577,-46.0191
4491,3124609,Estrela Dalva,MG,Sudeste,0,-21.7412,-42.4574
4493,3124708,Estrela do Indaiá,MG,Sudeste,0,-19.5169,-45.7859
4495,3124807,Estrela do Sul,MG,Sudeste,0,-18.7399,-47.6956
4497,3124906,Eugenópolis,MG,Sudeste,0,-21.1002,-42.1878
4499,3125002,Ewbank da Câmara,MG,Sudeste,0,-21.5498,-43.5068
4501,3125101,Extrema,MG,Sudeste,0,-22.854,-46.3178
4503,3125200,Fama,MG,Sudeste,0,-21.4089,-45.8286
4505,3125309,Faria Lemos,MG,Sudeste,0,-20.8097,-42.0213
4507,3125408,Felício dos Santos,MG,Sudeste,0,-18.0755,-43.2422
4509,3125507,São Gonçalo do Rio Preto,MG,Sudeste,0,-18.0025,-43.3854
4511,3125606,Felisburgo,MG,Sudeste,0,-16.6348,-40.7605
4513,3125705,Felixlândia,MG,Sudeste,0,-18.7507,-44.9004
4515,3125804,Fernandes Tourinho,MG,Sudeste,0,-19.1541,-42.0803
4517,3125903,Ferros,MG,Sudeste,0,-19.2343,-43.0192
2683,3125952,Fervedouro,MG,Sudeste,0,-20.726,-42.279
4519,3126000,Florestal,MG,Sudeste,0,-19.888,-44.4318
4521,3126109,Formiga,MG,Sudeste,0,-20.4618,-45.4268
4523,3126208,Formoso,MG,Sudeste,0,-14.9446,-46.2371
4525,3126307,Fortaleza de Minas,MG,Sudeste,0,-20.8508,-46.712
4527,3126406,Fortuna de Minas,MG,Sudeste,0,-19.5578,-44.4472
4529,3126505,Francisco Badaró,MG,Sudeste,0,-16.9883,-42.3568
4531,3126604,Francisco Dumont,MG,Sudeste,0,-17.3107,-44.2317
4533,3126703,Francisco Sá,MG,Sudeste,0,-16.4827,-43.4896
0608,3126752,Franciscópolis,MG,Sudeste,0,-17.9578,-42.0094
4535,3126802,Frei Gaspar,MG,Sudeste,0,-18.0709,-41.4325
4537,3126901,Frei Inocêncio,MG,Sudeste,0,-18.5556,-41.9121
0610,3126950,Frei Lagonegro,MG,Sudeste,0,-18.1751,-42.7617
4539,3127008,Fronteira,MG,Sudeste,0,-20.2748,-49.1984
4935,3127057,Fronteira dos Vales,MG,Sudeste,0,-16.8898,-40.923
0612,3127073,Fruta de Leite,MG,Sudeste,0,-16.1225,-42.5288
4541,3127107,Frutal,MG,Sudeste,0,-20.0259,-48.9355
4543,3127206,Funilândia,MG,Sudeste,0,-19.3661,-44.061
4545,3127305,Galiléia,MG,Sudeste,0,-19.0005,-41.5387
0614,3127339,Gameleiras,MG,Sudeste,0,-15.0829,-43.125
0616,3127354,Glaucilândia,MG,Sudeste,0,-16.8481,-43.692
0618,3127370,Goiabeira,MG,Sudeste,0,-18.9807,-41.2235
0620,3127388,Goianá,MG,Sudeste,0,-21.536,-43.1957
4547,3127404,Gonçalves,MG,Sudeste,0,-22.6545,-45.8556
4549,3127503,Gonzaga,MG,Sudeste,0,-18.8196,-42.4769
4551,3127602,Gouveia,MG,Sudeste,0,-18.4519,-43.7423
4553,3127701,Governador Valadares,MG,Sudeste,0,-18.8545,-41.9555
4555,3127800,Grão Mogol,MG,Sudeste,0,-16.5662,-42.8923
4557,3127909,Grupiara,MG,Sudeste,0,-18.5003,-47.7318
4559,3128006,Guanhães,MG,Sudeste,0,-18.7713,-42.9312
4561,3128105,Guapé,MG,Sudeste,0,-20.7631,-45.9152
4563,3128204,Guaraciaba,MG,Sudeste,0,-20.5716,-43.0094
0622,3128253,Guaraciama,MG,Sudeste,0,-17.0142,-43.6675
4565,3128303,Guaranésia,MG,Sudeste,0,-21.3009,-46.7964
4567,3128402,Guarani,MG,Sudeste,0,-21.3563,-43.0328
4569,3128501,Guarará,MG,Sudeste,0,-21.7304,-43.0334
4571,3128600,Guarda-Mor,MG,Sudeste,0,-17.7673,-47.0998
4573,3128709,Guaxupé,MG,Sudeste,0,-21.305,-46.7081
4575,3128808,Guidoval,MG,Sudeste,0,-21.155,-42.7887
4577,3128907,Guimarânia,MG,Sudeste,0,-18.8425,-46.7901
4579,3129004,Guiricema,MG,Sudeste,0,-21.0098,-42.7207
4581,3129103,Gurinhatã,MG,Sudeste,0,-19.2143,-49.7876
4583,3129202,Heliodora,MG,Sudeste,0,-22.0644,-45.5453
4585,3129301,Iapu,MG,Sudeste,0,-19.4387,-42.2147
4587,3129400,Ibertioga,MG,Sudeste,0,-21.433,-43.9639
4589,3129509,Ibiá,MG,Sudeste,0,-19.4749,-46.5474
4591,3129608,Ibiaí,MG,Sudeste,0,-16.8591,-44.9046
0624,3129657,Ibiracatu,MG,Sudeste,0,-15.6605,-44.1667
4593,3129707,Ibiraci,MG,Sudeste,0,-20.4611,-47.1222
4595,3129806,Ibirité,MG,Sudeste,0,-20.0252,-44.0569
4597,3129905,Ibitiúra de Minas,MG,Sudeste,0,-22.0604,-46.4368
4599,3130002,Ibituruna,MG,Sudeste,0,-21.1541,-44.7479
2693,3130051,Icaraí de Minas,MG,Sudeste,0,-16.214,-44.9034
4601,3130101,Igarapé,MG,Sudeste,0,-20.0707,-44.2994
4603,3130200,Igaratinga,MG,Sudeste,0,-19.9476,-44.7063
4605,3130309,Iguatama,MG,Sudeste,0,-20.1776,-45.7111
4607,3130408,Ijaci,MG,Sudeste,0,-21.1738,-44.9233
4609,3130507,Ilicínea,MG,Sudeste,0,-20.9402,-45.8308
0626,3130556,Imbé de Minas,MG,Sudeste,0,-19.6017,-41.9695
4611,3130606,Inconfidentes,MG,Sudeste,0,-22.3136,-46.3264
0628,3130655,Indaiabira,MG,Sudeste,0,-15.4911,-42.2005
4613,3130705,Indianópolis,MG,Sudeste,0,-19.0341,-47.9155
4615,3130804,Ingaí,MG,Sudeste,0,-21.4024,-44.9152
4617,3130903,Inhapim,MG,Sudeste,0,-19.5476,-42.1147
4619,3131000,Inhaúma,MG,Sudeste,0,-19.4898,-44.3934
4621,3131109,Inimutaba,MG,Sudeste,0,-18.7271,-44.3584
2665,3131158,Ipaba,MG,Sudeste,0,-19.4158,-42.4139
4623,3131208,Ipanema,MG,Sudeste,0,-19.7992,-41.7164
4625,3131307,Ipatinga,MG,Sudeste,0,-19.4703,-42.5476
4627,3131406,Ipiaçu,MG,Sudeste,0,-18.6927,-49.9436
4629,3131505,Ipuiúna,MG,Sudeste,0,-22.1013,-46.1915
4631,3131604,Iraí de Minas,MG,Sudeste,0,-18.9819,-47.461
4633,3131703,Itabira,MG,Sudeste,0,-19.6239,-43.2312
4635,3131802,Itabirinha,MG,Sudeste,0,-18.5712,-41.234
4637,3131901,Itabirito,MG,Sudeste,0,-20.2501,-43.8038
4639,3132008,Itacambira,MG,Sudeste,0,-17.0625,-43.3069
4641,3132107,Itacarambi,MG,Sudeste,0,-15.089,-44.095
4643,3132206,Itaguara,MG,Sudeste,0,-20.3947,-44.4875
4645,3132305,Itaipé,MG,Sudeste,0,-17.4014,-41.6697
4647,3132404,Itajubá,MG,Sudeste,0,-22.4225,-45.4598
4649,3132503,Itamarandiba,MG,Sudeste,0,-17.8552,-42.8561
4651,3132602,Itamarati de Minas,MG,Sudeste,0,-21.4179,-42.813
4653,3132701,Itambacuri,MG,Sudeste,0,-18.035,-41.683
4655,3132800,Itambé do Mato Dentro,MG,Sudeste,0,-19.4158,-43.3182
4657,3132909,Itamogi,MG,Sudeste,0,-21.0758,-47.046
4659,3133006,Itamonte,MG,Sudeste,0,-22.2859,-44.868
4661,3133105,Itanhandu,MG,Sudeste,0,-22.2942,-44.9382
4663,3133204,Itanhomi,MG,Sudeste,0,-19.1736,-41.863
4665,3133303,Itaobim,MG,Sudeste,0,-16.5571,-41.5017
4667,3133402,Itapagipe,MG,Sudeste,0,-19.9062,-49.3781
4669,3133501,Itapecerica,MG,Sudeste,0,-20.4704,-45.127
4671,3133600,Itapeva,MG,Sudeste,0,-22.7665,-46.2241
4673,3133709,Itatiaiuçu,MG,Sudeste,0,-20.1983,-44.4211
5731,3133758,Itaú de Minas,MG,Sudeste,0,-20.7375,-46.7525
4675,3133808,Itaúna,MG,Sudeste,0,-20.0818,-44.5801
4677,3133907,Itaverava,MG,Sudeste,0,-20.6769,-43.6141
4679,3134004,Itinga,MG,Sudeste,0,-16.61,-41.7672
4681,3134103,Itueta,MG,Sudeste,0,-19.3999,-41.1746
4683,3134202,Ituiutaba,MG,Sudeste,0,-18.9772,-49.4639
4685,3134301,Itumirim,MG,Sudeste,0,-21.3171,-44.8724
4687,3134400,Iturama,MG,Sudeste,0,-19.7276,-50.1966
4689,3134509,Itutinga,MG,Sudeste,0,-21.3,-44.6567
4691,3134608,Jaboticatubas,MG,Sudeste,0,-19.5119,-43.7373
4693,3134707,Jacinto,MG,Sudeste,0,-16.1428,-40.295
4695,3134806,Jacuí,MG,Sudeste,0,-21.0137,-46.7359
4697,3134905,Jacutinga,MG,Sudeste,0,-22.286,-46.6166
4699,3135001,Jaguaraçu,MG,Sudeste,0,-19.647,-42.7498
2893,3135050,Jaíba,MG,Sudeste,0,-15.3432,-43.6688
2655,3135076,Jampruca,MG,Sudeste,0,-18.461,-41.809
4701,3135100,Janaúba,MG,Sudeste,0,-15.8022,-43.3132
4703,3135209,Januária,MG,Sudeste,0,-15.4802,-44.3639
4705,3135308,Japaraíba,MG,Sudeste,0,-20.1442,-45.5015
0630,3135357,Japonvar,MG,Sudeste,0,-15.9891,-44.2758
4707,3135407,Jeceaba,MG,Sudeste,0,-20.5339,-43.9894
0632,3135456,Jenipapo de Minas,MG,Sudeste,0,-17.0831,-42.2589
4709,3135506,Jequeri,MG,Sudeste,0,-20.4542,-42.6651
4711,3135605,Jequitaí,MG,Sudeste,0,-17.229,-44.4376
4713,3135704,Jequitibá,MG,Sudeste,0,-19.2345,-44.0304
4715,3135803,Jequitinhonha,MG,Sudeste,0,-16.4375,-41.0117
4717,3135902,Jesuânia,MG,Sudeste,0,-21.9887,-45.2911
4719,3136009,Joaíma,MG,Sudeste,0,-16.6522,-41.0229
4721,3136108,Joanésia,MG,Sudeste,0,-19.1729,-42.6775
4723,3136207,João Monlevade,MG,Sudeste,0,-19.8126,-43.1735
4725,3136306,João Pinheiro,MG,Sudeste,0,-17.7398,-46.1715
4727,3136405,Joaquim Felício,MG,Sudeste,0,-17.758,-44.1643
4729,3136504,Jordânia,MG,Sudeste,0,-15.9009,-40.1841
0634,3136520,José Gonçalves de Minas,MG,Sudeste,0,-16.9053,-42.6014
0636,3136553,José Raydan,MG,Sudeste,0,-18.2195,-42.4946
0638,3136579,Josenópolis,MG,Sudeste,0,-16.5417,-42.5151
4731,3136603,Nova União,MG,Sudeste,0,-19.6876,-43.583
2691,3136652,Juatuba,MG,Sudeste,0,-19.9448,-44.3451
4733,3136702,Juiz de Fora,MG,Sudeste,0,-21.7595,-43.3398
4735,3136801,Juramento,MG,Sudeste,0,-16.8473,-43.5865
4737,3136900,Juruaia,MG,Sudeste,0,-21.2493,-46.5735
0640,3136959,Juvenília,MG,Sudeste,0,-14.2662,-44.1597
4739,3137007,Ladainha,MG,Sudeste,0,-17.6279,-41.7488
4741,3137106,Lagamar,MG,Sudeste,0,-18.1759,-46.8063
4743,3137205,Lagoa da Prata,MG,Sudeste,0,-20.0237,-45.5401
4745,3137304,Lagoa dos Patos,MG,Sudeste,0,-16.978,-44.5754
4747,3137403,Lagoa Dourada,MG,Sudeste,0,-20.9139,-44.0797
4749,3137502,Lagoa Formosa,MG,Sudeste,0,-18.7715,-46.4012
2905,3137536,Lagoa Grande,MG,Sudeste,0,-17.8323,-46.5165
4751,3137601,Lagoa Santa,MG,Sudeste,0,-19.6397,-43.8932
4753,3137700,Lajinha,MG,Sudeste,0,-20.1539,-41.6228
4755,3137809,Lambari,MG,Sudeste,0,-21.9671,-45.3498
4757,3137908,Lamim,MG,Sudeste,0,-20.79,-43.4706
4759,3138005,Laranjal,MG,Sudeste,0,-21.3715,-42.4732
4761,3138104,Lassance,MG,Sudeste,0,-17.887,-44.5735
4763,3138203,Lavras,MG,Sudeste,0,-21.248,-45.0009
4765,3138302,Leandro Ferreira,MG,Sudeste,0,-19.7193,-45.0279
0642,3138351,Leme do Prado,MG,Sudeste,0,-17.0793,-42.6936
4767,3138401,Leopoldina,MG,Sudeste,0,-21.5296,-42.6421
4769,3138500,Liberdade,MG,Sudeste,0,-22.0275,-44.3208
4771,3138609,Lima Duarte,MG,Sudeste,0,-21.8386,-43.7934
2687,3138625,Limeira do Oeste,MG,Sudeste,0,-19.5512,-50.5815
2695,3138658,Lontra,MG,Sudeste,0,-15.9013,-44.306
0644,3138674,Luisburgo,MG,Sudeste,0,-20.4468,-42.0976
0646,3138682,Luislândia,MG,Sudeste,0,-16.1095,-44.5886
4773,3138708,Luminárias,MG,Sudeste,0,-21.5145,-44.9034
4775,3138807,Luz,MG,Sudeste,0,-19.7911,-45.6794
4777,3138906,Machacalis,MG,Sudeste,0,-17.0723,-40.7245
4779,3139003,Machado,MG,Sudeste,0,-21.6778,-45.9219
4781,3139102,Madre de Deus de Minas,MG,Sudeste,0,-21.483,-44.3287
4783,3139201,Malacacheta,MG,Sudeste,0,-17.8456,-42.0769
2895,3139250,Mamonas,MG,Sudeste,0,-15.0479,-42.9469
4785,3139300,Manga,MG,Sudeste,0,-14.7529,-43.9391
4787,3139409,Manhuaçu,MG,Sudeste,0,-20.2572,-42.028
4789,3139508,Manhumirim,MG,Sudeste,0,-20.3591,-41.9589
4791,3139607,Mantena,MG,Sudeste,0,-18.7761,-40.9874
4793,3139706,Maravilhas,MG,Sudeste,0,-19.5076,-44.6779
4795,3139805,Mar de Espanha,MG,Sudeste,0,-21.8707,-43.0062
4797,3139904,Maria da Fé,MG,Sudeste,0,-22.3044,-45.3773
4799,3140001,Mariana,MG,Sudeste,0,-20.3765,-43.414
4801,3140100,Marilac,MG,Sudeste,0,-18.5079,-42.0822
0648,3140159,Mário Campos,MG,Sudeste,0,-20.0582,-44.1883
4803,3140209,Maripá de Minas,MG,Sudeste,0,-21.6979,-42.9546
4805,3140308,Marliéria,MG,Sudeste,0,-19.7096,-42.7327
4807,3140407,Marmelópolis,MG,Sudeste,0,-22.447,-45.1645
4809,3140506,Martinho Campos,MG,Sudeste,0,-19.3306,-45.2434
0650,3140530,Martins Soares,MG,Sudeste,0,-20.2546,-41.8786
2659,3140555,Mata Verde,MG,Sudeste,0,-15.6869,-40.7366
4811,3140605,Materlândia,MG,Sudeste,0,-18.4699,-43.0579
4813,3140704,Mateus Leme,MG,Sudeste,0,-19.9794,-44.4318
4815,3140803,Matias Barbosa,MG,Sudeste,0,-21.869,-43.3135
2897,3140852,Matias Cardoso,MG,Sudeste,0,-14.8563,-43.9146
4817,3140902,Matipó,MG,Sudeste,0,-20.2873,-42.3401
4819,3141009,Mato Verde,MG,Sudeste,0,-15.3944,-42.86
4821,3141108,Matozinhos,MG,Sudeste,0,-19.5543,-44.0868
4823,3141207,Matutina,MG,Sudeste,0,-19.2179,-45.9664
4825,3141306,Medeiros,MG,Sudeste,0,-19.9865,-46.2181
4827,3141405,Medina,MG,Sudeste,0,-16.2245,-41.4728
4829,3141504,Mendes Pimentel,MG,Sudeste,0,-18.6631,-41.4052
4831,3141603,Mercês,MG,Sudeste,0,-21.1976,-43.3337
4833,3141702,Mesquita,MG,Sudeste,0,-19.224,-42.6079
4835,3141801,Minas Novas,MG,Sudeste,0,-17.2156,-42.5884
4837,3141900,Minduri,MG,Sudeste,0,-21.6797,-44.6051
4839,3142007,Mirabela,MG,Sudeste,0,-16.256,-44.1602
4841,3142106,Miradouro,MG,Sudeste,0,-20.8899,-42.3458
4843,3142205,Miraí,MG,Sudeste,0,-21.2021,-42.6122
0652,3142254,Miravânia,MG,Sudeste,0,-14.7348,-44.4092
4845,3142304,Moeda,MG,Sudeste,0,-20.3399,-44.0509
4847,3142403,Moema,MG,Sudeste,0,-19.8387,-45.4127
4849,3142502,Monjolos,MG,Sudeste,0,-18.3245,-44.118
4851,3142601,Monsenhor Paulo,MG,Sudeste,0,-21.7579,-45.5391
4853,3142700,Montalvânia,MG,Sudeste,0,-14.4197,-44.3719
4855,3142809,Monte Alegre de Minas,MG,Sudeste,0,-18.869,-48.881
4857,3142908,Monte Azul,MG,Sudeste,0,-15.1514,-42.8718
4859,3143005,Monte Belo,MG,Sudeste,0,-21.3271,-46.3635
4861,3143104,Monte Carmelo,MG,Sudeste,0,-18.7302,-47.4912
0654,3143153,Monte Formoso,MG,Sudeste,0,-16.8691,-41.2473
4863,3143203,Monte Santo de Minas,MG,Sudeste,0,-21.1873,-46.9753
4865,3143302,Montes Claros,MG,Sudeste,0,-16.7282,-43.8578
4867,3143401,Monte Sião,MG,Sudeste,0,-22.4335,-46.573
2697,3143450,Montezuma,MG,Sudeste,0,-15.1702,-42.4941
4869,3143500,Morada Nova de Minas,MG,Sudeste,0,-18.5998,-45.3584
4871,3143609,Morro da Garça,MG,Sudeste,0,-18.5356,-44.601
4873,3143708,Morro do Pilar,MG,Sudeste,0,-19.2236,-43.3795
4875,3143807,Munhoz,MG,Sudeste,0,-22.6092,-46.362
4877,3143906,Muriaé,MG,Sudeste,0,-21.13,-42.3693
4879,3144003,Mutum,MG,Sudeste,0,-19.8121,-41.4407
4881,3144102,Muzambinho,MG,Sudeste,0,-21.3692,-46.5213
4883,3144201,Nacip Raydan,MG,Sudeste,0,-18.4544,-42.2481
4885,3144300,Nanuque,MG,Sudeste,0,-17.8481,-40.3533
0656,3144359,Naque,MG,Sudeste,0,-19.2291,-42.3312
0658,3144375,Natalândia,MG,Sudeste,0,-16.5021,-46.4874
4887,3144409,Natércia,MG,Sudeste,0,-22.1158,-45.5123
4889,3144508,Nazareno,MG,Sudeste,0,-21.2168,-44.6138
4891,3144607,Nepomuceno,MG,Sudeste,0,-21.2324,-45.235
0660,3144656,Ninheira,MG,Sudeste,0,-15.3148,-41.7564
0662,3144672,Nova Belém,MG,Sudeste,0,-18.4925,-41.1107
4893,3144706,Nova Era,MG,Sudeste,0,-19.7577,-43.0333
4895,3144805,Nova Lima,MG,Sudeste,0,-19.9758,-43.8509
4897,3144904,Nova Módica,MG,Sudeste,0,-18.4417,-41.4984
4899,3145000,Nova Ponte,MG,Sudeste,0,-19.1461,-47.6779
0664,3145059,Nova Porteirinha,MG,Sudeste,0,-15.7993,-43.2941
4901,3145109,Nova Resende,MG,Sudeste,0,-21.1286,-46.4157
4903,3145208,Nova Serrana,MG,Sudeste,0,-19.8713,-44.9847
4905,3145307,Novo Cruzeiro,MG,Sudeste,0,-17.4654,-41.8826
0666,3145356,Novo Oriente de Minas,MG,Sudeste,0,-17.4089,-41.2194
0668,3145372,Novorizonte,MG,Sudeste,0,-16.0162,-42.4044
4907,3145406,Olaria,MG,Sudeste,0,-21.8598,-43.9356
0670,3145455,Olhos d'Água,MG,Sudeste,0,-17.3982,-43.5719
4909,3145505,Olímpio Noronha,MG,Sudeste,0,-22.0685,-45.2657
4911,3145604,Oliveira,MG,Sudeste,0,-20.6982,-44.829
4913,3145703,Oliveira Fortes,MG,Sudeste,0,-21.3401,-43.4499
4915,3145802,Onça de Pitangui,MG,Sudeste,0,-19.7276,-44.8058
0672,3145851,Oratórios,MG,Sudeste,0,-20.4298,-42.7977
0674,3145877,Orizânia,MG,Sudeste,0,-20.5142,-42.1991
4917,3145901,Ouro Branco,MG,Sudeste,0,-20.5263,-43.6962
4919,3146008,Ouro Fino,MG,Sudeste,0,-22.2779,-46.3716
4921,3146107,Ouro Preto,MG,Sudeste,0,-20.3796,-43.512
4923,3146206,Ouro Verde de Minas,MG,Sudeste,0,-18.0719,-41.2734
0676,3146255,Padre Carvalho,MG,Sudeste,0,-16.3646,-42.5088
4925,3146305,Padre Paraíso,MG,Sudeste,0,-17.0758,-41.4821
4927,3146404,Paineiras,MG,Sudeste,0,-18.8993,-45.5321
4929,3146503,Pains,MG,Sudeste,0,-20.3705,-45.6627
0678,3146552,Pai Pedro,MG,Sudeste,0,-15.5271,-43.07
4931,3146602,Paiva,MG,Sudeste,0,-21.2913,-43.4088
4933,3146701,Palma,MG,Sudeste,0,-21.3748,-42.3123
2661,3146750,Palmópolis,MG,Sudeste,0,-16.7364,-40.4296
4937,3146909,Papagaios,MG,Sudeste,0,-19.4419,-44.7468
4939,3147006,Paracatu,MG,Sudeste,0,-17.2252,-46.8711
4941,3147105,Pará de Minas,MG,Sudeste,0,-19.8534,-44.6114
4943,3147204,Paraguaçu,MG,Sudeste,0,-21.5465,-45.7374
4945,3147303,Paraisópolis,MG,Sudeste,0,-22.5539,-45.7803
4947,3147402,Paraopeba,MG,Sudeste,0,-19.2732,-44.4044
4949,3147501,Passabém,MG,Sudeste,0,-19.3509,-43.1383
4951,3147600,Passa Quatro,MG,Sudeste,0,-22.3871,-44.9709
4953,3147709,Passa Tempo,MG,Sudeste,0,-20.6539,-44.4926
4955,3147808,Passa-Vinte,MG,Sudeste,0,-22.2097,-44.2344
4957,3147907,Passos,MG,Sudeste,0,-20.7193,-46.609
0680,3147956,Patis,MG,Sudeste,0,-16.0773,-44.0787
4959,3148004,Patos de Minas,MG,Sudeste,0,-18.5699,-46.5013
4961,3148103,Patrocínio,MG,Sudeste,0,-18.9379,-46.9934
4963,3148202,Patrocínio do Muriaé,MG,Sudeste,0,-21.1544,-42.2125
4965,3148301,Paula Cândido,MG,Sudeste,0,-20.8754,-42.9752
4967,3148400,Paulistas,MG,Sudeste,0,-18.4276,-42.8628
4969,3148509,Pavão,MG,Sudeste,0,-17.4267,-41.0035
4971,3148608,Peçanha,MG,Sudeste,0,-18.5441,-42.5583
4973,3148707,Pedra Azul,MG,Sudeste,0,-16.0086,-41.2909
0682,3148756,Pedra Bonita,MG,Sudeste,0,-20.5219,-42.3304
4975,3148806,Pedra do Anta,MG,Sudeste,0,-20.5968,-42.7123
4977,3148905,Pedra do Indaiá,MG,Sudeste,0,-20.2563,-45.2107
4979,3149002,Pedra Dourada,MG,Sudeste,0,-20.8266,-42.1515
4981,3149101,Pedralva,MG,Sudeste,0,-22.2386,-45.4654
2899,3149150,Pedras de Maria da Cruz,MG,Sudeste,0,-15.6032,-44.391
4983,3149200,Pedrinópolis,MG,Sudeste,0,-19.2241,-47.4579
4985,3149309,Pedro Leopoldo,MG,Sudeste,0,-19.6308,-44.0383
4987,3149408,Pedro Teixeira,MG,Sudeste,0,-21.7076,-43.743
4989,3149507,Pequeri,MG,Sudeste,0,-21.8341,-43.1145
4991,3149606,Pequi,MG,Sudeste,0,-19.6284,-44.6604
4993,3149705,Perdigão,MG,Sudeste,0,-19.9411,-45.078
4995,3149804,Perdizes,MG,Sudeste,0,-19.3434,-47.2963
4997,3149903,Perdões,MG,Sudeste,0,-21.0932,-45.0896
0684,3149952,Periquito,MG,Sudeste,0,-19.1573,-42.2333
4999,3150000,Pescador,MG,Sudeste,0,-18.357,-41.6006
5001,3150109,Piau,MG,Sudeste,0,-21.5096,-43.313
0686,3150158,Piedade de Caratinga,MG,Sudeste,0,-19.7593,-42.0756
5003,3150208,Piedade de Ponte Nova,MG,Sudeste,0,-20.2438,-42.7379
5005,3150307,Piedade do Rio Grande,MG,Sudeste,0,-21.469,-44.1938
5007,3150406,Piedade dos Gerais,MG,Sudeste,0,-20.4715,-44.2243
5009,3150505,Pimenta,MG,Sudeste,0,-20.4827,-45.8049
0688,3150539,Pingo-d'Água,MG,Sudeste,0,-19.7287,-42.4095
0690,3150570,Pintópolis,MG,Sudeste,0,-16.0572,-45.1402
5011,3150604,Piracema,MG,Sudeste,0,-20.5089,-44.4783
5013,3150703,Pirajuba,MG,Sudeste,0,-19.9092,-48.7027
5015,3150802,Piranga,MG,Sudeste,0,-20.6834,-43.2967
5017,3150901,Piranguçu,MG,Sudeste,0,-22.5249,-45.4945
5019,3151008,Piranguinho,MG,Sudeste,0,-22.395,-45.5324
5021,3151107,Pirapetinga,MG,Sudeste,0,-21.6554,-42.3434
5023,3151206,Pirapora,MG,Sudeste,0,-17.3392,-44.934
5025,3151305,Piraúba,MG,Sudeste,0,-21.2825,-43.0172
5027,3151404,Pitangui,MG,Sudeste,0,-19.6741,-44.8964
5029,3151503,Piumhi,MG,Sudeste,0,-20.4762,-45.9589
5031,3151602,Planura,MG,Sudeste,0,-20.1376,-48.7
5033,3151701,Poço Fundo,MG,Sudeste,0,-21.78,-45.9658
5035,3151800,Poços de Caldas,MG,Sudeste,0,-21.78,-46.5692
5037,3151909,Pocrane,MG,Sudeste,0,-19.6208,-41.6334
5039,3152006,Pompéu,MG,Sudeste,0,-19.2257,-45.0141
5041,3152105,Ponte Nova,MG,Sudeste,0,-20.4111,-42.8978
0692,3152131,Ponto Chique,MG,Sudeste,0,-16.6282,-45.0588
0694,3152170,Ponto dos Volantes,MG,Sudeste,0,-16.7473,-41.5025
5043,3152204,Porteirinha,MG,Sudeste,0,-15.7404,-43.0281
5045,3152303,Porto Firme,MG,Sudeste,0,-20.6642,-43.0834
5047,3152402,Poté,MG,Sudeste,0,-17.8077,-41.786
5049,3152501,Pouso Alegre,MG,Sudeste,0,-22.2266,-45.9389
5051,3152600,Pouso Alto,MG,Sudeste,0,-22.1964,-44.9748
5053,3152709,Prados,MG,Sudeste,0,-21.0597,-44.0778
5055,3152808,Prata,MG,Sudeste,0,-19.3086,-48.9276
5057,3152907,Pratápolis,MG,Sudeste,0,-20.7411,-46.8624
5059,3153004,Pratinha,MG,Sudeste,0,-19.739,-46.3755
5061,3153103,Presidente Bernardes,MG,Sudeste,0,-20.7656,-43.1895
5063,3153202,Presidente Juscelino,MG,Sudeste,0,-18.6401,-44.06
5065,3153301,Presidente Kubitschek,MG,Sudeste,0,-18.6193,-43.5628
5067,3153400,Presidente Olegário,MG,Sudeste,0,-18.4096,-46.4165
5069,3153509,Alto Jequitibá,MG,Sudeste,0,-20.4208,-41.967
5071,3153608,Prudente de Morais,MG,Sudeste,0,-19.4742,-44.1591
5073,3153707,Quartel Geral,MG,Sudeste,0,-19.2703,-45.5569
5075,3153806,Queluzito,MG,Sudeste,0,-20.7416,-43.8851
5077,3153905,Raposos,MG,Sudeste,0,-19.9636,-43.8079
5079,3154002,Raul Soares,MG,Sudeste,0,-20.1061,-42.4502
5081,3154101,Recreio,MG,Sudeste,0,-21.5289,-42.4676
0696,3154150,Reduto,MG,Sudeste,0,-20.2401,-41.9848
5083,3154200,Resende Costa,MG,Sudeste,0,-20.9171,-44.2407
5085,3154309,Resplendor,MG,Sudeste,0,-19.3194,-41.2462
5087,3154408,Ressaquinha,MG,Sudeste,0,-21.0642,-43.7598
2901,3154457,Riachinho,MG,Sudeste,0,-16.2258,-45.9888
5089,3154507,Riacho dos Machados,MG,Sudeste,0,-16.0091,-43.0488
5091,3154606,Ribeirão das Neves,MG,Sudeste,0,-19.7621,-44.0844
5093,3154705,Ribeirão Vermelho,MG,Sudeste,0,-21.1879,-45.0637
5095,3154804,Rio Acima,MG,Sudeste,0,-20.0876,-43.7878
5097,3154903,Rio Casca,MG,Sudeste,0,-20.2285,-42.6462
5099,3155009,Rio Doce,MG,Sudeste,0,-20.2412,-42.8995
5101,3155108,Rio do Prado,MG,Sudeste,0,-16.6056,-40.5714
5103,3155207,Rio Espera,MG,Sudeste,0,-20.855,-43.4721
5105,3155306,Rio Manso,MG,Sudeste,0,-20.2666,-44.3069
5107,3155405,Rio Novo,MG,Sudeste,0,-21.4649,-43.1168
5109,3155504,Rio Paranaíba,MG,Sudeste,0,-19.1861,-46.2455
5111,3155603,Rio Pardo de Minas,MG,Sudeste,0,-15.616,-42.5405
5113,3155702,Rio Piracicaba,MG,Sudeste,0,-19.9284,-43.1829
5115,3155801,Rio Pomba,MG,Sudeste,0,-21.2712,-43.1696
5117,3155900,Rio Preto,MG,Sudeste,0,-22.0861,-43.8293
5119,3156007,Rio Vermelho,MG,Sudeste,0,-18.2922,-43.0018
5121,3156106,Ritápolis,MG,Sudeste,0,-21.0276,-44.3204
5123,3156205,Rochedo de Minas,MG,Sudeste,0,-21.6284,-43.0165
5125,3156304,Rodeiro,MG,Sudeste,0,-21.2035,-42.8586
5127,3156403,Romaria,MG,Sudeste,0,-18.8838,-47.5782
0698,3156452,Rosário da Limeira,MG,Sudeste,0,-20.9812,-42.5112
5129,3156502,Rubelita,MG,Sudeste,0,-16.4053,-42.261
5131,3156601,Rubim,MG,Sudeste,0,-16.3775,-40.5397
5133,3156700,Sabará,MG,Sudeste,0,-19.884,-43.8263
5135,3156809,Sabinópolis,MG,Sudeste,0,-18.6653,-43.0752
5137,3156908,Sacramento,MG,Sudeste,0,-19.8622,-47.4508
5139,3157005,Salinas,MG,Sudeste,0,-16.1753,-42.2964
5141,3157104,Salto da Divisa,MG,Sudeste,0,-16.0063,-39.9391
5143,3157203,Santa Bárbara,MG,Sudeste,0,-19.9604,-43.4101
2667,3157252,Santa Bárbara do Leste,MG,Sudeste,0,-19.9753,-42.1457
0700,3157278,Santa Bárbara do Monte Verde,MG,Sudeste,0,-21.9592,-43.7027
5145,3157302,Santa Bárbara do Tugúrio,MG,Sudeste,0,-21.2431,-43.5607
0702,3157336,Santa Cruz de Minas,MG,Sudeste,0,-21.1241,-44.2202
0704,3157377,Santa Cruz de Salinas,MG,Sudeste,0,-16.0967,-41.7418
5147,3157401,Santa Cruz do Escalvado,MG,Sudeste,0,-20.2372,-42.8169
5149,3157500,Santa Efigênia de Minas,MG,Sudeste,0,-18.8235,-42.4388
5151,3157609,Santa Fé de Minas,MG,Sudeste,0,-16.6859,-45.4102
0706,3157658,Santa Helena de Minas,MG,Sudeste,0,-16.9707,-40.6727
5153,3157708,Santa Juliana,MG,Sudeste,0,-19.3108,-47.5322
5155,3157807,Santa Luzia,MG,Sudeste,0,-19.7548,-43.8497
5157,3157906,Santa Margarida,MG,Sudeste,0,-20.3839,-42.2519
5159,3158003,Santa Maria de Itabira,MG,Sudeste,0,-19.4431,-43.1064
5161,3158102,Santa Maria do Salto,MG,Sudeste,0,-16.2479,-40.1512
5163,3158201,Santa Maria do Suaçuí,MG,Sudeste,0,-18.1896,-42.4139
5165,3158300,Santana da Vargem,MG,Sudeste,0,-21.2449,-45.5005
5167,3158409,Santana de Cataguases,MG,Sudeste,0,-21.2893,-42.5524
5169,3158508,Santana de Pirapama,MG,Sudeste,0,-18.9962,-44.0409
5171,3158607,Santana do Deserto,MG,Sudeste,0,-21.9512,-43.1583
5173,3158706,Santana do Garambéu,MG,Sudeste,0,-21.5983,-44.105
5175,3158805,Santana do Jacaré,MG,Sudeste,0,-20.9007,-45.1285
5177,3158904,Santana do Manhuaçu,MG,Sudeste,0,-20.1031,-41.9278
2673,3158953,Santana do Paraíso,MG,Sudeste,0,-19.3661,-42.5446
5179,3159001,Santana do Riacho,MG,Sudeste,0,-19.1662,-43.722
5181,3159100,Santana dos Montes,MG,Sudeste,0,-20.7868,-43.6949
5183,3159209,Santa Rita de Caldas,MG,Sudeste,0,-22.0292,-46.3385
5185,3159308,Santa Rita de Jacutinga,MG,Sudeste,0,-22.1474,-44.0977
2669,3159357,Santa Rita de Minas,MG,Sudeste,0,-19.876,-42.1363
5187,3159407,Santa Rita de Ibitipoca,MG,Sudeste,0,-21.5658,-43.9163
5189,3159506,Santa Rita do Itueto,MG,Sudeste,0,-19.3576,-41.3821
5191,3159605,Santa Rita do Sapucaí,MG,Sudeste,0,-22.2461,-45.7034
5193,3159704,Santa Rosa da Serra,MG,Sudeste,0,-19.5186,-45.9611
5195,3159803,Santa Vitória,MG,Sudeste,0,-18.8414,-50.1208
5197,3159902,Santo Antônio do Amparo,MG,Sudeste,0,-20.943,-44.9176
5199,3160009,Santo Antônio do Aventureiro,MG,Sudeste,0,-21.7606,-42.8115
5201,3160108,Santo Antônio do Grama,MG,Sudeste,0,-20.3185,-42.6047
5203,3160207,Santo Antônio do Itambé,MG,Sudeste,0,-18.4609,-43.3006
5205,3160306,Santo Antônio do Jacinto,MG,Sudeste,0,-16.5332,-40.1817
5207,3160405,Santo Antônio do Monte,MG,Sudeste,0,-20.085,-45.2947
0708,3160454,Santo Antônio do Retiro,MG,Sudeste,0,-15.3393,-42.6171
5209,3160504,Santo Antônio do Rio Abaixo,MG,Sudeste,0,-19.2374,-43.2604
5211,3160603,Santo Hipólito,MG,Sudeste,0,-18.2968,-44.2229
5213,3160702,Santos Dumont,MG,Sudeste,0,-21.4634,-43.5499
5215,3160801,São Bento Abade,MG,Sudeste,0,-21.5839,-45.0699
5217,3160900,São Brás do Suaçuí,MG,Sudeste,0,-20.6242,-43.9515
0710,3160959,São Domingos das Dores,MG,Sudeste,0,-19.5246,-42.0106
5219,3161007,São Domingos do Prata,MG,Sudeste,0,-19.8678,-42.971
0712,3161056,São Félix de Minas,MG,Sudeste,0,-18.5959,-41.4889
5221,3161106,São Francisco,MG,Sudeste,0,-15.9514,-44.8593
5223,3161205,São Francisco de Paula,MG,Sudeste,0,-20.7036,-44.9838
5225,3161304,São Francisco de Sales,MG,Sudeste,0,-19.8611,-49.7727
5227,3161403,São Francisco do Glória,MG,Sudeste,0,-20.7923,-42.2673
5229,3161502,São Geraldo,MG,Sudeste,0,-20.9252,-42.8364
5231,3161601,São Geraldo da Piedade,MG,Sudeste,0,-18.8411,-42.2867
0714,3161650,São Geraldo do Baixio,MG,Sudeste,0,-18.9097,-41.363
5233,3161700,São Gonçalo do Abaeté,MG,Sudeste,0,-18.3315,-45.8265
5235,3161809,São Gonçalo do Pará,MG,Sudeste,0,-19.9822,-44.8593
5237,3161908,São Gonçalo do Rio Abaixo,MG,Sudeste,0,-19.8221,-43.366
5239,3162005,São Gonçalo do Sapucaí,MG,Sudeste,0,-21.8932,-45.5893
5241,3162104,São Gotardo,MG,Sudeste,0,-19.3087,-46.0465
5243,3162203,São João Batista do Glória,MG,Sudeste,0,-20.635,-46.508
0716,3162252,São João da Lagoa,MG,Sudeste,0,-16.8455,-44.3507
5245,3162302,São João da Mata,MG,Sudeste,0,-21.928,-45.9297
5247,3162401,São João da Ponte,MG,Sudeste,0,-15.9271,-44.0096
0718,3162450,São João das Missões,MG,Sudeste,0,-14.8859,-44.0922
5249,3162500,São João del Rei,MG,Sudeste,0,-21.1311,-44.2526
2677,3162559,São João do Manhuaçu,MG,Sudeste,0,-20.3933,-42.1533
2679,3162575,São João do Manteninha,MG,Sudeste,0,-18.723,-41.1628
5251,3162609,São João do Oriente,MG,Sudeste,0,-19.3384,-42.1575
0720,3162658,São João do Pacuí,MG,Sudeste,0,-16.5373,-44.5134
5253,3162708,São João do Paraíso,MG,Sudeste,0,-15.3168,-42.0213
5255,3162807,São João Evangelista,MG,Sudeste,0,-18.548,-42.7655
5257,3162906,São João Nepomuceno,MG,Sudeste,0,-21.5381,-43.0069
0722,3162922,São Joaquim de Bicas,MG,Sudeste,0,-20.048,-44.2749
0724,3162948,São José da Barra,MG,Sudeste,0,-20.7178,-46.313
2649,3162955,São José da Lapa,MG,Sudeste,0,-19.6971,-43.9586
5259,3163003,São José da Safira,MG,Sudeste,0,-18.3243,-42.1431
5261,3163102,São José da Varginha,MG,Sudeste,0,-19.7006,-44.556
5263,3163201,São José do Alegre,MG,Sudeste,0,-22.3243,-45.5258
5265,3163300,São José do Divino,MG,Sudeste,0,-18.4793,-41.3907
5267,3163409,São José do Goiabal,MG,Sudeste,0,-19.9214,-42.7035
5269,3163508,São José do Jacuri,MG,Sudeste,0,-18.281,-42.6729
5271,3163607,São José do Mantimento,MG,Sudeste,0,-20.0058,-41.7486
5273,3163706,São Lourenço,MG,Sudeste,0,-22.1166,-45.0506
5275,3163805,São Miguel do Anta,MG,Sudeste,0,-20.7067,-42.7174
5277,3163904,São Pedro da União,MG,Sudeste,0,-21.131,-46.6123
5279,3164001,São Pedro dos Ferros,MG,Sudeste,0,-20.1732,-42.5251
5281,3164100,São Pedro do Suaçuí,MG,Sudeste,0,-18.3609,-42.5981
5283,3164209,São Romão,MG,Sudeste,0,-16.3641,-45.0749
5285,3164308,São Roque de Minas,MG,Sudeste,0,-20.249,-46.3639
5287,3164407,São Sebastião da Bela Vista,MG,Sudeste,0,-22.1583,-45.7546
0726,3164431,São Sebastião da Vargem Alegre,MG,Sudeste,0,-19.7477,-43.3679
0728,3164472,São Sebastião do Anta,MG,Sudeste,0,-19.5064,-41.985
5289,3164506,São Sebastião do Maranhão,MG,Sudeste,0,-18.0873,-42.5659
5291,3164605,São Sebastião do Oeste,MG,Sudeste,0,-20.2758,-45.0063
5293,3164704,São Sebastião do Paraíso,MG,Sudeste,0,-20.9167,-46.9837
5295,3164803,São Sebastião do Rio Preto,MG,Sudeste,0,-19.2959,-43.1757
5297,3164902,São Sebastião do Rio Verde,MG,Sudeste,0,-22.2183,-44.9761
5299,3165008,São Tiago,MG,Sudeste,0,-20.9075,-44.5098
5301,3165107,São Tomás de Aquino,MG,Sudeste,0,-20.7791,-47.0962
5303,3165206,São Thomé das Letras,MG,Sudeste,0,-21.7218,-44.9849
5305,3165305,São Vicente de Minas,MG,Sudeste,0,-21.7042,-44.4431
5307,3165404,Sapucaí-Mirim,MG,Sudeste,0,-22.7409,-45.738
5309,3165503,Sardoá,MG,Sudeste,0,-18.7828,-42.3629
0730,3165537,Sarzedo,MG,Sudeste,0,-20.0367,-44.1446
0732,3165552,Setubinha,MG,Sudeste,0,-17.6002,-42.1587
0734,3165560,Sem-Peixe,MG,Sudeste,0,-20.1008,-42.8483
2689,3165578,Senador Amaral,MG,Sudeste,0,-22.5869,-46.1763
5311,3165602,Senador Cortes,MG,Sudeste,0,-21.7986,-42.9424
5313,3165701,Senador Firmino,MG,Sudeste,0,-20.9158,-43.0904
5315,3165800,Senador José Bento,MG,Sudeste,0,-22.1633,-46.1792
5317,3165909,Senador Modestino Gonçalves,MG,Sudeste,0,-17.9465,-43.2172
5319,3166006,Senhora de Oliveira,MG,Sudeste,0,-20.7972,-43.3394
5321,3166105,Senhora do Porto,MG,Sudeste,0,-18.8909,-43.0799
5323,3166204,Senhora dos Remédios,MG,Sudeste,0,-21.0351,-43.5812
5325,3166303,Sericita,MG,Sudeste,0,-20.4748,-42.4828
5327,3166402,Seritinga,MG,Sudeste,0,-21.9134,-44.518
5329,3166501,Serra Azul de Minas,MG,Sudeste,0,-18.3602,-43.1675
5331,3166600,Serra da Saudade,MG,Sudeste,0,-19.4447,-45.795
5333,3166709,Serra dos Aimorés,MG,Sudeste,0,-17.7872,-40.2453
5335,3166808,Serra do Salitre,MG,Sudeste,0,-19.1083,-46.6961
5337,3166907,Serrania,MG,Sudeste,0,-21.5441,-46.0417
0736,3166956,Serranópolis de Minas,MG,Sudeste,0,-15.8176,-42.8732
5339,3167004,Serranos,MG,Sudeste,0,-21.8857,-44.5125
5341,3167103,Serro,MG,Sudeste,0,-18.5991,-43.3744
5343,3167202,Sete Lagoas,MG,Sudeste,0,-19.4569,-44.2413
5345,3167301,Silveirânia,MG,Sudeste,0,-21.1615,-43.2128
5347,3167400,Silvianópolis,MG,Sudeste,0,-22.0274,-45.8385
5349,3167509,Simão Pereira,MG,Sudeste,0,-21.964,-43.3088
5351,3167608,Simonésia,MG,Sudeste,0,-20.1341,-42.0091
5353,3167707,Sobrália,MG,Sudeste,0,-19.2345,-42.0998
5355,3167806,Soledade de Minas,MG,Sudeste,0,-22.0554,-45.0464
5357,3167905,Tabuleiro,MG,Sudeste,0,-21.3632,-43.2381
5359,3168002,Taiobeiras,MG,Sudeste,0,-15.8106,-42.2259
0738,3168051,Taparuba,MG,Sudeste,0,-19.7621,-41.608
5361,3168101,Tapira,MG,Sudeste,0,-19.9166,-46.8264
5363,3168200,Tapiraí,MG,Sudeste,0,-19.8936,-46.0221
5365,3168309,Taquaraçu de Minas,MG,Sudeste,0,-19.6652,-43.6922
5367,3168408,Tarumirim,MG,Sudeste,0,-19.2835,-42.0097
5369,3168507,Teixeiras,MG,Sudeste,0,-20.6561,-42.8564
5371,3168606,Teófilo Otoni,MG,Sudeste,0,-17.8595,-41.5087
5373,3168705,Timóteo,MG,Sudeste,0,-19.5811,-42.6471
5375,3168804,Tiradentes,MG,Sudeste,0,-21.1102,-44.1744
5377,3168903,Tiros,MG,Sudeste,0,-19.0037,-45.9626
5379,3169000,Tocantins,MG,Sudeste,0,-21.1774,-43.0127
0740,3169059,Tocos do Moji,MG,Sudeste,0,-22.3698,-46.0971
5381,3169109,Toledo,MG,Sudeste,0,-22.7421,-46.3728
5383,3169208,Tombos,MG,Sudeste,0,-20.9086,-42.0228
5385,3169307,Três Corações,MG,Sudeste,0,-21.6921,-45.2511
4115,3169356,Três Marias,MG,Sudeste,0,-18.2048,-45.2473
5387,3169406,Três Pontas,MG,Sudeste,0,-21.3694,-45.5109
5389,3169505,Tumiritinga,MG,Sudeste,0,-18.9844,-41.6527
5391,3169604,Tupaciguara,MG,Sudeste,0,-18.5866,-48.6985
5393,3169703,Turmalina,MG,Sudeste,0,-17.2828,-42.7285
5395,3169802,Turvolândia,MG,Sudeste,0,-21.8733,-45.7859
5397,3169901,Ubá,MG,Sudeste,0,-21.1204,-42.9359
5399,3170008,Ubaí,MG,Sudeste,0,-16.2885,-44.7783
2671,3170057,Ubaporanga,MG,Sudeste,0,-19.6351,-42.1059
5401,3170107,Uberaba,MG,Sudeste,0,-19.7472,-47.9381
5403,3170206,Uberlândia,MG,Sudeste,0,-18.9141,-48.2749
5405,3170305,Umburatiba,MG,Sudeste,0,-17.2548,-40.5779
5407,3170404,Unaí,MG,Sudeste,0,-16.3592,-46.9022
0742,3170438,União de Minas,MG,Sudeste,0,-19.5299,-50.338
0744,3170479,Uruana de Minas,MG,Sudeste,0,-16.0634,-46.2443
5409,3170503,Urucânia,MG,Sudeste,0,-20.3521,-42.737
2699,3170529,Urucuia,MG,Sudeste,0,-16.1244,-45.7352
0746,3170578,Vargem Alegre,MG,Sudeste,0,-19.5988,-42.2949
5411,3170602,Vargem Bonita,MG,Sudeste,0,-20.3333,-46.3688
0748,3170651,Vargem Grande do Rio Pardo,MG,Sudeste,0,-15.3987,-42.3085
5413,3170701,Varginha,MG,Sudeste,0,-21.5556,-45.4364
0750,3170750,Varjão de Minas,MG,Sudeste,0,-18.3741,-46.0313
5415,3170800,Várzea da Palma,MG,Sudeste,0,-17.5944,-44.7226
5417,3170909,Varzelândia,MG,Sudeste,0,-15.6992,-44.0278
5419,3171006,Vazante,MG,Sudeste,0,-17.9827,-46.9088
0752,3171030,Verdelândia,MG,Sudeste,0,-15.5845,-43.6121
0754,3171071,Veredinha,MG,Sudeste,0,-17.3974,-42.7307
5423,3171105,Veríssimo,MG,Sudeste,0,-19.6657,-48.3118
0756,3171154,Vermelho Novo,MG,Sudeste,0,-20.0406,-42.2688
5425,3171204,Vespasiano,MG,Sudeste,0,-19.6883,-43.9239
5427,3171303,Viçosa,MG,Sudeste,0,-20.7559,-42.8742
5429,3171402,Vieiras,MG,Sudeste,0,-20.867,-42.2401
5431,3171501,Mathias Lobato,MG,Sudeste,0,-18.59,-41.9166
5433,3171600,Virgem da Lapa,MG,Sudeste,0,-16.807,-42.3431
5435,3171709,Virgínia,MG,Sudeste,0,-22.3264,-45.0965
5437,3171808,Virginópolis,MG,Sudeste,0,-18.8154,-42.7015
5439,3171907,Virgolândia,MG,Sudeste,0,-18.4738,-42.3067
5441,3172004,Visconde do Rio Branco,MG,Sudeste,0,-21.0127,-42.8361
5443,3172103,Volta Grande,MG,Sudeste,0,-21.7671,-42.5375
5421,3172202,Wenceslau Braz,MG,Sudeste,0,-22.5368,-45.3626
5601,3200102,Afonso Cláudio,ES,Sudeste,0,-20.0778,-41.1261
5733,3200136,Águia Branca,ES,Sudeste,0,-18.9846,-40.7437
5717,3200169,Água Doce do Norte,ES,Sudeste,0,-18.5482,-40.9854
5603,3200201,Alegre,ES,Sudeste,0,-20.758,-41.5382
5605,3200300,Alfredo Chaves,ES,Sudeste,0,-20.6396,-40.7543
5719,3200359,Alto Rio Novo,ES,Sudeste,0,-19.0618,-41.0209
5607,3200409,Anchieta,ES,Sudeste,0,-20.7955,-40.6425
5609,3200508,Apiacá,ES,Sudeste,0,-21.1523,-41.5693
5611,3200607,Aracruz,ES,Sudeste,0,-19.82,-40.2764
5613,3200706,Atilio Vivacqua,ES,Sudeste,0,-20.913,-41.1986
5615,3200805,Baixo Guandu,ES,Sudeste,0,-19.5213,-41.0109
5617,3200904,Barra de São Francisco,ES,Sudeste,0,-18.7548,-40.8965
5619,3201001,Boa Esperança,ES,Sudeste,0,-18.5395,-40.3025
5621,3201100,Bom Jesus do Norte,ES,Sudeste,0,-21.1173,-41.6731
0758,3201159,Brejetuba,ES,Sudeste,0,-20.1395,-41.2954
5623,3201209,Cachoeiro de Itapemirim,ES,Sudeste,0,-20.8462,-41.1198
5625,3201308,Cariacica,ES,Sudeste,0,-20.2632,-40.4165
5627,3201407,Castelo,ES,Sudeste,0,-20.6033,-41.2031
5629,3201506,Colatina,ES,Sudeste,0,-19.5493,-40.6269
5631,3201605,Conceição da Barra,ES,Sudeste,0,-18.5883,-39.7362
5633,3201704,Conceição do Castelo,ES,Sudeste,0,-20.3639,-41.2417
5635,3201803,Divino de São Lourenço,ES,Sudeste,0,-20.6229,-41.6937
5637,3201902,Domingos Martins,ES,Sudeste,0,-20.3603,-40.6594
5639,3202009,Dores do Rio Preto,ES,Sudeste,0,-20.6931,-41.8405
5641,3202108,Ecoporanga,ES,Sudeste,0,-18.3702,-40.836
5643,3202207,Fundão,ES,Sudeste,0,-19.937,-40.4078
1114,3202256,Governador Lindenberg,ES,Sudeste,0,-19.1864,-40.4473
5645,3202306,Guaçuí,ES,Sudeste,0,-20.7668,-41.6734
5647,3202405,Guarapari,ES,Sudeste,0,-20.6772,-40.5093
5709,3202454,Ibatiba,ES,Sudeste,0,-20.2347,-41.5087
5649,3202504,Ibiraçu,ES,Sudeste,0,-19.8366,-40.3732
6011,3202553,Ibitirama,ES,Sudeste,0,-20.5466,-41.6667
5651,3202603,Iconha,ES,Sudeste,0,-20.7913,-40.8132
2931,3202652,Irupi,ES,Sudeste,0,-20.3501,-41.6444
5653,3202702,Itaguaçu,ES,Sudeste,0,-19.8018,-40.8601
5655,3202801,Itapemirim,ES,Sudeste,0,-21.0095,-40.8307
5657,3202900,Itarana,ES,Sudeste,0,-19.875,-40.8753
5659,3203007,Iúna,ES,Sudeste,0,-20.3531,-41.5334
5713,3203056,Jaguaré,ES,Sudeste,0,-18.907,-40.0759
5661,3203106,Jerônimo Monteiro,ES,Sudeste,0,-20.7994,-41.3948
5721,3203130,João Neiva,ES,Sudeste,0,-19.7577,-40.386
5723,3203163,Laranja da Terra,ES,Sudeste,0,-19.8994,-41.0621
5663,3203205,Linhares,ES,Sudeste,0,-19.3946,-40.0643
5665,3203304,Mantenópolis,ES,Sudeste,0,-18.8594,-41.124
0760,3203320,Marataízes,ES,Sudeste,0,-21.0398,-40.8384
2929,3203346,Marechal Floriano,ES,Sudeste,0,-20.4159,-40.67
5707,3203353,Marilândia,ES,Sudeste,0,-19.4114,-40.5456
5667,3203403,Mimoso do Sul,ES,Sudeste,0,-21.0628,-41.3615
5669,3203502,Montanha,ES,Sudeste,0,-18.1303,-40.3668
5671,3203601,Mucurici,ES,Sudeste,0,-18.0965,-40.52
5673,3203700,Muniz Freire,ES,Sudeste,0,-20.4652,-41.4156
5675,3203809,Muqui,ES,Sudeste,0,-20.9509,-41.346
5677,3203908,Nova Venécia,ES,Sudeste,0,-18.715,-40.4053
5679,3204005,Pancas,ES,Sudeste,0,-19.2229,-40.8534
5715,3204054,Pedro Canário,ES,Sudeste,0,-18.3004,-39.9574
5681,3204104,Pinheiros,ES,Sudeste,0,-18.4141,-40.2171
5683,3204203,Piúma,ES,Sudeste,0,-20.8334,-40.7268
0762,3204252,Ponto Belo,ES,Sudeste,0,-18.1253,-40.5458
5685,3204302,Presidente Kennedy,ES,Sudeste,0,-21.0964,-41.0468
5711,3204351,Rio Bananal,ES,Sudeste,0,-19.2719,-40.3366
5687,3204401,Rio Novo do Sul,ES,Sudeste,0,-20.8556,-40.9388
5689,3204500,Santa Leopoldina,ES,Sudeste,0,-20.0999,-40.527
5725,3204559,Santa Maria de Jetibá,ES,Sudeste,0,-20.0253,-40.7439
5691,3204609,Santa Teresa,ES,Sudeste,0,-19.9363,-40.5979
2933,3204658,São Domingos do Norte,ES,Sudeste,0,-19.1452,-40.6281
5693,3204708,São Gabriel da Palha,ES,Sudeste,0,-19.0182,-40.5365
5695,3204807,São José do Calçado,ES,Sudeste,0,-21.0274,-41.6636
5697,3204906,São Mateus,ES,Sudeste,0,-18.7214,-39.8579
0764,3204955,São Roque do Canaã,ES,Sudeste,0,-19.7411,-40.6526
5699,3205002,Serra,ES,Sudeste,0,-20.121,-40.3074
0766,3205010,Sooretama,ES,Sudeste,0,-19.1897,-40.0974
5727,3205036,Vargem Alta,ES,Sudeste,0,-20.669,-41.0179
5729,3205069,Venda Nova do Imigrante,ES,Sudeste,0,-20.327,-41.1355
5701,3205101,Viana,ES,Sudeste,0,-20.3825,-40.4933
2935,3205150,Vila Pavão,ES,Sudeste,0,-18.6091,-40.609
0768,3205176,Vila Valério,ES,Sudeste,0,-18.9958,-40.3849
5703,3205200,Vila Velha,ES,Sudeste,0,-20.3417,-40.2875
5705,3205309,Vitória,ES,Sudeste,1,-20.3155,-40.3128
5801,3300100,Angra dos Reis,RJ,Sudeste,0,-23.0011,-44.3196
2919,3300159,Aperibé,RJ,Sudeste,0,-21.6252,-42.1017
5803,3300209,Araruama,RJ,Sudeste,0,-22.8697,-42.3326
2925,3300225,Areal,RJ,Sudeste,0,-22.2283,-43.1118
0770,3300233,Armação dos Búzios,RJ,Sudeste,0,-22.7528,-41.8846
5927,3300258,Arraial do Cabo,RJ,Sudeste,0,-22.9774,-42.0267
5805,3300308,Barra do Piraí,RJ,Sudeste,0,-22.4715,-43.8269
5807,3300407,Barra Mansa,RJ,Sudeste,0,-22.5481,-44.1752
2909,3300456,Belford Roxo,RJ,Sudeste,0,-22.764,-43.3992
5809,3300506,Bom Jardim,RJ,Sudeste,0,-22.1545,-42.4251
5811,3300605,Bom Jesus do Itabapoana,RJ,Sudeste,0,-21.1449,-41.6822
5813,3300704,Cabo Frio,RJ,Sudeste,0,-22.8894,-42.0286
5815,3300803,Cachoeiras de Macacu,RJ,Sudeste,0,-22.4658,-42.6523
5817,3300902,Cambuci,RJ,Sudeste,0,-21.5691,-41.9187
0772,3300936,Carapebus,RJ,Sudeste,0,-22.1821,-41.663
2927,3300951,Comendador Levy Gasparian,RJ,Sudeste,0,-22.0404,-43.214
5819,3301009,Campos dos Goytacazes,RJ,Sudeste,0,-21.7622,-41.3181
5821,3301108,Cantagalo,RJ,Sudeste,0,-21.9797,-42.3664
2915,3301157,Cardoso Moreira,RJ,Sudeste,0,-21.4846,-41.6165
5823,3301207,Carmo,RJ,Sudeste,0,-21.931,-42.6046
5825,3301306,Casimiro de Abreu,RJ,Sudeste,0,-22.4812,-42.2066
5827,3301405,Conceição de Macabu,RJ,Sudeste,0,-22.0834,-41.8719
5829,3301504,Cordeiro,RJ,Sudeste,0,-22.0267,-42.3648
5831,3301603,Duas Barras,RJ,Sudeste,0,-22.0536,-42.5232
5833,3301702,Duque de Caxias,RJ,Sudeste,0,-22.7858,-43.3049
5835,3301801,Engenheiro Paulo de Frontin,RJ,Sudeste,0,-22.5498,-43.6827
2907,3301850,Guapimirim,RJ,Sudeste,0,-22.5347,-42.9895
0774,3301876,Iguaba Grande,RJ,Sudeste,0,-22.8495,-42.2299
5837,3301900,Itaboraí,RJ,Sudeste,0,-22.7565,-42.8639
5839,3302007,Itaguaí,RJ,Sudeste,0,-22.8636,-43.7798
5929,3302056,Italva,RJ,Sudeste,0,-21.4296,-41.7014
5841,3302106,Itaocara,RJ,Sudeste,0,-21.6748,-42.0758
5843,3302205,Itaperuna,RJ,Sudeste,0,-21.1997,-41.8799
6003,3302254,Itatiaia,RJ,Sudeste,0,-22.4897,-44.5675
2913,3302270,Japeri,RJ,Sudeste,0,-22.6435,-43.6602
5845,3302304,Laje do Muriaé,RJ,Sudeste,0,-21.2091,-42.1271
5847,3302403,Macaé,RJ,Sudeste,0,-22.3768,-41.7848
0776,3302452,Macuco,RJ,Sudeste,0,-21.9813,-42.2533
5849,3302502,Magé,RJ,Sudeste,0,-22.6632,-43.0315
5851,3302601,Mangaratiba,RJ,Sudeste,0,-22.9594,-44.0409
5853,3302700,Maricá,RJ,Sudeste,0,-22.9354,-42.8246
5855,3302809,Mendes,RJ,Sudeste,0,-22.5245,-43.7312
1116,3302858,Mesquita,RJ,Sudeste,0,-22.8028,-43.4601
5857,3302908,Miguel Pereira,RJ,Sudeste,0,-22.4572,-43.4803
5859,3303005,Miracema,RJ,Sudeste,0,-21.4148,-42.1938
5861,3303104,Natividade,RJ,Sudeste,0,-21.039,-41.9697
5863,3303203,Nilópolis,RJ,Sudeste,0,-22.8057,-43.4233
5865,3303302,Niterói,RJ,Sudeste,0,-22.8832,-43.1034
5867,3303401,Nova Friburgo,RJ,Sudeste,0,-22.2932,-42.5377
5869,3303500,Nova Iguaçu,RJ,Sudeste,0,-22.7556,-43.4603
5871,3303609,Paracambi,RJ,Sudeste,0,-22.6078,-43.7108
5873,3303708,Paraíba do Sul,RJ,Sudeste,0,-22.1585,-43.304
5875,3303807,Paraty,RJ,Sudeste,0,-23.2221,-44.7175
6005,3303856,Paty do Alferes,RJ,Sudeste,0,-22.4309,-43.4285
5877,3303906,Petrópolis,RJ,Sudeste,0,-22.52,-43.1926
0778,3303955,Pinheiral,RJ,Sudeste,0,-22.5172,-44.0022
5879,3304003,Piraí,RJ,Sudeste,0,-22.6215,-43.9081
5881,3304102,Porciúncula,RJ,Sudeste,0,-20.9632,-42.0465
0780,3304110,Porto Real,RJ,Sudeste,0,-22.4175,-44.2952
2923,3304128,Quatis,RJ,Sudeste,0,-22.4045,-44.2597
2911,3304144,Queimados,RJ,Sudeste,0,-22.7102,-43.5518
6007,3304151,Quissamã,RJ,Sudeste,0,-22.1031,-41.4693
5883,3304201,Resende,RJ,Sudeste,0,-22.4705,-44.4509
5885,3304300,Rio Bonito,RJ,Sudeste,0,-22.7181,-42.6276
5887,3304409,Rio Claro,RJ,Sudeste,0,-22.72,-44.1419
5889,3304508,Rio das Flores,RJ,Sudeste,0,-22.1692,-43.5856
2921,3304524,Rio das Ostras,RJ,Sudeste,0,-22.5174,-41.9475
6001,3304557,Rio de Janeiro,RJ,Sudeste,1,-22.9129,-43.2003
5891,3304607,Santa Maria Madalena,RJ,Sudeste,0,-21.9547,-42.0098
5893,3304706,Santo Antônio de Pádua,RJ,Sudeste,0,-21.541,-42.1832
0782,3304755,São Francisco de Itabapoana,RJ,Sudeste,0,-21.4702,-41.1091
5895,3304805,São Fidélis,RJ,Sudeste,0,-21.6551,-41.756
5897,3304904,São Gonçalo,RJ,Sudeste,0,-22.8268,-43.0634
5899,3305000,São João da Barra,RJ,Sudeste,0,-21.638,-41.0446
5901,3305109,São João de Meriti,RJ,Sudeste,0,-22.8058,-43.3729
0784,3305133,São José de Ubá,RJ,Sudeste,0,-21.3661,-41.9511
6009,3305158,São José do Vale do Rio Preto,RJ,Sudeste,0,-22.1525,-42.9327
5903,3305208,São Pedro da Aldeia,RJ,Sudeste,0,-22.8429,-42.1026
5905,3305307,São Sebastião do Alto,RJ,Sudeste,0,-21.9578,-42.1328
5907,3305406,Sapucaia,RJ,Sudeste,0,-21.9949,-42.9142
5909,3305505,Saquarema,RJ,Sudeste,0,-22.9292,-42.5099
0786,3305554,Seropédica,RJ,Sudeste,0,-22.7526,-43.7155
5911,3305604,Silva Jardim,RJ,Sudeste,0,-22.6574,-42.3961
5913,3305703,Sumidouro,RJ,Sudeste,0,-22.0485,-42.6761
0788,3305752,Tanguá,RJ,Sudeste,0,-22.7423,-42.7202
5915,3305802,Teresópolis,RJ,Sudeste,0,-22.4165,-42.9752
5917,3305901,Trajano de Moraes,RJ,Sudeste,0,-22.0638,-42.0643
5919,3306008,Três Rios,RJ,Sudeste,0,-22.1165,-43.2185
5921,3306107,Valença,RJ,Sudeste,0,-22.2445,-43.7129
2917,3306156,Varre-Sai,RJ,Sudeste,0,-20.9276,-41.8701
5923,3306206,Vassouras,RJ,Sudeste,0,-22.4059,-43.6686
5925,3306305,Volta Redonda,RJ,Sudeste,0,-22.5202,-44.0996
6101,3500105,Adamantina,SP,Sudeste,0,-21.682,-51.0737
6103,3500204,Adolfo,SP,Sudeste,0,-21.2325,-49.6451
6105,3500303,Aguaí,SP,Sudeste,0,-22.0572,-46.9735
6107,3500402,Águas da Prata,SP,Sudeste,0,-21.9319,-46.7176
6109,3500501,Águas de Lindóia,SP,Sudeste,0,-22.4733,-46.6314
7019,3500550,Águas de Santa Bárbara,SP,Sudeste,0,-22.8812,-49.2421
6111,3500600,Águas de São Pedro,SP,Sudeste,0,-22.5977,-47.8734
6113,3500709,Agudos,SP,Sudeste,0,-22.4694,-48.9863
2995,3500758,Alambari,SP,Sudeste,0,-23.5503,-47.898
6115,3500808,Alfredo Marcondes,SP,Sudeste,0,-21.9527,-51.414
6117,3500907,Altair,SP,Sudeste,0,-20.5242,-49.0571
6119,3501004,Altinópolis,SP,Sudeste,0,-21.0214,-47.3712
6121,3501103,Alto Alegre,SP,Sudeste,0,-21.5811,-50.168
3065,3501152,Alumínio,SP,Sudeste,0,-23.5306,-47.2546
6123,3501202,Álvares Florence,SP,Sudeste,0,-20.3203,-49.9141
6125,3501301,Álvares Machado,SP,Sudeste,0,-22.0764,-51.4722
6127,3501400,Álvaro de Carvalho,SP,Sudeste,0,-22.0841,-49.719
6129,3501509,Alvinlândia,SP,Sudeste,0,-22.4435,-49.7623
6131,3501608,Americana,SP,Sudeste,0,-22.7374,-47.3331
6133,3501707,Américo Brasiliense,SP,Sudeste,0,-21.7288,-48.1147
6135,3501806,Américo de Campos,SP,Sudeste,0,-20.2985,-49.7359
6137,3501905,Amparo,SP,Sudeste,0,-22.7088,-46.772
6139,3502002,Analândia,SP,Sudeste,0,-22.1289,-47.6619
6141,3502101,Andradina,SP,Sudeste,0,-20.8948,-51.3786
6143,3502200,Angatuba,SP,Sudeste,0,-23.4917,-48.4139
6145,3502309,Anhembi,SP,Sudeste,0,-22.793,-48.1336
6147,3502408,Anhumas,SP,Sudeste,0,-22.2934,-51.3895
6149,3502507,Aparecida,SP,Sudeste,0,-22.8495,-45.2325
6151,3502606,Aparecida d'Oeste,SP,Sudeste,0,-20.4487,-50.8835
6153,3502705,Apiaí,SP,Sudeste,0,-24.5108,-48.8443
3067,3502754,Araçariguama,SP,Sudeste,0,-23.4366,-47.0608
6155,3502804,Araçatuba,SP,Sudeste,0,-21.2076,-50.4401
6157,3502903,Araçoiaba da Serra,SP,Sudeste,0,-23.5029,-47.6166
6159,3503000,Aramina,SP,Sudeste,0,-20.0882,-47.7873
6161,3503109,Arandu,SP,Sudeste,0,-23.1386,-49.0487
2991,3503158,Arapeí,SP,Sudeste,0,-22.6717,-44.4441
6163,3503208,Araraquara,SP,Sudeste,0,-21.7845,-48.178
6165,3503307,Araras,SP,Sudeste,0,-22.3572,-47.3842
0790,3503356,Arco-Íris,SP,Sudeste,0,-21.7728,-50.466
6167,3503406,Arealva,SP,Sudeste,0,-22.031,-48.9135
6169,3503505,Areias,SP,Sudeste,0,-22.5786,-44.6992
6171,3503604,Areiópolis,SP,Sudeste,0,-22.6672,-48.6681
6173,3503703,Ariranha,SP,Sudeste,0,-21.1872,-48.7904
6175,3503802,Artur Nogueira,SP,Sudeste,0,-22.5727,-47.1727
6177,3503901,Arujá,SP,Sudeste,0,-23.3965,-46.32
2981,3503950,Aspásia,SP,Sudeste,0,-20.16,-50.728
6179,3504008,Assis,SP,Sudeste,0,-22.66,-50.4183
6181,3504107,Atibaia,SP,Sudeste,0,-23.1171,-46.5563
6183,3504206,Auriflama,SP,Sudeste,0,-20.6836,-50.5572
6185,3504305,Avaí,SP,Sudeste,0,-22.1514,-49.3356
6187,3504404,Avanhandava,SP,Sudeste,0,-21.4584,-49.9509
6189,3504503,Avaré,SP,Sudeste,0,-23.1067,-48.9251
6191,3504602,Bady Bassitt,SP,Sudeste,0,-20.9197,-49.4385
6193,3504701,Balbinos,SP,Sudeste,0,-21.8963,-49.3619
6195,3504800,Bálsamo,SP,Sudeste,0,-20.7348,-49.5865
6197,3504909,Bananal,SP,Sudeste,0,-22.6819,-44.3281
6201,3505005,Barão de Antonina,SP,Sudeste,0,-23.6284,-49.5634
6199,3505104,Barbosa,SP,Sudeste,0,-21.2657,-49.9518
6203,3505203,Bariri,SP,Sudeste,0,-22.073,-48.7438
6205,3505302,Barra Bonita,SP,Sudeste,0,-22.4909,-48.5583
2997,3505351,Barra do Chapéu,SP,Sudeste,0,-24.4722,-49.0238
6207,3505401,Barra do Turvo,SP,Sudeste,0,-24.759,-48.5013
6209,3505500,Barretos,SP,Sudeste,0,-20.5531,-48.5698
6211,3505609,Barrinha,SP,Sudeste,0,-21.1864,-48.1636
6213,3505708,Barueri,SP,Sudeste,0,-23.5057,-46.879
6215,3505807,Bastos,SP,Sudeste,0,-21.921,-50.7357
6217,3505906,Batatais,SP,Sudeste,0,-20.8929,-47.5921
6219,3506003,Bauru,SP,Sudeste,0,-22.3246,-49.0871
6221,3506102,Bebedouro,SP,Sudeste,0,-20.9491,-48.4791
6223,3506201,Bento de Abreu,SP,Sudeste,0,-21.2686,-50.814
6225,3506300,Bernardino de Campos,SP,Sudeste,0,-23.0164,-49.4679
2965,3506359,Bertioga,SP,Sudeste,0,-23.8486,-46.1396
6227,3506409,Bilac,SP,Sudeste,0,-21.404,-50.4746
6229,3506508,Birigui,SP,Sudeste,0,-21.291,-50.3432
6231,3506607,Biritiba-Mirim,SP,Sudeste,0,-23.5698,-46.0407
6233,3506706,Boa Esperança do Sul,SP,Sudeste,0,-21.9918,-48.3906
6235,3506805,Bocaina,SP,Sudeste,0,-22.1365,-48.523
6237,3506904,Bofete,SP,Sudeste,0,-23.1055,-48.2582
6239,3507001,Boituva,SP,Sudeste,0,-23.2855,-47.6786
6241,3507100,Bom Jesus dos Perdões,SP,Sudeste,0,-23.1356,-46.4675
3059,3507159,Bom Sucesso de Itararé,SP,Sudeste,0,-24.3155,-49.1451
6243,3507209,Borá,SP,Sudeste,0,-22.2696,-50.5409
6245,3507308,Boracéia,SP,Sudeste,0,-22.1926,-48.7808
6247,3507407,Borborema,SP,Sudeste,0,-21.6214,-49.0741
7247,3507456,Borebi,SP,Sudeste,0,-22.5728,-48.9707
6249,3507506,Botucatu,SP,Sudeste,0,-22.8837,-48.4437
6251,3507605,Bragança Paulista,SP,Sudeste,0,-22.9527,-46.5419
6255,3507704,Braúna,SP,Sudeste,0,-21.499,-50.3175
0792,3507753,Brejo Alegre,SP,Sudeste,0,-21.1651,-50.1861
6257,3507803,Brodowski,SP,Sudeste,0,-20.9845,-47.6572
6259,3507902,Brotas,SP,Sudeste,0,-22.2795,-48.1251
6261,3508009,Buri,SP,Sudeste,0,-23.7977,-48.5958
6263,3508108,Buritama,SP,Sudeste,0,-21.0661,-50.1475
6265,3508207,Buritizal,SP,Sudeste,0,-20.1911,-47.7096
6267,3508306,Cabrália Paulista,SP,Sudeste,0,-22.4576,-49.3393
6269,3508405,Cabreúva,SP,Sudeste,0,-23.3053,-47.1362
6271,3508504,Caçapava,SP,Sudeste,0,-23.0992,-45.7076
6273,3508603,Cachoeira Paulista,SP,Sudeste,0,-22.6665,-45.0154
6275,3508702,Caconde,SP,Sudeste,0,-21.528,-46.6437
6277,3508801,Cafelândia,SP,Sudeste,0,-21.8031,-49.6092
6279,3508900,Caiabu,SP,Sudeste,0,-22.0127,-51.2394
6281,3509007,Caieiras,SP,Sudeste,0,-23.3607,-46.7397
6283,3509106,Caiuá,SP,Sudeste,0,-21.8322,-51.9969
6285,3509205,Cajamar,SP,Sudeste,0,-23.355,-46.8781
2967,3509254,Cajati,SP,Sudeste,0,-24.7324,-48.1223
6287,3509304,Cajobi,SP,Sudeste,0,-20.8773,-48.8063
6289,3509403,Cajuru,SP,Sudeste,0,-21.2749,-47.303
2999,3509452,Campina do Monte Alegre,SP,Sudeste,0,-23.5895,-48.4758
6291,3509502,Campinas,SP,Sudeste,0,-22.9053,-47.0659
6293,3509601,Campo Limpo Paulista,SP,Sudeste,0,-23.2078,-46.7889
6295,3509700,Campos do Jordão,SP,Sudeste,0,-22.7296,-45.5833
6297,3509809,Campos Novos Paulista,SP,Sudeste,0,-22.602,-49.9987
6299,3509908,Cananéia,SP,Sudeste,0,-25.0144,-47.9341
0794,3509957,Canas,SP,Sudeste,0,-22.7003,-45.0521
6301,3510005,Cândido Mota,SP,Sudeste,0,-22.7471,-50.3873
6303,3510104,Cândido Rodrigues,SP,Sudeste,0,-21.3275,-48.6327
2947,3510153,Canitar,SP,Sudeste,0,-23.004,-49.7839
6305,3510203,Capão Bonito,SP,Sudeste,0,-24.0113,-48.3482
6307,3510302,Capela do Alto,SP,Sudeste,0,-23.4685,-47.7388
6309,3510401,Capivari,SP,Sudeste,0,-22.9951,-47.5071
6311,3510500,Caraguatatuba,SP,Sudeste,0,-23.6125,-45.4125
6313,3510609,Carapicuíba,SP,Sudeste,0,-23.5235,-46.8407
6315,3510708,Cardoso,SP,Sudeste,0,-20.08,-49.9183
6317,3510807,Casa Branca,SP,Sudeste,0,-21.7708,-47.0852
6319,3510906,Cássia dos Coqueiros,SP,Sudeste,0,-21.2801,-47.1643
6321,3511003,Castilho,SP,Sudeste,0,-20.8689,-51.4884
6323,3511102,Catanduva,SP,Sudeste,0,-21.1314,-48.977
6325,3511201,Catiguá,SP,Sudeste,0,-21.0519,-49.0616
6327,3511300,Cedral,SP,Sudeste,0,-20.9009,-49.2664
6329,3511409,Cerqueira César,SP,Sudeste,0,-23.038,-49.1655
6331,3511508,Cerquilho,SP,Sudeste,0,-23.1665,-47.7459
6333,3511607,Cesário Lange,SP,Sudeste,0,-23.226,-47.9545
6335,3511706,Charqueada,SP,Sudeste,0,-22.5096,-47.7755
6339,3511904,Clementina,SP,Sudeste,0,-21.5604,-50.4525
6341,3512001,Colina,SP,Sudeste,0,-20.7114,-48.5387
6343,3512100,Colômbia,SP,Sudeste,0,-20.1768,-48.6865
6345,3512209,Conchal,SP,Sudeste,0,-22.3375,-47.1729
6347,3512308,Conchas,SP,Sudeste,0,-23.0154,-48.0134
6349,3512407,Cordeirópolis,SP,Sudeste,0,-22.4778,-47.4519
6351,3512506,Coroados,SP,Sudeste,0,-21.3521,-50.2859
6353,3512605,Coronel Macedo,SP,Sudeste,0,-23.6261,-49.31
6355,3512704,Corumbataí,SP,Sudeste,0,-22.2213,-47.6215
6357,3512803,Cosmópolis,SP,Sudeste,0,-22.6419,-47.1926
6359,3512902,Cosmorama,SP,Sudeste,0,-20.4755,-49.7827
6361,3513009,Cotia,SP,Sudeste,0,-23.6022,-46.919
6363,3513108,Cravinhos,SP,Sudeste,0,-21.338,-47.7324
6365,3513207,Cristais Paulista,SP,Sudeste,0,-20.4036,-47.4209
6367,3513306,Cruzália,SP,Sudeste,0,-22.7373,-50.7909
6369,3513405,Cruzeiro,SP,Sudeste,0,-22.5728,-44.969
6371,3513504,Cubatão,SP,Sudeste,0,-23.8911,-46.424
6373,3513603,Cunha,SP,Sudeste,0,-23.0731,-44.9576
6375,3513702,Descalvado,SP,Sudeste,0,-21.9002,-47.6181
6377,3513801,Diadema,SP,Sudeste,0,-23.6813,-46.6205
7249,3513850,Dirce Reis,SP,Sudeste,0,-20.4642,-50.6073
6379,3513900,Divinolândia,SP,Sudeste,0,-21.6637,-46.7361
6381,3514007,Dobrada,SP,Sudeste,0,-21.5155,-48.3935
6383,3514106,Dois Córregos,SP,Sudeste,0,-22.3673,-48.3819
6385,3514205,Dolcinópolis,SP,Sudeste,0,-20.124,-50.5149
6387,3514304,Dourado,SP,Sudeste,0,-22.1044,-48.3178
6389,3514403,Dracena,SP,Sudeste,0,-21.4843,-51.535
6391,3514502,Duartina,SP,Sudeste,0,-22.4146,-49.4084
6393,3514601,Dumont,SP,Sudeste,0,-21.2324,-47.9756
6395,3514700,Echaporã,SP,Sudeste,0,-22.4326,-50.2038
6397,3514809,Eldorado,SP,Sudeste,0,-24.5281,-48.1141
6399,3514908,Elias Fausto,SP,Sudeste,0,-23.0428,-47.3682
2975,3514924,Elisiário,SP,Sudeste,0,-21.1678,-49.1146
7251,3514957,Embaúba,SP,Sudeste,0,-20.9796,-48.8325
6401,3515004,Embu das Artes,SP,Sudeste,0,-23.6437,-46.8579
6403,3515103,Embu-Guaçu,SP,Sudeste,0,-23.8297,-46.8136
2961,3515129,Emilianópolis,SP,Sudeste,0,-21.8314,-51.4832
2949,3515152,Engenheiro Coelho,SP,Sudeste,0,-22.4836,-47.211
6865,3515186,Espírito Santo do Pinhal,SP,Sudeste,0,-22.1909,-46.7477
7253,3515194,Espírito Santo do Turvo,SP,Sudeste,0,-22.6925,-49.4341
6405,3515202,Estrela d'Oeste,SP,Sudeste,0,-20.2875,-50.4049
6407,3515301,Estrela do Norte,SP,Sudeste,0,-22.4859,-51.6632
7255,3515350,Euclides da Cunha Paulista,SP,Sudeste,0,-22.5545,-52.5928
6409,3515400,Fartura,SP,Sudeste,0,-23.3916,-49.5124
6411,3515509,Fernandópolis,SP,Sudeste,0,-20.2806,-50.2471
6413,3515608,Fernando Prestes,SP,Sudeste,0,-21.2661,-48.6874
0796,3515657,Fernão,SP,Sudeste,0,-22.3607,-49.5187
6415,3515707,Ferraz de Vasconcelos,SP,Sudeste,0,-23.5411,-46.371
6417,3515806,Flora Rica,SP,Sudeste,0,-21.6727,-51.3821
6419,3515905,Floreal,SP,Sudeste,0,-20.6752,-50.1513
6421,3516002,Flórida Paulista,SP,Sudeste,0,-21.6127,-51.1724
6423,3516101,Florínia,SP,Sudeste,0,-22.868,-50.6814
6425,3516200,Franca,SP,Sudeste,0,-20.5352,-47.4039
6427,3516309,Francisco Morato,SP,Sudeste,0,-23.2792,-46.7448
6429,3516408,Franco da Rocha,SP,Sudeste,0,-23.3229,-46.729
6431,3516507,Gabriel Monteiro,SP,Sudeste,0,-21.5294,-50.5573
6433,3516606,Gália,SP,Sudeste,0,-22.2918,-49.5504
6435,3516705,Garça,SP,Sudeste,0,-22.2125,-49.6546
6437,3516804,Gastão Vidigal,SP,Sudeste,0,-20.7948,-50.1912
0798,3516853,Gavião Peixoto,SP,Sudeste,0,-21.8367,-48.4957
6439,3516903,General Salgado,SP,Sudeste,0,-20.6485,-50.364
6441,3517000,Getulina,SP,Sudeste,0,-21.7961,-49.9312
6443,3517109,Glicério,SP,Sudeste,0,-21.3812,-50.2123
6445,3517208,Guaiçara,SP,Sudeste,0,-21.6195,-49.8013
6447,3517307,Guaimbê,SP,Sudeste,0,-21.9091,-49.8986
6449,3517406,Guaíra,SP,Sudeste,0,-20.3196,-48.312
6451,3517505,Guapiaçu,SP,Sudeste,0,-20.7959,-49.2172
6453,3517604,Guapiara,SP,Sudeste,0,-24.1892,-48.5295
6455,3517703,Guará,SP,Sudeste,0,-20.4302,-47.8236
6457,3517802,Guaraçaí,SP,Sudeste,0,-21.0292,-51.2119
6459,3517901,Guaraci,SP,Sudeste,0,-20.4977,-48.9391
6461,3518008,Guarani d'Oeste,SP,Sudeste,0,-20.0746,-50.3411
6463,3518107,Guarantã,SP,Sudeste,0,-21.8942,-49.5914
6465,3518206,Guararapes,SP,Sudeste,0,-21.2544,-50.6453
6467,3518305,Guararema,SP,Sudeste,0,-23.4112,-46.0369
6469,3518404,Guaratinguetá,SP,Sudeste,0,-22.8075,-45.1938
6471,3518503,Guareí,SP,Sudeste,0,-23.3714,-48.1837
6473,3518602,Guariba,SP,Sudeste,0,-21.3594,-48.2316
6475,3518701,Guarujá,SP,Sudeste,0,-23.9888,-46.258
6477,3518800,Guarulhos,SP,Sudeste,0,-23.4538,-46.5333
7257,3518859,Guatapará,SP,Sudeste,0,-21.4944,-48.0356
6479,3518909,Guzolândia,SP,Sudeste,0,-20.6467,-50.6645
6481,3519006,Herculândia,SP,Sudeste,0,-22.0038,-50.3907
2953,3519055,Holambra,SP,Sudeste,0,-22.6405,-47.0487
2951,3519071,Hortolândia,SP,Sudeste,0,-22.8529,-47.2143
6483,3519105,Iacanga,SP,Sudeste,0,-21.8896,-49.031
6485,3519204,Iacri,SP,Sudeste,0,-21.8572,-50.6932
7259,3519253,Iaras,SP,Sudeste,0,-22.8682,-49.1634
6487,3519303,Ibaté,SP,Sudeste,0,-21.9584,-47.9882
6489,3519402,Ibirá,SP,Sudeste,0,-21.083,-49.2448
6491,3519501,Ibirarema,SP,Sudeste,0,-22.8185,-50.0739
6493,3519600,Ibitinga,SP,Sudeste,0,-21.7562,-48.8319
6495,3519709,Ibiúna,SP,Sudeste,0,-23.6596,-47.223
6497,3519808,Icém,SP,Sudeste,0,-20.3391,-49.1915
6499,3519907,Iepê,SP,Sudeste,0,-22.6602,-51.0779
6501,3520004,Igaraçu do Tietê,SP,Sudeste,0,-22.509,-48.5597
6503,3520103,Igarapava,SP,Sudeste,0,-20.0407,-47.7466
6505,3520202,Igaratá,SP,Sudeste,0,-23.2037,-46.157
6507,3520301,Iguape,SP,Sudeste,0,-24.699,-47.5537
6509,3520400,Ilhabela,SP,Sudeste,0,-23.7785,-45.3552
2969,3520426,Ilha Comprida,SP,Sudeste,0,-24.7307,-47.5383
2943,3520442,Ilha Solteira,SP,Sudeste,0,-20.4326,-51.3426
6511,3520509,Indaiatuba,SP,Sudeste,0,-23.0816,-47.2101
6513,3520608,Indiana,SP,Sudeste,0,-22.1738,-51.2555
6515,3520707,Indiaporã,SP,Sudeste,0,-19.979,-50.2909
6517,3520806,Inúbia Paulista,SP,Sudeste,0,-21.7695,-50.9633
6519,3520905,Ipaussu,SP,Sudeste,0,-23.0575,-49.6279
6521,3521002,Iperó,SP,Sudeste,0,-23.3513,-47.6927
6523,3521101,Ipeúna,SP,Sudeste,0,-22.4355,-47.7151
0800,3521150,Ipiguá,SP,Sudeste,0,-20.6557,-49.3842
6525,3521200,Iporanga,SP,Sudeste,0,-24.5847,-48.5971
6527,3521309,Ipuã,SP,Sudeste,0,-20.4438,-48.0129
6529,3521408,Iracemápolis,SP,Sudeste,0,-22.5832,-47.523
6531,3521507,Irapuã,SP,Sudeste,0,-21.2768,-49.4164
6533,3521606,Irapuru,SP,Sudeste,0,-21.5684,-51.3472
6535,3521705,Itaberá,SP,Sudeste,0,-23.8638,-49.14
6537,3521804,Itaí,SP,Sudeste,0,-23.4213,-49.092
6539,3521903,Itajobi,SP,Sudeste,0,-21.3123,-49.0629
6541,3522000,Itaju,SP,Sudeste,0,-21.9857,-48.8116
6543,3522109,Itanhaém,SP,Sudeste,0,-24.1736,-46.788
3053,3522158,Itaóca,SP,Sudeste,0,-24.6393,-48.8413
6545,3522208,Itapecerica da Serra,SP,Sudeste,0,-23.7161,-46.8572
6547,3522307,Itapetininga,SP,Sudeste,0,-23.5886,-48.0483
6549,3522406,Itapeva,SP,Sudeste,0,-23.9788,-48.8764
6551,3522505,Itapevi,SP,Sudeste,0,-23.5488,-46.9327
6553,3522604,Itapira,SP,Sudeste,0,-22.4357,-46.8224
3055,3522653,Itapirapuã Paulista,SP,Sudeste,0,-24.572,-49.1661
6555,3522703,Itápolis,SP,Sudeste,0,-21.5942,-48.8149
6557,3522802,Itaporanga,SP,Sudeste,0,-23.7043,-49.4819
6559,3522901,Itapuí,SP,Sudeste,0,-22.2324,-48.7197
6561,3523008,Itapura,SP,Sudeste,0,-20.6419,-51.5063
6563,3523107,Itaquaquecetuba,SP,Sudeste,0,-23.4835,-46.3457
6565,3523206,Itararé,SP,Sudeste,0,-24.1085,-49.3352
6567,3523305,Itariri,SP,Sudeste,0,-24.2834,-47.1736
6569,3523404,Itatiba,SP,Sudeste,0,-23.0035,-46.8464
6571,3523503,Itatinga,SP,Sudeste,0,-23.1047,-48.6157
6573,3523602,Itirapina,SP,Sudeste,0,-22.2562,-47.8166
6575,3523701,Itirapuã,SP,Sudeste,0,-20.6416,-47.2194
6577,3523800,Itobi,SP,Sudeste,0,-21.7309,-46.9743
6579,3523909,Itu,SP,Sudeste,0,-23.2544,-47.2927
6581,3524006,Itupeva,SP,Sudeste,0,-23.1526,-47.0593
6583,3524105,Ituverava,SP,Sudeste,0,-20.3355,-47.7902
6585,3524204,Jaborandi,SP,Sudeste,0,-20.6884,-48.4112
6587,3524303,Jaboticabal,SP,Sudeste,0,-21.252,-48.3252
6589,3524402,Jacareí,SP,Sudeste,0,-23.2983,-45.9658
6591,3524501,Jaci,SP,Sudeste,0,-20.8805,-49.5797
6593,3524600,Jacupiranga,SP,Sudeste,0,-24.6963,-48.0064
6595,3524709,Jaguariúna,SP,Sudeste,0,-22.7037,-46.9851
6597,3524808,Jales,SP,Sudeste,0,-20.2672,-50.5494
6599,3524907,Jambeiro,SP,Sudeste,0,-23.2522,-45.6942
6601,3525003,Jandira,SP,Sudeste,0,-23.5275,-46.9023
6603,3525102,Jardinópolis,SP,Sudeste,0,-21.0176,-47.7606
6605,3525201,Jarinu,SP,Sudeste,0,-23.1039,-46.728
6607,3525300,Jaú,SP,Sudeste,0,-22.2936,-48.5592
6609,3525409,Jeriquara,SP,Sudeste,0,-20.3116,-47.5918
6611,3525508,Joanópolis,SP,Sudeste,0,-22.927,-46.2741
6613,3525607,João Ramalho,SP,Sudeste,0,-22.2473,-50.7694
6615,3525706,José Bonifácio,SP,Sudeste,0,-21.0551,-49.6892
6617,3525805,Júlio Mesquita,SP,Sudeste,0,-22.0112,-49.7873
0802,3525854,Jumirim,SP,Sudeste,0,-23.0884,-47.7868
6619,3525904,Jundiaí,SP,Sudeste,0,-23.1852,-46.8974
6621,3526001,Junqueirópolis,SP,Sudeste,0,-21.5103,-51.4342
6623,3526100,Juquiá,SP,Sudeste,0,-24.3101,-47.6426
6625,3526209,Juquitiba,SP,Sudeste,0,-23.9244,-47.0653
6627,3526308,Lagoinha,SP,Sudeste,0,-23.0846,-45.1944
6629,3526407,Laranjal Paulista,SP,Sudeste,0,-23.0506,-47.8375
6631,3526506,Lavínia,SP,Sudeste,0,-21.1639,-51.0412
6633,3526605,Lavrinhas,SP,Sudeste,0,-22.57,-44.9024
6635,3526704,Leme,SP,Sudeste,0,-22.1809,-47.3841
6637,3526803,Lençóis Paulista,SP,Sudeste,0,-22.6027,-48.8037
6639,3526902,Limeira,SP,Sudeste,0,-22.566,-47.397
6641,3527009,Lindóia,SP,Sudeste,0,-22.5226,-46.65
6643,3527108,Lins,SP,Sudeste,0,-21.6718,-49.7526
6645,3527207,Lorena,SP,Sudeste,0,-22.7334,-45.1197
2937,3527256,Lourdes,SP,Sudeste,0,-20.966,-50.2263
6647,3527306,Louveira,SP,Sudeste,0,-23.0856,-46.9484
6649,3527405,Lucélia,SP,Sudeste,0,-21.7182,-51.0215
6651,3527504,Lucianópolis,SP,Sudeste,0,-22.4294,-49.522
6653,3527603,Luís Antônio,SP,Sudeste,0,-21.55,-47.7801
6655,3527702,Luiziânia,SP,Sudeste,0,-21.6737,-50.3294
6657,3527801,Lupércio,SP,Sudeste,0,-22.4146,-49.818
6659,3527900,Lutécia,SP,Sudeste,0,-22.3384,-50.394
6661,3528007,Macatuba,SP,Sudeste,0,-22.5002,-48.7102
6663,3528106,Macaubal,SP,Sudeste,0,-20.8022,-49.9687
6665,3528205,Macedônia,SP,Sudeste,0,-20.1444,-50.1973
6667,3528304,Magda,SP,Sudeste,0,-20.6445,-50.2305
6669,3528403,Mairinque,SP,Sudeste,0,-23.5398,-47.185
6671,3528502,Mairiporã,SP,Sudeste,0,-23.3171,-46.5897
6673,3528601,Manduri,SP,Sudeste,0,-23.0056,-49.3202
6675,3528700,Marabá Paulista,SP,Sudeste,0,-22.1068,-51.9617
6677,3528809,Maracaí,SP,Sudeste,0,-22.6149,-50.6713
2977,3528858,Marapoama,SP,Sudeste,0,-21.2587,-49.13
6679,3528908,Mariápolis,SP,Sudeste,0,-21.7959,-51.1824
6681,3529005,Marília,SP,Sudeste,0,-22.2171,-49.9501
6683,3529104,Marinópolis,SP,Sudeste,0,-20.4389,-50.8254
6685,3529203,Martinópolis,SP,Sudeste,0,-22.1462,-51.1709
6687,3529302,Matão,SP,Sudeste,0,-21.6025,-48.364
6689,3529401,Mauá,SP,Sudeste,0,-23.6677,-46.4613
6691,3529500,Mendonça,SP,Sudeste,0,-21.1757,-49.5791
6693,3529609,Meridiano,SP,Sudeste,0,-20.3579,-50.1811
2983,3529658,Mesópolis,SP,Sudeste,0,-19.9684,-50.6326
6695,3529708,Miguelópolis,SP,Sudeste,0,-20.1796,-48.031
6697,3529807,Mineiros do Tietê,SP,Sudeste,0,-22.412,-48.451
6699,3529906,Miracatu,SP,Sudeste,0,-24.2766,-47.4625
6701,3530003,Mira Estrela,SP,Sudeste,0,-19.9789,-50.139
6703,3530102,Mirandópolis,SP,Sudeste,0,-21.1313,-51.1035
6705,3530201,Mirante do Paranapanema,SP,Sudeste,0,-22.2904,-51.9084
6707,3530300,Mirassol,SP,Sudeste,0,-20.8169,-49.5206
6709,3530409,Mirassolândia,SP,Sudeste,0,-20.6179,-49.4617
6711,3530508,Mococa,SP,Sudeste,0,-21.4647,-47.0024
6713,3530607,Mogi das Cruzes,SP,Sudeste,0,-23.5208,-46.1854
6715,3530706,Mogi Guaçu,SP,Sudeste,0,-22.3675,-46.9428
6717,3530805,Mogi Mirim,SP,Sudeste,0,-22.4332,-46.9532
6719,3530904,Mombuca,SP,Sudeste,0,-22.9285,-47.559
6721,3531001,Monções,SP,Sudeste,0,-20.8509,-50.0975
6723,3531100,Mongaguá,SP,Sudeste,0,-24.0809,-46.6265
6725,3531209,Monte Alegre do Sul,SP,Sudeste,0,-22.6817,-46.681
6727,3531308,Monte Alto,SP,Sudeste,0,-21.2655,-48.4971
6729,3531407,Monte Aprazível,SP,Sudeste,0,-20.768,-49.7184
6731,3531506,Monte Azul Paulista,SP,Sudeste,0,-20.9065,-48.6387
6733,3531605,Monte Castelo,SP,Sudeste,0,-21.2981,-51.5679
6735,3531704,Monteiro Lobato,SP,Sudeste,0,-22.9544,-45.8407
6737,3531803,Monte Mor,SP,Sudeste,0,-22.945,-47.3122
6739,3531902,Morro Agudo,SP,Sudeste,0,-20.7288,-48.0581
6741,3532009,Morungaba,SP,Sudeste,0,-22.8811,-46.7896
7263,3532058,Motuca,SP,Sudeste,0,-21.5103,-48.1538
6743,3532108,Murutinga do Sul,SP,Sudeste,0,-20.9908,-51.2774
0804,3532157,Nantes,SP,Sudeste,0,-22.6156,-51.24
6745,3532207,Narandiba,SP,Sudeste,0,-22.4057,-51.5274
6747,3532306,Natividade da Serra,SP,Sudeste,0,-23.3707,-45.4468
6749,3532405,Nazaré Paulista,SP,Sudeste,0,-23.1747,-46.3983
6751,3532504,Neves Paulista,SP,Sudeste,0,-20.843,-49.6358
6753,3532603,Nhandeara,SP,Sudeste,0,-20.6945,-50.0436
6755,3532702,Nipoã,SP,Sudeste,0,-20.9114,-49.7833
6757,3532801,Nova Aliança,SP,Sudeste,0,-21.0156,-49.4986
3061,3532827,Nova Campina,SP,Sudeste,0,-24.1224,-48.9022
2985,3532843,Nova Canaã Paulista,SP,Sudeste,0,-20.3836,-50.9483
0806,3532868,Nova Castilho,SP,Sudeste,0,-20.7615,-50.3477
6759,3532900,Nova Europa,SP,Sudeste,0,-21.7765,-48.5705
6761,3533007,Nova Granada,SP,Sudeste,0,-20.5321,-49.3123
6763,3533106,Nova Guataporanga,SP,Sudeste,0,-21.332,-51.6447
6765,3533205,Nova Independência,SP,Sudeste,0,-21.1026,-51.4905
2979,3533254,Novais,SP,Sudeste,0,-20.9893,-48.9141
6767,3533304,Nova Luzitânia,SP,Sudeste,0,-20.856,-50.2617
6769,3533403,Nova Odessa,SP,Sudeste,0,-22.7832,-47.2941
6771,3533502,Novo Horizonte,SP,Sudeste,0,-21.4651,-49.2234
6773,3533601,Nuporanga,SP,Sudeste,0,-20.7296,-47.7429
6775,3533700,Ocauçu,SP,Sudeste,0,-22.438,-49.922
6777,3533809,Óleo,SP,Sudeste,0,-22.9435,-49.3419
6779,3533908,Olímpia,SP,Sudeste,0,-20.7366,-48.9106
6781,3534005,Onda Verde,SP,Sudeste,0,-20.6042,-49.2929
6783,3534104,Oriente,SP,Sudeste,0,-22.1549,-50.0971
6785,3534203,Orindiúva,SP,Sudeste,0,-20.1861,-49.3464
6787,3534302,Orlândia,SP,Sudeste,0,-20.7169,-47.8852
6789,3534401,Osasco,SP,Sudeste,0,-23.5324,-46.7916
6791,3534500,Oscar Bressane,SP,Sudeste,0,-22.3149,-50.2811
6793,3534609,Osvaldo Cruz,SP,Sudeste,0,-21.7968,-50.8793
6795,3534708,Ourinhos,SP,Sudeste,0,-22.9797,-49.8697
0808,3534757,Ouroeste,SP,Sudeste,0,-20.0061,-50.3768
6797,3534807,Ouro Verde,SP,Sudeste,0,-21.4872,-51.7024
6799,3534906,Pacaembu,SP,Sudeste,0,-21.5627,-51.2654
6801,3535002,Palestina,SP,Sudeste,0,-20.39,-49.4309
6803,3535101,Palmares Paulista,SP,Sudeste,0,-21.0854,-48.8037
6805,3535200,Palmeira d'Oeste,SP,Sudeste,0,-20.4148,-50.7632
6807,3535309,Palmital,SP,Sudeste,0,-22.7858,-50.218
6809,3535408,Panorama,SP,Sudeste,0,-21.354,-51.8562
6811,3535507,Paraguaçu Paulista,SP,Sudeste,0,-22.4114,-50.5732
6813,3535606,Paraibuna,SP,Sudeste,0,-23.3872,-45.6639
6815,3535705,Paraíso,SP,Sudeste,0,-21.0159,-48.7761
6817,3535804,Paranapanema,SP,Sudeste,0,-23.3862,-48.7214
6819,3535903,Paranapuã,SP,Sudeste,0,-20.1048,-50.5886
6821,3536000,Parapuã,SP,Sudeste,0,-21.7792,-50.7949
6823,3536109,Pardinho,SP,Sudeste,0,-23.0841,-48.3679
6825,3536208,Pariquera-Açu,SP,Sudeste,0,-24.7147,-47.8742
2989,3536257,Parisi,SP,Sudeste,0,-20.3034,-50.0163
6827,3536307,Patrocínio Paulista,SP,Sudeste,0,-20.6384,-47.2801
6829,3536406,Paulicéia,SP,Sudeste,0,-21.3153,-51.8321
6831,3536505,Paulínia,SP,Sudeste,0,-22.7542,-47.1488
0810,3536570,Paulistânia,SP,Sudeste,0,-22.5768,-49.4008
6833,3536604,Paulo de Faria,SP,Sudeste,0,-20.0296,-49.4
6835,3536703,Pederneiras,SP,Sudeste,0,-22.3511,-48.7781
6837,3536802,Pedra Bela,SP,Sudeste,0,-22.7902,-46.4455
6839,3536901,Pedranópolis,SP,Sudeste,0,-20.2474,-50.1129
6841,3537008,Pedregulho,SP,Sudeste,0,-20.2535,-47.4775
6843,3537107,Pedreira,SP,Sudeste,0,-22.7413,-46.8948
2963,3537156,Pedrinhas Paulista,SP,Sudeste,0,-22.8174,-50.7933
6845,3537206,Pedro de Toledo,SP,Sudeste,0,-24.2764,-47.2354
6847,3537305,Penápolis,SP,Sudeste,0,-21.4148,-50.0769
6849,3537404,Pereira Barreto,SP,Sudeste,0,-20.6368,-51.1123
6851,3537503,Pereiras,SP,Sudeste,0,-23.0804,-47.972
6853,3537602,Peruíbe,SP,Sudeste,0,-24.312,-47.0012
6855,3537701,Piacatu,SP,Sudeste,0,-21.5921,-50.6003
6857,3537800,Piedade,SP,Sudeste,0,-23.7139,-47.4256
6859,3537909,Pilar do Sul,SP,Sudeste,0,-23.8077,-47.7222
6861,3538006,Pindamonhangaba,SP,Sudeste,0,-22.9246,-45.4613
6863,3538105,Pindorama,SP,Sudeste,0,-21.1853,-48.9086
6867,3538204,Pinhalzinho,SP,Sudeste,0,-22.7811,-46.5897
6869,3538303,Piquerobi,SP,Sudeste,0,-21.8747,-51.7282
6871,3538501,Piquete,SP,Sudeste,0,-22.6069,-45.1869
6873,3538600,Piracaia,SP,Sudeste,0,-23.0525,-46.3594
6875,3538709,Piracicaba,SP,Sudeste,0,-22.7338,-47.6476
6877,3538808,Piraju,SP,Sudeste,0,-23.1981,-49.3803
6879,3538907,Pirajuí,SP,Sudeste,0,-21.999,-49.4608
6881,3539004,Pirangi,SP,Sudeste,0,-21.0886,-48.6607
6883,3539103,Pirapora do Bom Jesus,SP,Sudeste,0,-23.3965,-46.9991
6885,3539202,Pirapozinho,SP,Sudeste,0,-22.2711,-51.4976
6887,3539301,Pirassununga,SP,Sudeste,0,-21.996,-47.4257
6889,3539400,Piratininga,SP,Sudeste,0,-22.4142,-49.1339
6891,3539509,Pitangueiras,SP,Sudeste,0,-21.0132,-48.221
6893,3539608,Planalto,SP,Sudeste,0,-21.0342,-49.933
6895,3539707,Platina,SP,Sudeste,0,-22.6371,-50.2104
6897,3539806,Poá,SP,Sudeste,0,-23.5333,-46.3473
6899,3539905,Poloni,SP,Sudeste,0,-20.7829,-49.8258
6901,3540002,Pompéia,SP,Sudeste,0,-22.107,-50.176
6903,3540101,Pongaí,SP,Sudeste,0,-21.7396,-49.3604
6905,3540200,Pontal,SP,Sudeste,0,-21.0216,-48.0423
2987,3540259,Pontalinda,SP,Sudeste,0,-20.4396,-50.5258
6907,3540309,Pontes Gestal,SP,Sudeste,0,-20.1727,-49.7064
6909,3540408,Populina,SP,Sudeste,0,-19.9453,-50.538
6911,3540507,Porangaba,SP,Sudeste,0,-23.1761,-48.1195
6913,3540606,Porto Feliz,SP,Sudeste,0,-23.2093,-47.5251
6915,3540705,Porto Ferreira,SP,Sudeste,0,-21.8498,-47.487
2993,3540754,Potim,SP,Sudeste,0,-22.8343,-45.2552
6917,3540804,Potirendaba,SP,Sudeste,0,-21.0428,-49.3815
0812,3540853,Pracinha,SP,Sudeste,0,-21.8496,-51.0868
6919,3540903,Pradópolis,SP,Sudeste,0,-21.3626,-48.0679
6921,3541000,Praia Grande,SP,Sudeste,0,-24.0084,-46.4121
0814,3541059,Pratânia,SP,Sudeste,0,-22.8112,-48.6636
6923,3541109,Presidente Alves,SP,Sudeste,0,-22.0999,-49.4381
6925,3541208,Presidente Bernardes,SP,Sudeste,0,-22.0082,-51.5565
6927,3541307,Presidente Epitácio,SP,Sudeste,0,-21.7651,-52.1111
6929,3541406,Presidente Prudente,SP,Sudeste,0,-22.1207,-51.3925
6931,3541505,Presidente Venceslau,SP,Sudeste,0,-21.8732,-51.8447
6933,3541604,Promissão,SP,Sudeste,0,-21.5356,-49.8599
0816,3541653,Quadra,SP,Sudeste,0,-23.2993,-48.0547
6935,3541703,Quatá,SP,Sudeste,0,-22.2456,-50.6966
6937,3541802,Queiroz,SP,Sudeste,0,-21.7969,-50.2415
6939,3541901,Queluz,SP,Sudeste,0,-22.5312,-44.7781
6941,3542008,Quintana,SP,Sudeste,0,-22.0692,-50.307
6943,3542107,Rafard,SP,Sudeste,0,-23.0105,-47.5318
6945,3542206,Rancharia,SP,Sudeste,0,-22.2269,-50.893
6947,3542305,Redenção da Serra,SP,Sudeste,0,-23.2638,-45.5422
6949,3542404,Regente Feijó,SP,Sudeste,0,-22.2181,-51.3055
6951,3542503,Reginópolis,SP,Sudeste,0,-21.8914,-49.2268
6953,3542602,Registro,SP,Sudeste,0,-24.4979,-47.8449
6955,3542701,Restinga,SP,Sudeste,0,-20.6056,-47.4833
6957,3542800,Ribeira,SP,Sudeste,0,-24.6517,-49.0044
6959,3542909,Ribeirão Bonito,SP,Sudeste,0,-22.0685,-48.182
6961,3543006,Ribeirão Branco,SP,Sudeste,0,-24.2206,-48.7635
6963,3543105,Ribeirão Corrente,SP,Sudeste,0,-20.4579,-47.5904
6965,3543204,Ribeirão do Sul,SP,Sudeste,0,-22.789,-49.933
0818,3543238,Ribeirão dos Índios,SP,Sudeste,0,-21.8382,-51.6103
3057,3543253,Ribeirão Grande,SP,Sudeste,0,-24.1011,-48.3679
6967,3543303,Ribeirão Pires,SP,Sudeste,0,-23.7067,-46.4058
6969,3543402,Ribeirão Preto,SP,Sudeste,0,-21.1699,-47.8099
6971,3543501,Riversul,SP,Sudeste,0,-23.829,-49.429
6973,3543600,Rifaina,SP,Sudeste,0,-20.0803,-47.4291
6975,3543709,Rincão,SP,Sudeste,0,-21.5894,-48.0728
6977,3543808,Rinópolis,SP,Sudeste,0,-21.7284,-50.7239
6979,3543907,Rio Claro,SP,Sudeste,0,-22.3984,-47.5546
6981,3544004,Rio das Pedras,SP,Sudeste,0,-22.8417,-47.6047
6983,3544103,Rio Grande da Serra,SP,Sudeste,0,-23.7437,-46.3971
6985,3544202,Riolândia,SP,Sudeste,0,-19.9868,-49.6836
7265,3544251,Rosana,SP,Sudeste,0,-22.5782,-53.0603
6987,3544301,Roseira,SP,Sudeste,0,-22.8938,-45.307
6989,3544400,Rubiácea,SP,Sudeste,0,-21.3006,-50.7296
6991,3544509,Rubinéia,SP,Sudeste,0,-20.1759,-51.007
6993,3544608,Sabino,SP,Sudeste,0,-21.4593,-49.5755
6995,3544707,Sagres,SP,Sudeste,0,-21.8823,-50.9594
6997,3544806,Sales,SP,Sudeste,0,-21.3427,-49.4897
6999,3544905,Sales Oliveira,SP,Sudeste,0,-20.7696,-47.8369
7001,3545001,Salesópolis,SP,Sudeste,0,-23.5288,-45.8465
7003,3545100,Salmourão,SP,Sudeste,0,-21.6267,-50.8614
5445,3545159,Saltinho,SP,Sudeste,0,-22.8442,-47.6754
7005,3545209,Salto,SP,Sudeste,0,-23.1996,-47.2931
7007,3545308,Salto de Pirapora,SP,Sudeste,0,-23.6474,-47.5743
7009,3545407,Salto Grande,SP,Sudeste,0,-22.8894,-49.9831
7011,3545506,Sandovalina,SP,Sudeste,0,-22.4551,-51.7648
7013,3545605,Santa Adélia,SP,Sudeste,0,-21.2427,-48.8063
7015,3545704,Santa Albertina,SP,Sudeste,0,-20.0311,-50.7297
7017,3545803,Santa Bárbara d'Oeste,SP,Sudeste,0,-22.7553,-47.4143
7021,3546009,Santa Branca,SP,Sudeste,0,-23.3933,-45.8875
7023,3546108,Santa Clara d'Oeste,SP,Sudeste,0,-20.09,-50.9491
7025,3546207,Santa Cruz da Conceição,SP,Sudeste,0,-22.1405,-47.4512
0820,3546256,Santa Cruz da Esperança,SP,Sudeste,0,-21.2951,-47.4304
7027,3546306,Santa Cruz das Palmeiras,SP,Sudeste,0,-21.8235,-47.248
7029,3546405,Santa Cruz do Rio Pardo,SP,Sudeste,0,-22.8988,-49.6354
7031,3546504,Santa Ernestina,SP,Sudeste,0,-21.4618,-48.3953
7033,3546603,Santa Fé do Sul,SP,Sudeste,0,-20.2083,-50.932
7035,3546702,Santa Gertrudes,SP,Sudeste,0,-22.4572,-47.5272
7037,3546801,Santa Isabel,SP,Sudeste,0,-23.3172,-46.2237
7039,3546900,Santa Lúcia,SP,Sudeste,0,-21.685,-48.0885
7041,3547007,Santa Maria da Serra,SP,Sudeste,0,-22.5661,-48.1593
7043,3547106,Santa Mercedes,SP,Sudeste,0,-21.3495,-51.7564
7045,3547205,Santana da Ponte Pensa,SP,Sudeste,0,-20.2523,-50.8014
7047,3547304,Santana de Parnaíba,SP,Sudeste,0,-23.4439,-46.9178
7049,3547403,Santa Rita d'Oeste,SP,Sudeste,0,-20.1414,-50.8358
7051,3547502,Santa Rita do Passa Quatro,SP,Sudeste,0,-21.7083,-47.478
7053,3547601,Santa Rosa de Viterbo,SP,Sudeste,0,-21.4776,-47.3622
0822,3547650,Santa Salete,SP,Sudeste,0,-20.2429,-50.6887
7055,3547700,Santo Anastácio,SP,Sudeste,0,-21.9747,-51.6527
7057,3547809,Santo André,SP,Sudeste,0,-23.6737,-46.5432
7059,3547908,Santo Antônio da Alegria,SP,Sudeste,0,-21.0864,-47.1464
7061,3548005,Santo Antônio de Posse,SP,Sudeste,0,-22.6029,-46.9192
2939,3548054,Santo Antônio do Aracanguá,SP,Sudeste,0,-20.9331,-50.498
7063,3548104,Santo Antônio do Jardim,SP,Sudeste,0,-22.1121,-46.6845
7065,3548203,Santo Antônio do Pinhal,SP,Sudeste,0,-22.827,-45.663
7067,3548302,Santo Expedito,SP,Sudeste,0,-21.8467,-51.3929
7069,3548401,Santópolis do Aguapeí,SP,Sudeste,0,-21.6376,-50.5044
7071,3548500,Santos,SP,Sudeste,0,-23.9535,-46.335
7073,3548609,São Bento do Sapucaí,SP,Sudeste,0,-22.6837,-45.7287
7075,3548708,São Bernardo do Campo,SP,Sudeste,0,-23.6914,-46.5646
7077,3548807,São Caetano do Sul,SP,Sudeste,0,-23.6229,-46.5548
7079,3548906,São Carlos,SP,Sudeste,0,-22.0174,-47.886
7081,3549003,São Francisco,SP,Sudeste,0,-20.3623,-50.6952
7083,3549102,São João da Boa Vista,SP,Sudeste,0,-21.9707,-46.7944
7085,3549201,São João das Duas Pontes,SP,Sudeste,0,-20.3879,-50.3792
2941,3549250,São João de Iracema,SP,Sudeste,0,-20.5111,-50.3561
7087,3549300,São João do Pau d'Alho,SP,Sudeste,0,-21.2662,-51.6672
7089,3549409,São Joaquim da Barra,SP,Sudeste,0,-20.5812,-47.8593
7091,3549508,São José da Bela Vista,SP,Sudeste,0,-20.5935,-47.6424
7093,3549607,São José do Barreiro,SP,Sudeste,0,-22.6414,-44.5774
7095,3549706,São José do Rio Pardo,SP,Sudeste,0,-21.5953,-46.8873
7097,3549805,São José do Rio Preto,SP,Sudeste,0,-20.8113,-49.3758
7099,3549904,São José dos Campos,SP,Sudeste,0,-23.1896,-45.8841
5447,3549953,São Lourenço da Serra,SP,Sudeste,0,-23.8491,-46.9432
7101,3550001,São Luiz do Paraitinga,SP,Sudeste,0,-23.222,-45.3109
7103,3550100,São Manuel,SP,Sudeste,0,-22.7321,-48.5723
7105,3550209,São Miguel Arcanjo,SP,Sudeste,0,-23.8782,-47.9935
7107,3550308,São Paulo,SP,Sudeste,1,-23.5329,-46.6395
7109,3550407,São Pedro,SP,Sudeste,0,-22.5483,-47.9096
7111,3550506,São Pedro do Turvo,SP,Sudeste,0,-22.7453,-49.7428
7113,3550605,São Roque,SP,Sudeste,0,-23.5226,-47.1357
7115,3550704,São Sebastião,SP,Sudeste,0,-23.7951,-45.4143
7117,3550803,São Sebastião da Grama,SP,Sudeste,0,-21.7041,-46.8208
7119,3550902,São Simão,SP,Sudeste,0,-21.4732,-47.5518
7121,3551009,São Vicente,SP,Sudeste,0,-23.9574,-46.3883
7123,3551108,Sarapuí,SP,Sudeste,0,-23.6397,-47.8249
7125,3551207,Sarutaiá,SP,Sudeste,0,-23.2721,-49.4763
7127,3551306,Sebastianópolis do Sul,SP,Sudeste,0,-20.6523,-49.925
7129,3551405,Serra Azul,SP,Sudeste,0,-21.3074,-47.5602
7131,3551504,Serrana,SP,Sudeste,0,-21.2043,-47.5952
7133,3551603,Serra Negra,SP,Sudeste,0,-22.6139,-46.7033
7135,3551702,Sertãozinho,SP,Sudeste,0,-21.1316,-47.9875
7137,3551801,Sete Barras,SP,Sudeste,0,-24.382,-47.9279
7139,3551900,Severínia,SP,Sudeste,0,-20.8108,-48.8054
7141,3552007,Silveiras,SP,Sudeste,0,-22.6638,-44.8522
7143,3552106,Socorro,SP,Sudeste,0,-22.5903,-46.5251
7145,3552205,Sorocaba,SP,Sudeste,0,-23.4969,-47.4451
7147,3552304,Sud Mennucci,SP,Sudeste,0,-20.6872,-50.9238
7149,3552403,Sumaré,SP,Sudeste,0,-22.8204,-47.2728
7151,3552502,Suzano,SP,Sudeste,0,-23.5448,-46.3112
2945,3552551,Suzanápolis,SP,Sudeste,0,-20.4981,-51.0268
7153,3552601,Tabapuã,SP,Sudeste,0,-20.9602,-49.0307
7155,3552700,Tabatinga,SP,Sudeste,0,-21.7239,-48.6896
7157,3552809,Taboão da Serra,SP,Sudeste,0,-23.6019,-46.7526
7159,3552908,Taciba,SP,Sudeste,0,-22.3866,-51.2882
7161,3553005,Taguaí,SP,Sudeste,0,-23.4452,-49.4024
7163,3553104,Taiaçu,SP,Sudeste,0,-21.1431,-48.5112
7165,3553203,Taiúva,SP,Sudeste,0,-21.1223,-48.4528
7167,3553302,Tambaú,SP,Sudeste,0,-21.7029,-47.2703
7169,3553401,Tanabi,SP,Sudeste,0,-20.6228,-49.6563
7171,3553500,Tapiraí,SP,Sudeste,0,-23.9612,-47.5062
7173,3553609,Tapiratiba,SP,Sudeste,0,-21.4713,-46.7448
0824,3553658,Taquaral,SP,Sudeste,0,-21.0737,-48.4126
7175,3553708,Taquaritinga,SP,Sudeste,0,-21.4049,-48.5103
7177,3553807,Taquarituba,SP,Sudeste,0,-23.5307,-49.241
3063,3553856,Taquarivaí,SP,Sudeste,0,-23.9211,-48.6948
7179,3553906,Tarabai,SP,Sudeste,0,-22.3016,-51.5621
7267,3553955,Tarumã,SP,Sudeste,0,-22.7429,-50.5786
7181,3554003,Tatuí,SP,Sudeste,0,-23.3487,-47.8461
7183,3554102,Taubaté,SP,Sudeste,0,-23.0104,-45.5593
7185,3554201,Tejupá,SP,Sudeste,0,-23.3425,-49.3722
7187,3554300,Teodoro Sampaio,SP,Sudeste,0,-22.5299,-52.1682
7189,3554409,Terra Roxa,SP,Sudeste,0,-20.787,-48.3314
7191,3554508,Tietê,SP,Sudeste,0,-23.1101,-47.7164
7193,3554607,Timburi,SP,Sudeste,0,-23.2057,-49.6096
3227,3554656,Torre de Pedra,SP,Sudeste,0,-23.2462,-48.1955
7195,3554706,Torrinha,SP,Sudeste,0,-22.4237,-48.1731
0826,3554755,Trabiju,SP,Sudeste,0,-22.0388,-48.3342
7197,3554805,Tremembé,SP,Sudeste,0,-22.9571,-45.5475
7199,3554904,Três Fronteiras,SP,Sudeste,0,-20.2344,-50.8905
2955,3554953,Tuiuti,SP,Sudeste,0,-22.8193,-46.6937
7201,3555000,Tupã,SP,Sudeste,0,-21.9335,-50.5191
7203,3555109,Tupi Paulista,SP,Sudeste,0,-21.3825,-51.575
7205,3555208,Turiúba,SP,Sudeste,0,-20.9428,-50.1135
7207,3555307,Turmalina,SP,Sudeste,0,-20.0486,-50.4792
2971,3555356,Ubarana,SP,Sudeste,0,-21.165,-49.7198
7209,3555406,Ubatuba,SP,Sudeste,0,-23.4332,-45.0834
7211,3555505,Ubirajara,SP,Sudeste,0,-22.5272,-49.6613
7213,3555604,Uchoa,SP,Sudeste,0,-20.9511,-49.1713
7215,3555703,União Paulista,SP,Sudeste,0,-20.8862,-49.9025
7217,3555802,Urânia,SP,Sudeste,0,-20.2455,-50.6455
7219,3555901,Uru,SP,Sudeste,0,-21.7866,-49.2848
7221,3556008,Urupês,SP,Sudeste,0,-21.2032,-49.2931
7223,3556107,Valentim Gentil,SP,Sudeste,0,-20.4217,-50.0889
7225,3556206,Valinhos,SP,Sudeste,0,-22.9698,-46.9974
7227,3556305,Valparaíso,SP,Sudeste,0,-21.2229,-50.8699
2957,3556354,Vargem,SP,Sudeste,0,-22.887,-46.4124
7231,3556404,Vargem Grande do Sul,SP,Sudeste,0,-21.8322,-46.8913
7273,3556453,Vargem Grande Paulista,SP,Sudeste,0,-23.5993,-47.022
7233,3556503,Várzea Paulista,SP,Sudeste,0,-23.2136,-46.8234
7235,3556602,Vera Cruz,SP,Sudeste,0,-22.2183,-49.8207
7237,3556701,Vinhedo,SP,Sudeste,0,-23.0302,-46.9833
7239,3556800,Viradouro,SP,Sudeste,0,-20.8734,-48.293
7241,3556909,Vista Alegre do Alto,SP,Sudeste,0,-21.1692,-48.6284
0828,3556958,Vitória Brasil,SP,Sudeste,0,-20.1956,-50.4875
7243,3557006,Votorantim,SP,Sudeste,0,-23.5446,-47.4388
7245,3557105,Votuporanga,SP,Sudeste,0,-20.4237,-49.9781
2973,3557154,Zacarias,SP,Sudeste,0,-21.0506,-50.0552
6337,3557204,Chavantes,SP,Sudeste,0,-23.0366,-49.7096
2959,3557303,Estiva Gerbi,SP,Sudeste,0,-22.2713,-46.9481
7401,4100103,Abatiá,PR,Sul,0,-23.3049,-50.3133
7403,4100202,Adrianópolis,PR,Sul,0,-24.6606,-48.9922
7405,4100301,Agudos do Sul,PR,Sul,0,-25.9899,-49.3343
7407,4100400,Almirante Tamandaré,PR,Sul,0,-25.3188,-49.3037
8455,4100459,Altamira do Paraná,PR,Sul,0,-24.7983,-52.7128
7951,4100509,Altônia,PR,Sul,0,-23.8759,-53.8958
7409,4100608,Alto Paraná,PR,Sul,0,-23.1312,-52.3189
7411,4100707,Alto Piquiri,PR,Sul,0,-24.0224,-53.44
7413,4100806,Alvorada do Sul,PR,Sul,0,-22.7813,-51.2297
7415,4100905,Amaporã,PR,Sul,0,-23.0943,-52.7866
7417,4101002,Ampére,PR,Sul,0,-25.9168,-53.4686
5463,4101051,Anahy,PR,Sul,0,-24.6449,-53.1332
7419,4101101,Andirá,PR,Sul,0,-23.0533,-50.2304
5509,4101150,Ângulo,PR,Sul,0,-23.1946,-51.9154
7421,4101200,Antonina,PR,Sul,0,-25.4386,-48.7191
7423,4101309,Antônio Olinto,PR,Sul,0,-25.9804,-50.1972
7425,4101408,Apucarana,PR,Sul,0,-23.55,-51.4635
7427,4101507,Arapongas,PR,Sul,0,-23.4153,-51.4259
7429,4101606,Arapoti,PR,Sul,0,-24.1548,-49.8285
0830,4101655,Arapuã,PR,Sul,0,-24.3132,-51.7856
7431,4101705,Araruna,PR,Sul,0,-23.9315,-52.5021
7435,4101804,Araucária,PR,Sul,0,-25.5859,-49.4047
0832,4101853,Ariranha do Ivaí,PR,Sul,0,-24.3857,-51.5839
7437,4101903,Assaí,PR,Sul,0,-23.3697,-50.8459
7953,4102000,Assis Chateaubriand,PR,Sul,0,-24.4168,-53.5213
7439,4102109,Astorga,PR,Sul,0,-23.2318,-51.6668
7441,4102208,Atalaia,PR,Sul,0,-23.1517,-52.0551
7443,4102307,Balsa Nova,PR,Sul,0,-25.5804,-49.6291
7445,4102406,Bandeirantes,PR,Sul,0,-23.1078,-50.3704
7447,4102505,Barbosa Ferraz,PR,Sul,0,-24.0334,-52.004
7449,4102604,Barracão,PR,Sul,0,-26.2502,-53.6324
7451,4102703,Barra do Jacaré,PR,Sul,0,-23.116,-50.1842
0834,4102752,Bela Vista da Caroba,PR,Sul,0,-25.8842,-53.6725
7453,4102802,Bela Vista do Paraíso,PR,Sul,0,-22.9937,-51.1927
7455,4102901,Bituruna,PR,Sul,0,-26.1607,-51.5518
7457,4103008,Boa Esperança,PR,Sul,0,-24.2467,-52.7876
5471,4103024,Boa Esperança do Iguaçu,PR,Sul,0,-25.6324,-53.2108
0836,4103040,Boa Ventura de São Roque,PR,Sul,0,-24.8688,-51.6276
7981,4103057,Boa Vista da Aparecida,PR,Sul,0,-25.4308,-53.4117
7459,4103107,Bocaiúva do Sul,PR,Sul,0,-25.2066,-49.1141
0838,4103156,Bom Jesus do Sul,PR,Sul,0,-26.1958,-53.5955
7461,4103206,Bom Sucesso,PR,Sul,0,-23.7063,-51.7671
9979,4103222,Bom Sucesso do Sul,PR,Sul,0,-26.0731,-52.8353
7463,4103305,Borrazópolis,PR,Sul,0,-23.9366,-51.5875
7983,4103354,Braganey,PR,Sul,0,-24.8173,-53.1218
5521,4103370,Brasilândia do Sul,PR,Sul,0,-24.1978,-53.5275
7465,4103404,Cafeara,PR,Sul,0,-22.789,-51.7142
7985,4103453,Cafelândia,PR,Sul,0,-24.6189,-53.3207
5491,4103479,Cafezal do Sul,PR,Sul,0,-23.9005,-53.5124
7467,4103503,Califórnia,PR,Sul,0,-23.6566,-51.3574
7469,4103602,Cambará,PR,Sul,0,-23.0423,-50.0753
7471,4103701,Cambé,PR,Sul,0,-23.2766,-51.2798
7473,4103800,Cambira,PR,Sul,0,-23.589,-51.5792
7475,4103909,Campina da Lagoa,PR,Sul,0,-24.5893,-52.7976
0840,4103958,Campina do Simão,PR,Sul,0,-25.0802,-51.8237
7477,4104006,Campina Grande do Sul,PR,Sul,0,-25.3044,-49.0551
8475,4104055,Campo Bonito,PR,Sul,0,-25.0294,-52.9939
7479,4104105,Campo do Tenente,PR,Sul,0,-25.98,-49.6844
7481,4104204,Campo Largo,PR,Sul,0,-25.4525,-49.529
0842,4104253,Campo Magro,PR,Sul,0,-25.3687,-49.4501
7483,4104303,Campo Mourão,PR,Sul,0,-24.0463,-52.378
7485,4104402,Cândido de Abreu,PR,Sul,0,-24.5649,-51.3372
5499,4104428,Candói,PR,Sul,0,-25.5758,-52.0409
8451,4104451,Cantagalo,PR,Sul,0,-25.3734,-52.1198
7487,4104501,Capanema,PR,Sul,0,-25.6691,-53.8055
7489,4104600,Capitão Leônidas Marques,PR,Sul,0,-25.4816,-53.6112
0844,4104659,Carambeí,PR,Sul,0,-24.9152,-50.0986
7491,4104709,Carlópolis,PR,Sul,0,-23.4269,-49.7235
7493,4104808,Cascavel,PR,Sul,0,-24.9573,-53.459
7495,4104907,Castro,PR,Sul,0,-24.7891,-50.0108
7497,4105003,Catanduvas,PR,Sul,0,-25.2044,-53.1548
7499,4105102,Centenário do Sul,PR,Sul,0,-22.8188,-51.5973
7501,4105201,Cerro Azul,PR,Sul,0,-26.0891,-52.8691
7957,4105300,Céu Azul,PR,Sul,0,-25.1489,-53.8415
7503,4105409,Chopinzinho,PR,Sul,0,-25.8515,-52.5173
7505,4105508,Cianorte,PR,Sul,0,-23.6599,-52.6054
7507,4105607,Cidade Gaúcha,PR,Sul,0,-23.3772,-52.9436
7509,4105706,Clevelândia,PR,Sul,0,-26.4043,-52.3508
7513,4105805,Colombo,PR,Sul,0,-25.2925,-49.2262
7515,4105904,Colorado,PR,Sul,0,-22.8374,-51.9743
7517,4106001,Congonhinhas,PR,Sul,0,-23.5493,-50.5569
7519,4106100,Conselheiro Mairinck,PR,Sul,0,-23.623,-50.1707
7521,4106209,Contenda,PR,Sul,0,-25.6788,-49.535
7523,4106308,Corbélia,PR,Sul,0,-24.7971,-53.3006
7525,4106407,Cornélio Procópio,PR,Sul,0,-23.1829,-50.6498
0846,4106456,Coronel Domingos Soares,PR,Sul,0,-26.2277,-52.0356
7527,4106506,Coronel Vivida,PR,Sul,0,-25.9767,-52.5641
8479,4106555,Corumbataí do Sul,PR,Sul,0,-24.101,-52.1177
5473,4106571,Cruzeiro do Iguaçu,PR,Sul,0,-25.6192,-53.1285
7529,4106605,Cruzeiro do Oeste,PR,Sul,0,-23.7799,-53.0774
7531,4106704,Cruzeiro do Sul,PR,Sul,0,-22.9624,-52.1622
7533,4106803,Cruz Machado,PR,Sul,0,-26.0166,-51.343
0848,4106852,Cruzmaltina,PR,Sul,0,-24.0132,-51.4563
7535,4106902,Curitiba,PR,Sul,1,-25.4195,-49.2646
7537,4107009,Curiúva,PR,Sul,0,-24.0362,-50.4576
7539,4107108,Diamante do Norte,PR,Sul,0,-22.655,-52.8617
5465,4107124,Diamante do Sul,PR,Sul,0,-25.035,-52.6768
9915,4107157,Diamante D'Oeste,PR,Sul,0,-24.9419,-54.1052
7541,4107207,Dois Vizinhos,PR,Sul,0,-25.7407,-53.057
8465,4107256,Douradina,PR,Sul,0,-23.3807,-53.2918
7543,4107306,Doutor Camargo,PR,Sul,0,-23.5582,-52.2178
7545,4107405,Enéas Marques,PR,Sul,0,-25.9445,-53.1659
7547,4107504,Engenheiro Beltrão,PR,Sul,0,-23.797,-52.2659
0850,4107520,Esperança Nova,PR,Sul,0,-23.7238,-53.811
5529,4107538,Entre Rios do Oeste,PR,Sul,0,-24.7042,-54.2385
0852,4107546,Espigão Alto do Iguaçu,PR,Sul,0,-25.4216,-52.8348
5511,4107553,Farol,PR,Sul,0,-24.0958,-52.6217
7549,4107603,Faxinal,PR,Sul,0,-24.0077,-51.3227
9983,4107652,Fazenda Rio Grande,PR,Sul,0,-25.6624,-49.3073
7551,4107702,Fênix,PR,Sul,0,-23.9135,-51.9805
0854,4107736,Fernandes Pinheiro,PR,Sul,0,-25.4107,-50.5456
8457,4107751,Figueira,PR,Sul,0,-23.8455,-50.4031
7553,4107801,Floraí,PR,Sul,0,-23.3178,-52.3029
5475,4107850,Flor da Serra do Sul,PR,Sul,0,-26.2523,-53.3092
7555,4107900,Floresta,PR,Sul,0,-23.6031,-52.0807
7557,4108007,Florestópolis,PR,Sul,0,-22.8623,-51.3882
7559,4108106,Flórida,PR,Sul,0,-23.0847,-51.9546
7561,4108205,Formosa do Oeste,PR,Sul,0,-24.2951,-53.3114
7563,4108304,Foz do Iguaçu,PR,Sul,0,-25.5427,-54.5827
7977,4108320,Francisco Alves,PR,Sul,0,-24.0667,-53.8461
7565,4108403,Francisco Beltrão,PR,Sul,0,-26.0817,-53.0535
0856,4108452,Foz do Jordão,PR,Sul,0,-25.7371,-52.1188
7567,4108502,General Carneiro,PR,Sul,0,-26.425,-51.3172
9947,4108551,Godoy Moreira,PR,Sul,0,-24.173,-51.9246
7569,4108601,Goioerê,PR,Sul,0,-24.1835,-53.0248
0858,4108650,Goioxim,PR,Sul,0,-25.1927,-51.9911
7959,4108700,Grandes Rios,PR,Sul,0,-24.1466,-51.5094
7571,4108809,Guaíra,PR,Sul,0,-24.085,-54.2573
7573,4108908,Guairaçá,PR,Sul,0,-22.932,-52.6906
0860,4108957,Guamiranga,PR,Sul,0,-25.1912,-50.8021
7575,4109005,Guapirama,PR,Sul,0,-23.5203,-50.0407
7577,4109104,Guaporema,PR,Sul,0,-23.3402,-52.7786
7579,4109203,Guaraci,PR,Sul,0,-22.9694,-51.6504
7581,4109302,Guaraniaçu,PR,Sul,0,-25.0968,-52.8755
7583,4109401,Guarapuava,PR,Sul,0,-25.3902,-51.4623
7585,4109500,Guaraqueçaba,PR,Sul,0,-25.3071,-48.3204
7587,4109609,Guaratuba,PR,Sul,0,-25.8817,-48.5752
9981,4109658,Honório Serpa,PR,Sul,0,-26.139,-52.3848
7589,4109708,Ibaiti,PR,Sul,0,-23.8478,-50.1932
9949,4109757,Ibema,PR,Sul,0,-25.1193,-53.0072
7591,4109807,Ibiporã,PR,Sul,0,-23.2659,-51.0522
7593,4109906,Icaraíma,PR,Sul,0,-23.3944,-53.615
7595,4110003,Iguaraçu,PR,Sul,0,-23.1949,-51.8256
5467,4110052,Iguatu,PR,Sul,0,-24.7153,-53.0827
0862,4110078,Imbaú,PR,Sul,0,-24.448,-50.7533
7597,4110102,Imbituva,PR,Sul,0,-25.2285,-50.5989
7599,4110201,Inácio Martins,PR,Sul,0,-25.5704,-51.0769
7601,4110300,Inajá,PR,Sul,0,-22.7509,-52.1995
7961,4110409,Indianópolis,PR,Sul,0,-23.4762,-52.6989
7603,4110508,Ipiranga,PR,Sul,0,-25.0238,-50.5794
7605,4110607,Iporã,PR,Sul,0,-24.0083,-53.706
5485,4110656,Iracema do Oeste,PR,Sul,0,-24.4262,-53.3528
7607,4110706,Irati,PR,Sul,0,-25.4697,-50.6493
7609,4110805,Iretama,PR,Sul,0,-24.4253,-52.1012
7611,4110904,Itaguajé,PR,Sul,0,-22.6183,-51.9674
5525,4110953,Itaipulândia,PR,Sul,0,-25.1366,-54.3001
7613,4111001,Itambaracá,PR,Sul,0,-23.0181,-50.4097
7615,4111100,Itambé,PR,Sul,0,-23.6601,-51.9912
7617,4111209,Itapejara d'Oeste,PR,Sul,0,-25.9619,-52.8152
5451,4111258,Itaperuçu,PR,Sul,0,-25.2193,-49.3454
7619,4111308,Itaúna do Sul,PR,Sul,0,-22.7289,-52.8874
7621,4111407,Ivaí,PR,Sul,0,-25.0067,-50.857
7623,4111506,Ivaiporã,PR,Sul,0,-24.2485,-51.6754
9955,4111555,Ivaté,PR,Sul,0,-23.4072,-53.3687
7625,4111605,Ivatuba,PR,Sul,0,-23.6187,-52.2203
7627,4111704,Jaboti,PR,Sul,0,-23.7435,-50.0729
7629,4111803,Jacarezinho,PR,Sul,0,-23.1591,-49.9739
7631,4111902,Jaguapitã,PR,Sul,0,-23.1104,-51.5342
7633,4112009,Jaguariaíva,PR,Sul,0,-24.2439,-49.7066
7635,4112108,Jandaia do Sul,PR,Sul,0,-23.6011,-51.6448
7637,4112207,Janiópolis,PR,Sul,0,-24.1401,-52.7784
7639,4112306,Japira,PR,Sul,0,-23.8142,-50.1422
7641,4112405,Japurá,PR,Sul,0,-23.4693,-52.5557
7643,4112504,Jardim Alegre,PR,Sul,0,-24.1809,-51.6902
7645,4112603,Jardim Olinda,PR,Sul,0,-22.5523,-52.0503
7647,4112702,Jataizinho,PR,Sul,0,-23.2578,-50.9777
7997,4112751,Jesuítas,PR,Sul,0,-24.3839,-53.3849
7649,4112801,Joaquim Távora,PR,Sul,0,-23.4987,-49.909
7651,4112900,Jundiaí do Sul,PR,Sul,0,-23.4357,-50.2496
8463,4112959,Juranda,PR,Sul,0,-24.4209,-52.8413
7653,4113007,Jussara,PR,Sul,0,-23.6219,-52.4693
7655,4113106,Kaloré,PR,Sul,0,-23.8188,-51.6687
7657,4113205,Lapa,PR,Sul,0,-25.7671,-49.7168
5501,4113254,Laranjal,PR,Sul,0,-24.8862,-52.47
7659,4113304,Laranjeiras do Sul,PR,Sul,0,-25.4077,-52.4109
7661,4113403,Leópolis,PR,Sul,0,-23.0818,-50.7511
5507,4113429,Lidianópolis,PR,Sul,0,-24.11,-51.6506
9959,4113452,Lindoeste,PR,Sul,0,-25.2596,-53.5733
7663,4113502,Loanda,PR,Sul,0,-22.9232,-53.1362
7665,4113601,Lobato,PR,Sul,0,-23.0058,-51.9524
7667,4113700,Londrina,PR,Sul,0,-23.304,-51.1691
8481,4113734,Luiziana,PR,Sul,0,-24.2853,-52.269
8459,4113759,Lunardelli,PR,Sul,0,-24.0821,-51.7368
7669,4113809,Lupionópolis,PR,Sul,0,-22.755,-51.6601
7671,4113908,Mallet,PR,Sul,0,-25.8806,-50.8173
7673,4114005,Mamborê,PR,Sul,0,-24.317,-52.5271
7675,4114104,Mandaguaçu,PR,Sul,0,-23.3458,-52.0944
7677,4114203,Mandaguari,PR,Sul,0,-23.5446,-51.671
7679,4114302,Mandirituba,PR,Sul,0,-25.777,-49.3282
0864,4114351,Manfrinópolis,PR,Sul,0,-26.1441,-53.3113
7511,4114401,Mangueirinha,PR,Sul,0,-25.9421,-52.1743
7681,4114500,Manoel Ribas,PR,Sul,0,-24.5144,-51.6658
7683,4114609,Marechal Cândido Rondon,PR,Sul,0,-24.557,-54.0571
7685,4114708,Maria Helena,PR,Sul,0,-23.6158,-53.2053
7687,4114807,Marialva,PR,Sul,0,-23.4843,-51.7928
7433,4114906,Marilândia do Sul,PR,Sul,0,-23.7425,-51.3137
7975,4115002,Marilena,PR,Sul,0,-22.7336,-53.0402
7689,4115101,Mariluz,PR,Sul,0,-24.0089,-53.1432
7691,4115200,Maringá,PR,Sul,0,-23.4205,-51.9333
7693,4115309,Mariópolis,PR,Sul,0,-26.355,-52.5532
5487,4115358,Maripá,PR,Sul,0,-24.42,-53.8286
7695,4115408,Marmeleiro,PR,Sul,0,-26.1472,-53.0267
0866,4115457,Marquinho,PR,Sul,0,-25.112,-52.2497
7697,4115507,Marumbi,PR,Sul,0,-23.7058,-51.6404
7699,4115606,Matelândia,PR,Sul,0,-25.2496,-53.9935
7963,4115705,Matinhos,PR,Sul,0,-25.8237,-48.549
5503,4115739,Mato Rico,PR,Sul,0,-24.6995,-52.1454
5459,4115754,Mauá da Serra,PR,Sul,0,-23.8988,-51.2277
7701,4115804,Medianeira,PR,Sul,0,-25.2977,-54.0943
5531,4115853,Mercedes,PR,Sul,0,-24.4538,-54.1618
7703,4115903,Mirador,PR,Sul,0,-23.255,-52.7761
7705,4116000,Miraselva,PR,Sul,0,-22.9657,-51.4846
8469,4116059,Missal,PR,Sul,0,-25.0919,-54.2477
7707,4116109,Moreira Sales,PR,Sul,0,-24.0509,-53.0102
7709,4116208,Morretes,PR,Sul,0,-25.4744,-48.8345
7711,4116307,Munhoz de Melo,PR,Sul,0,-23.1487,-51.7737
7713,4116406,Nossa Senhora das Graças,PR,Sul,0,-22.9129,-51.7978
7715,4116505,Nova Aliança do Ivaí,PR,Sul,0,-23.1763,-52.6032
7717,4116604,Nova América da Colina,PR,Sul,0,-23.3308,-50.7168
7965,4116703,Nova Aurora,PR,Sul,0,-24.5289,-53.2575
7719,4116802,Nova Cantu,PR,Sul,0,-24.6723,-52.5661
7721,4116901,Nova Esperança,PR,Sul,0,-23.182,-52.2031
5477,4116950,Nova Esperança do Sudoeste,PR,Sul,0,-25.9004,-53.2618
7723,4117008,Nova Fátima,PR,Sul,0,-23.4324,-50.5665
5479,4117057,Nova Laranjeiras,PR,Sul,0,-25.3054,-52.5447
7725,4117107,Nova Londrina,PR,Sul,0,-22.7639,-52.9868
7967,4117206,Nova Olímpia,PR,Sul,0,-23.4703,-53.0898
5457,4117214,Nova Santa Bárbara,PR,Sul,0,-23.5865,-50.7598
7979,4117222,Nova Santa Rosa,PR,Sul,0,-24.4693,-53.9552
7995,4117255,Nova Prata do Iguaçu,PR,Sul,0,-25.6309,-53.3469
9913,4117271,Nova Tebas,PR,Sul,0,-24.438,-51.9454
5517,4117297,Novo Itacolomi,PR,Sul,0,-23.7631,-51.5079
7727,4117305,Ortigueira,PR,Sul,0,-24.2058,-50.9185
7729,4117404,Ourizona,PR,Sul,0,-23.4053,-52.1964
9965,4117453,Ouro Verde do Oeste,PR,Sul,0,-24.7933,-53.9043
7731,4117503,Paiçandu,PR,Sul,0,-23.4555,-52.046
7733,4117602,Palmas,PR,Sul,0,-26.4839,-51.9888
7735,4117701,Palmeira,PR,Sul,0,-25.4257,-50.007
7737,4117800,Palmital,PR,Sul,0,-24.8853,-52.2029
7739,4117909,Palotina,PR,Sul,0,-24.2868,-53.8404
7741,4118006,Paraíso do Norte,PR,Sul,0,-23.2824,-52.6054
7743,4118105,Paranacity,PR,Sul,0,-22.9297,-52.1549
7745,4118204,Paranaguá,PR,Sul,0,-25.5161,-48.5225
7747,4118303,Paranapoema,PR,Sul,0,-22.6412,-52.0905
7749,4118402,Paranavaí,PR,Sul,0,-23.0816,-52.4617
5533,4118451,Pato Bragado,PR,Sul,0,-24.6271,-54.2265
7751,4118501,Pato Branco,PR,Sul,0,-26.2292,-52.6706
7753,4118600,Paula Freitas,PR,Sul,0,-26.2105,-50.931
7755,4118709,Paulo Frontin,PR,Sul,0,-26.0466,-50.8304
7757,4118808,Peabiru,PR,Sul,0,-23.914,-52.3431
0868,4118857,Perobal,PR,Sul,0,-23.8949,-53.4098
7969,4118907,Pérola,PR,Sul,0,-23.8039,-53.6834
7759,4119004,Pérola d'Oeste,PR,Sul,0,-25.8278,-53.7433
7761,4119103,Piên,PR,Sul,0,-26.0965,-49.4336
5453,4119152,Pinhais,PR,Sul,0,-25.4429,-49.1927
7763,4119202,Pinhalão,PR,Sul,0,-23.7982,-50.0536
5495,4119251,Pinhal de São Bento,PR,Sul,0,-26.0324,-53.482
7765,4119301,Pinhão,PR,Sul,0,-25.6944,-51.6536
7767,4119400,Piraí do Sul,PR,Sul,0,-24.5306,-49.9433
7769,4119509,Piraquara,PR,Sul,0,-25.4422,-49.0624
7771,4119608,Pitanga,PR,Sul,0,-24.7588,-51.7596
5461,4119657,Pitangueiras,PR,Sul,0,-23.2281,-51.5873
7773,4119707,Planaltina do Paraná,PR,Sul,0,-23.0101,-52.9162
7775,4119806,Planalto,PR,Sul,0,-25.7211,-53.7642
7777,4119905,Ponta Grossa,PR,Sul,0,-25.0916,-50.1668
0870,4119954,Pontal do Paraná,PR,Sul,0,-25.6735,-48.5111
7779,4120002,Porecatu,PR,Sul,0,-22.7537,-51.3795
7781,4120101,Porto Amazonas,PR,Sul,0,-25.54,-49.8946
0872,4120150,Porto Barreiro,PR,Sul,0,-25.5477,-52.4067
7783,4120200,Porto Rico,PR,Sul,0,-22.7747,-53.2677
7785,4120309,Porto Vitória,PR,Sul,0,-26.1674,-51.231
0874,4120333,Prado Ferreira,PR,Sul,0,-23.0357,-51.4429
7991,4120358,Pranchita,PR,Sul,0,-26.0209,-53.7397
7787,4120408,Presidente Castelo Branco,PR,Sul,0,-23.2782,-52.1536
7789,4120507,Primeiro de Maio,PR,Sul,0,-22.8517,-51.0293
7791,4120606,Prudentópolis,PR,Sul,0,-25.2111,-50.9754
0876,4120655,Quarto Centenário,PR,Sul,0,-24.2775,-53.0759
7793,4120705,Quatiguá,PR,Sul,0,-23.5671,-49.916
7795,4120804,Quatro Barras,PR,Sul,0,-25.3673,-49.0763
5535,4120853,Quatro Pontes,PR,Sul,0,-24.5752,-53.9759
7955,4120903,Quedas do Iguaçu,PR,Sul,0,-25.4492,-52.9102
7797,4121000,Querência do Norte,PR,Sul,0,-23.0838,-53.483
7799,4121109,Quinta do Sol,PR,Sul,0,-23.8533,-52.1309
7801,4121208,Quitandinha,PR,Sul,0,-25.8734,-49.4973
5527,4121257,Ramilândia,PR,Sul,0,-25.1195,-54.023
7803,4121307,Rancho Alegre,PR,Sul,0,-23.0676,-50.9145
5513,4121356,Rancho Alegre D'Oeste,PR,Sul,0,-24.3065,-52.9552
7805,4121406,Realeza,PR,Sul,0,-25.7711,-53.526
7807,4121505,Rebouças,PR,Sul,0,-25.6232,-50.6877
7809,4121604,Renascença,PR,Sul,0,-26.1588,-52.9703
7811,4121703,Reserva,PR,Sul,0,-24.6492,-50.8466
0878,4121752,Reserva do Iguaçu,PR,Sul,0,-25.8319,-52.0272
7813,4121802,Ribeirão Claro,PR,Sul,0,-23.1941,-49.7597
7815,4121901,Ribeirão do Pinhal,PR,Sul,0,-23.4091,-50.3601
7817,4122008,Rio Azul,PR,Sul,0,-25.7306,-50.7985
7819,4122107,Rio Bom,PR,Sul,0,-23.7606,-51.4122
5481,4122156,Rio Bonito do Iguaçu,PR,Sul,0,-25.4874,-52.5292
0880,4122172,Rio Branco do Ivaí,PR,Sul,0,-24.3244,-51.3187
7821,4122206,Rio Branco do Sul,PR,Sul,0,-25.1892,-49.3115
7823,4122305,Rio Negro,PR,Sul,0,-26.095,-49.7982
7825,4122404,Rolândia,PR,Sul,0,-23.3101,-51.3659
7827,4122503,Roncador,PR,Sul,0,-24.5958,-52.2716
7829,4122602,Rondon,PR,Sul,0,-23.412,-52.7659
8473,4122651,Rosário do Ivaí,PR,Sul,0,-24.2682,-51.272
7831,4122701,Sabáudia,PR,Sul,0,-23.3155,-51.555
7833,4122800,Salgado Filho,PR,Sul,0,-26.1777,-53.3631
7835,4122909,Salto do Itararé,PR,Sul,0,-23.6074,-49.6354
7837,4123006,Salto do Lontra,PR,Sul,0,-25.7813,-53.3135
7839,4123105,Santa Amélia,PR,Sul,0,-23.2654,-50.4288
7841,4123204,Santa Cecília do Pavão,PR,Sul,0,-23.5201,-50.7835
7843,4123303,Santa Cruz de Monte Castelo,PR,Sul,0,-22.9582,-53.2949
7845,4123402,Santa Fé,PR,Sul,0,-23.04,-51.808
7971,4123501,Santa Helena,PR,Sul,0,-24.8585,-54.336
7847,4123600,Santa Inês,PR,Sul,0,-22.6376,-51.9024
7849,4123709,Santa Isabel do Ivaí,PR,Sul,0,-23.0025,-53.1989
7851,4123808,Santa Izabel do Oeste,PR,Sul,0,-25.8217,-53.4801
5469,4123824,Santa Lúcia,PR,Sul,0,-25.4104,-53.5638
5505,4123857,Santa Maria do Oeste,PR,Sul,0,-24.9377,-51.8696
7853,4123907,Santa Mariana,PR,Sul,0,-23.1465,-50.5167
5519,4123956,Santa Mônica,PR,Sul,0,-23.108,-53.1103
7855,4124004,Santana do Itararé,PR,Sul,0,-23.7587,-49.6293
9969,4124020,Santa Tereza do Oeste,PR,Sul,0,-25.0543,-53.6274
8467,4124053,Santa Terezinha de Itaipu,PR,Sul,0,-25.4391,-54.402
7859,4124103,Santo Antônio da Platina,PR,Sul,0,-23.2959,-50.0815
7861,4124202,Santo Antônio do Caiuá,PR,Sul,0,-22.7351,-52.344
7863,4124301,Santo Antônio do Paraíso,PR,Sul,0,-23.4969,-50.6455
7857,4124400,Santo Antônio do Sudoeste,PR,Sul,0,-26.0737,-53.7251
7865,4124509,Santo Inácio,PR,Sul,0,-22.6957,-51.7969
7867,4124608,São Carlos do Ivaí,PR,Sul,0,-23.3158,-52.4761
7869,4124707,São Jerônimo da Serra,PR,Sul,0,-23.7218,-50.7475
7871,4124806,São João,PR,Sul,0,-25.8214,-52.7252
7873,4124905,São João do Caiuá,PR,Sul,0,-22.8535,-52.3411
7875,4125001,São João do Ivaí,PR,Sul,0,-23.9833,-51.8215
7877,4125100,São João do Triunfo,PR,Sul,0,-25.683,-50.2949
7881,4125209,São Jorge d'Oeste,PR,Sul,0,-25.7085,-52.9204
7879,4125308,São Jorge do Ivaí,PR,Sul,0,-23.4336,-52.2929
7999,4125357,São Jorge do Patrocínio,PR,Sul,0,-23.7647,-53.8823
7883,4125407,São José da Boa Vista,PR,Sul,0,-23.9122,-49.6577
8471,4125456,São José das Palmeiras,PR,Sul,0,-24.8369,-54.0572
7885,4125506,São José dos Pinhais,PR,Sul,0,-25.5313,-49.2031
5515,4125555,São Manoel do Paraná,PR,Sul,0,-23.3941,-52.6454
7887,4125605,São Mateus do Sul,PR,Sul,0,-25.8677,-50.384
7889,4125704,São Miguel do Iguaçu,PR,Sul,0,-25.3492,-54.2405
5489,4125753,São Pedro do Iguaçu,PR,Sul,0,-24.9373,-53.8521
7891,4125803,São Pedro do Ivaí,PR,Sul,0,-23.8634,-51.8568
7893,4125902,São Pedro do Paraná,PR,Sul,0,-22.8239,-53.2241
7895,4126009,São Sebastião da Amoreira,PR,Sul,0,-23.4656,-50.7625
7897,4126108,São Tomé,PR,Sul,0,-23.5349,-52.5901
7899,4126207,Sapopema,PR,Sul,0,-23.9078,-50.5801
8461,4126256,Sarandi,PR,Sul,0,-23.4441,-51.876
5493,4126272,Saudade do Iguaçu,PR,Sul,0,-25.6917,-52.6184
7901,4126306,Sengés,PR,Sul,0,-24.1129,-49.4616
0882,4126355,Serranópolis do Iguaçu,PR,Sul,0,-25.3799,-54.0518
7903,4126405,Sertaneja,PR,Sul,0,-23.0361,-50.8317
7905,4126504,Sertanópolis,PR,Sul,0,-23.0571,-51.0399
7907,4126603,Siqueira Campos,PR,Sul,0,-23.6875,-49.8304
8477,4126652,Sulina,PR,Sul,0,-25.7066,-52.7299
0884,4126678,Tamarana,PR,Sul,0,-23.7204,-51.0991
7909,4126702,Tamboara,PR,Sul,0,-23.2036,-52.4743
7911,4126801,Tapejara,PR,Sul,0,-23.7315,-52.8735
7973,4126900,Tapira,PR,Sul,0,-23.3193,-53.0684
7913,4127007,Teixeira Soares,PR,Sul,0,-25.3701,-50.4571
7915,4127106,Telêmaco Borba,PR,Sul,0,-24.3245,-50.6176
7917,4127205,Terra Boa,PR,Sul,0,-23.7683,-52.447
7919,4127304,Terra Rica,PR,Sul,0,-22.7111,-52.6188
7921,4127403,Terra Roxa,PR,Sul,0,-24.1575,-54.0988
7923,4127502,Tibagi,PR,Sul,0,-24.5153,-50.4176
7925,4127601,Tijucas do Sul,PR,Sul,0,-25.9311,-49.195
7927,4127700,Toledo,PR,Sul,0,-24.7246,-53.7412
7929,4127809,Tomazina,PR,Sul,0,-23.7796,-49.9499
7987,4127858,Três Barras do Paraná,PR,Sul,0,-25.4185,-53.1833
5455,4127882,Tunas do Paraná,PR,Sul,0,-24.9731,-49.0879
7931,4127908,Tuneiras do Oeste,PR,Sul,0,-23.8648,-52.8769
7993,4127957,Tupãssi,PR,Sul,0,-24.5879,-53.5105
8453,4127965,Turvo,PR,Sul,0,-25.0437,-51.5282
7933,4128005,Ubiratã,PR,Sul,0,-24.5393,-52.9865
7935,4128104,Umuarama,PR,Sul,0,-23.7656,-53.3201
7937,4128203,União da Vitória,PR,Sul,0,-26.2273,-51.0873
7939,4128302,Uniflor,PR,Sul,0,-23.0868,-52.1573
7941,4128401,Uraí,PR,Sul,0,-23.2,-50.7939
7943,4128500,Wenceslau Braz,PR,Sul,0,-23.8742,-49.8032
5497,4128534,Ventania,PR,Sul,0,-24.2458,-50.2376
7989,4128559,Vera Cruz do Oeste,PR,Sul,0,-25.0577,-53.8771
7945,4128609,Verê,PR,Sul,0,-25.8772,-52.9051
5523,4128625,Alto Paraíso,PR,Sul,0,-26.1146,-52.7469
5449,4128633,Doutor Ulysses,PR,Sul,0,-24.5665,-49.4219
5483,4128658,Virmond,PR,Sul,0,-25.3829,-52.1987
7947,4128708,Vitorino,PR,Sul,0,-26.2683,-52.7843
7949,4128807,Xambrê,PR,Sul,0,-23.7364,-53.4884
9939,4200051,Abdon Batista,SC,Sul,0,-27.6126,-51.0233
8001,4200101,Abelardo Luz,SC,Sul,0,-26.5716,-52.3229
8003,4200200,Agrolândia,SC,Sul,0,-27.4087,-49.822
8005,4200309,Agronômica,SC,Sul,0,-27.2662,-49.708
8007,4200408,Água Doce,SC,Sul,0,-26.9985,-51.5528
8009,4200507,Águas de Chapecó,SC,Sul,0,-27.0754,-52.9808
5577,4200556,Águas Frias,SC,Sul,0,-26.8794,-52.8568
8011,4200606,Águas Mornas,SC,Sul,0,-27.6963,-48.8243
8013,4200705,Alfredo Wagner,SC,Sul,0,-27.7001,-49.3273
0886,4200754,Alto Bela Vista,SC,Sul,0,-27.4333,-51.9044
8015,4200804,Anchieta,SC,Sul,0,-26.5382,-53.3319
8017,4200903,Angelina,SC,Sul,0,-27.5704,-48.9879
8019,4201000,Anita Garibaldi,SC,Sul,0,-27.6897,-51.1271
8021,4201109,Anitápolis,SC,Sul,0,-27.9012,-49.1316
8023,4201208,Antônio Carlos,SC,Sul,0,-27.5191,-48.766
9941,4201257,Apiúna,SC,Sul,0,-27.0375,-49.3885
5597,4201273,Arabutã,SC,Sul,0,-27.1587,-52.1423
8025,4201307,Araquari,SC,Sul,0,-26.3754,-48.7188
8027,4201406,Araranguá,SC,Sul,0,-28.9356,-49.4918
8029,4201505,Armazém,SC,Sul,0,-28.2448,-49.0215
8031,4201604,Arroio Trinta,SC,Sul,0,-26.9257,-51.3407
5599,4201653,Arvoredo,SC,Sul,0,-27.0748,-52.4543
8033,4201703,Ascurra,SC,Sul,0,-26.9548,-49.3783
8035,4201802,Atalanta,SC,Sul,0,-27.4219,-49.7789
8037,4201901,Aurora,SC,Sul,0,-27.3098,-49.6295
0888,4201950,Balneário Arroio do Silva,SC,Sul,0,-28.9806,-49.4237
8039,4202008,Balneário Camboriú,SC,Sul,0,-26.9926,-48.6352
5549,4202057,Balneário Barra do Sul,SC,Sul,0,-26.4597,-48.6123
0890,4202073,Balneário Gaivota,SC,Sul,0,-29.1527,-49.5841
0892,4202081,Bandeirante,SC,Sul,0,-26.7705,-53.6413
0894,4202099,Barra Bonita,SC,Sul,0,-26.654,-53.44
8041,4202107,Barra Velha,SC,Sul,0,-26.637,-48.6933
0896,4202131,Bela Vista do Toldo,SC,Sul,0,-26.2746,-50.4664
5745,4202156,Belmonte,SC,Sul,0,-26.843,-53.5758
8043,4202206,Benedito Novo,SC,Sul,0,-26.781,-49.3593
8045,4202305,Biguaçu,SC,Sul,0,-27.496,-48.6598
8047,4202404,Blumenau,SC,Sul,0,-26.9155,-49.0709
0898,4202438,Bocaina do Sul,SC,Sul,0,-27.7455,-49.9423
5537,4202453,Bombinhas,SC,Sul,0,-27.1382,-48.5146
8389,4202503,Bom Jardim da Serra,SC,Sul,0,-28.3377,-49.6373
0900,4202537,Bom Jesus,SC,Sul,0,-26.7326,-52.3919
0902,4202578,Bom Jesus do Oeste,SC,Sul,0,-26.6927,-53.0967
8049,4202602,Bom Retiro,SC,Sul,0,-27.799,-49.487
8051,4202701,Botuverá,SC,Sul,0,-27.2007,-49.0689
8053,4202800,Braço do Norte,SC,Sul,0,-28.2681,-49.1701
5557,4202859,Braço do Trombudo,SC,Sul,0,-27.3586,-49.8821
0904,4202875,Brunópolis,SC,Sul,0,-27.3058,-50.8684
8055,4202909,Brusque,SC,Sul,0,-27.0977,-48.9107
8057,4203006,Caçador,SC,Sul,0,-26.7757,-51.012
8059,4203105,Caibi,SC,Sul,0,-27.0741,-53.2458
5553,4203154,Calmon,SC,Sul,0,-26.5942,-51.095
8061,4203204,Camboriú,SC,Sul,0,-27.0241,-48.6503
0906,4203253,Capão Alto,SC,Sul,0,-27.9389,-50.5098
8063,4203303,Campo Alegre,SC,Sul,0,-26.195,-49.2676
8065,4203402,Campo Belo do Sul,SC,Sul,0,-27.8975,-50.7595
8067,4203501,Campo Erê,SC,Sul,0,-26.3931,-53.0856
8069,4203600,Campos Novos,SC,Sul,0,-27.4002,-51.2276
8071,4203709,Canelinha,SC,Sul,0,-27.2616,-48.7658
8073,4203808,Canoinhas,SC,Sul,0,-26.1766,-50.395
8075,4203907,Capinzal,SC,Sul,0,-27.3473,-51.6057
5545,4203956,Capivari de Baixo,SC,Sul,0,-28.4498,-48.9631
8077,4204004,Catanduvas,SC,Sul,0,-27.069,-51.6602
8079,4204103,Caxambu do Sul,SC,Sul,0,-27.1624,-52.8807
9943,4204152,Celso Ramos,SC,Sul,0,-27.6327,-51.335
5567,4204178,Cerro Negro,SC,Sul,0,-27.7942,-50.8673
0908,4204194,Chapadão do Lageado,SC,Sul,0,-27.5905,-49.5539
8081,4204202,Chapecó,SC,Sul,0,-27.1004,-52.6152
5543,4204251,Cocal do Sul,SC,Sul,0,-28.5986,-49.3335
8083,4204301,Concórdia,SC,Sul,0,-27.2335,-52.026
5579,4204350,Cordilheira Alta,SC,Sul,0,-26.9844,-52.6056
8085,4204400,Coronel Freitas,SC,Sul,0,-26.9057,-52.7011
5735,4204459,Coronel Martins,SC,Sul,0,-26.511,-52.6694
8087,4204509,Corupá,SC,Sul,0,-26.4246,-49.246
8395,4204558,Correia Pinto,SC,Sul,0,-27.5877,-50.3614
8089,4204608,Criciúma,SC,Sul,0,-28.6723,-49.3729
8091,4204707,Cunha Porã,SC,Sul,0,-26.895,-53.1662
0910,4204756,Cunhataí,SC,Sul,0,-26.9709,-53.0895
8093,4204806,Curitibanos,SC,Sul,0,-27.2824,-50.5816
8095,4204905,Descanso,SC,Sul,0,-26.827,-53.5034
8097,4205001,Dionísio Cerqueira,SC,Sul,0,-26.2648,-53.6351
8099,4205100,Dona Emma,SC,Sul,0,-26.981,-49.7261
9945,4205159,Doutor Pedrinho,SC,Sul,0,-26.7174,-49.4795
0912,4205175,Entre Rios,SC,Sul,0,-26.7225,-52.5585
0914,4205191,Ermo,SC,Sul,0,-28.9869,-49.643
8101,4205209,Erval Velho,SC,Sul,0,-27.2743,-51.443
8103,4205308,Faxinal dos Guedes,SC,Sul,0,-26.8451,-52.2596
0916,4205357,Flor do Sertão,SC,Sul,0,-26.7811,-53.3505
8105,4205407,Florianópolis,SC,Sul,1,-27.5945,-48.5477
5581,4205431,Formosa do Sul,SC,Sul,0,-26.6453,-52.7946
0973,4205456,Forquilhinha,SC,Sul,0,-28.7454,-49.4785
8107,4205506,Fraiburgo,SC,Sul,0,-27.0233,-50.92
0918,4205555,Frei Rogério,SC,Sul,0,-27.175,-50.8076
8109,4205605,Galvão,SC,Sul,0,-26.4549,-52.6875
8113,4205704,Garopaba,SC,Sul,0,-28.0275,-48.6192
8115,4205803,Garuva,SC,Sul,0,-26.0292,-48.852
8117,4205902,Gaspar,SC,Sul,0,-26.9336,-48.9534
8111,4206009,Governador Celso Ramos,SC,Sul,0,-27.3172,-48.5576
8119,4206108,Grão Pará,SC,Sul,0,-28.1809,-49.2252
8121,4206207,Gravatal,SC,Sul,0,-28.3208,-49.0427
8123,4206306,Guabiruba,SC,Sul,0,-27.0808,-48.9804
8125,4206405,Guaraciaba,SC,Sul,0,-26.6042,-53.5243
8127,4206504,Guaramirim,SC,Sul,0,-26.4688,-49.0026
8129,4206603,Guarujá do Sul,SC,Sul,0,-26.3858,-53.5296
5583,4206652,Guatambú,SC,Sul,0,-27.1341,-52.7887
8131,4206702,Herval d'Oeste,SC,Sul,0,-27.1903,-51.4917
0920,4206751,Ibiam,SC,Sul,0,-27.1847,-51.2352
8133,4206801,Ibicaré,SC,Sul,0,-27.0881,-51.3681
8135,4206900,Ibirama,SC,Sul,0,-27.0547,-49.5193
8137,4207007,Içara,SC,Sul,0,-28.7132,-49.3087
8139,4207106,Ilhota,SC,Sul,0,-26.9023,-48.8251
8141,4207205,Imaruí,SC,Sul,0,-28.3339,-48.817
8143,4207304,Imbituba,SC,Sul,0,-28.2284,-48.6659
8145,4207403,Imbuia,SC,Sul,0,-27.4908,-49.4218
8147,4207502,Indaial,SC,Sul,0,-26.8992,-49.2354
0922,4207577,Iomerê,SC,Sul,0,-27.0019,-51.2442
8149,4207601,Ipira,SC,Sul,0,-27.4038,-51.7758
9951,4207650,Iporã do Oeste,SC,Sul,0,-26.9854,-53.5355
5737,4207684,Ipuaçu,SC,Sul,0,-26.635,-52.4556
8151,4207700,Ipumirim,SC,Sul,0,-27.0772,-52.1289
9953,4207759,Iraceminha,SC,Sul,0,-26.8215,-53.2767
8153,4207809,Irani,SC,Sul,0,-27.0287,-51.9012
5585,4207858,Irati,SC,Sul,0,-26.6539,-52.8955
8155,4207908,Irineópolis,SC,Sul,0,-26.242,-50.7957
8157,4208005,Itá,SC,Sul,0,-27.2907,-52.3212
8159,4208104,Itaiópolis,SC,Sul,0,-26.339,-49.9092
8161,4208203,Itajaí,SC,Sul,0,-26.9101,-48.6705
8163,4208302,Itapema,SC,Sul,0,-27.0861,-48.616
8165,4208401,Itapiranga,SC,Sul,0,-27.1659,-53.7166
9985,4208450,Itapoá,SC,Sul,0,-26.1158,-48.6182
8167,4208500,Ituporanga,SC,Sul,0,-27.4101,-49.5963
8169,4208609,Jaborá,SC,Sul,0,-27.1782,-51.7279
8171,4208708,Jacinto Machado,SC,Sul,0,-28.9961,-49.7623
8173,4208807,Jaguaruna,SC,Sul,0,-28.6146,-49.0296
8175,4208906,Jaraguá do Sul,SC,Sul,0,-26.4851,-49.0713
5587,4208955,Jardinópolis,SC,Sul,0,-26.7191,-52.8625
8177,4209003,Joaçaba,SC,Sul,0,-27.1721,-51.5108
8179,4209102,Joinville,SC,Sul,0,-26.3045,-48.8487
9957,4209151,José Boiteux,SC,Sul,0,-26.9566,-49.6286
0924,4209177,Jupiá,SC,Sul,0,-26.395,-52.7298
8181,4209201,Lacerdópolis,SC,Sul,0,-27.2579,-51.5577
8183,4209300,Lages,SC,Sul,0,-27.815,-50.3259
8185,4209409,Laguna,SC,Sul,0,-28.4843,-48.7772
5739,4209458,Lajeado Grande,SC,Sul,0,-26.8576,-52.5648
8187,4209508,Laurentino,SC,Sul,0,-27.2173,-49.7331
8189,4209607,Lauro Muller,SC,Sul,0,-28.3859,-49.4035
8191,4209706,Lebon Régis,SC,Sul,0,-26.928,-50.6921
8193,4209805,Leoberto Leal,SC,Sul,0,-27.5081,-49.2789
9961,4209854,Lindóia do Sul,SC,Sul,0,-27.0545,-52.069
8195,4209904,Lontras,SC,Sul,0,-27.1684,-49.535
8197,4210001,Luiz Alves,SC,Sul,0,-26.7151,-48.9322
0926,4210035,Luzerna,SC,Sul,0,-27.1304,-51.4682
5575,4210050,Macieira,SC,Sul,0,-26.8552,-51.3705
8199,4210100,Mafra,SC,Sul,0,-26.1159,-49.8086
8201,4210209,Major Gercino,SC,Sul,0,-27.4192,-48.9488
8203,4210308,Major Vieira,SC,Sul,0,-26.3709,-50.3266
8391,4210407,Maracajá,SC,Sul,0,-28.8463,-49.4605
8205,4210506,Maravilha,SC,Sul,0,-26.7665,-53.1737
9963,4210555,Marema,SC,Sul,0,-26.8024,-52.6264
8207,4210605,Massaranduba,SC,Sul,0,-26.6109,-49.0054
8209,4210704,Matos Costa,SC,Sul,0,-26.4709,-51.1501
8211,4210803,Meleiro,SC,Sul,0,-28.8244,-49.6378
5559,4210852,Mirim Doce,SC,Sul,0,-27.197,-50.0786
8213,4210902,Modelo,SC,Sul,0,-26.7729,-53.04
8215,4211009,Mondaí,SC,Sul,0,-27.1008,-53.4032
5561,4211058,Monte Carlo,SC,Sul,0,-27.2239,-50.9808
8217,4211108,Monte Castelo,SC,Sul,0,-26.461,-50.2327
8219,4211207,Morro da Fumaça,SC,Sul,0,-28.6511,-49.2169
5539,4211256,Morro Grande,SC,Sul,0,-28.8006,-49.7214
8221,4211306,Navegantes,SC,Sul,0,-26.8943,-48.6546
8223,4211405,Nova Erechim,SC,Sul,0,-26.8982,-52.9066
5589,4211454,Nova Itaberaba,SC,Sul,0,-26.9428,-52.8141
8225,4211504,Nova Trento,SC,Sul,0,-27.278,-48.9298
8227,4211603,Nova Veneza,SC,Sul,0,-28.6338,-49.5055
5591,4211652,Novo Horizonte,SC,Sul,0,-26.4442,-52.8281
8229,4211702,Orleans,SC,Sul,0,-28.3487,-49.2986
8397,4211751,Otacílio Costa,SC,Sul,0,-27.4789,-50.1231
8231,4211801,Ouro,SC,Sul,0,-27.3379,-51.6194
5741,4211850,Ouro Verde,SC,Sul,0,-26.692,-52.3108
0928,4211876,Paial,SC,Sul,0,-27.2541,-52.4975
0930,4211892,Painel,SC,Sul,0,-27.9234,-50.0972
8233,4211900,Palhoça,SC,Sul,0,-27.6455,-48.6697
8235,4212007,Palma Sola,SC,Sul,0,-26.3471,-53.2771
0932,4212056,Palmeira,SC,Sul,0,-27.583,-50.1577
8237,4212106,Palmitos,SC,Sul,0,-27.0702,-53.1586
8239,4212205,Papanduva,SC,Sul,0,-26.3777,-50.1419
5747,4212239,Paraíso,SC,Sul,0,-26.62,-53.6716
5541,4212254,Passo de Torres,SC,Sul,0,-29.3099,-49.722
5743,4212270,Passos Maia,SC,Sul,0,-26.7829,-52.0568
8241,4212304,Paulo Lopes,SC,Sul,0,-27.9607,-48.6864
8243,4212403,Pedras Grandes,SC,Sul,0,-28.4339,-49.1949
8245,4212502,Penha,SC,Sul,0,-26.7754,-48.6465
8247,4212601,Peritiba,SC,Sul,0,-27.3754,-51.9018
1194,4212650,Pescaria Brava,SC,Sul,0,-28.3966,-48.8864
8249,4212700,Petrolândia,SC,Sul,0,-27.5346,-49.6937
8251,4212809,Balneário Piçarras,SC,Sul,0,-26.7639,-48.6717
8253,4212908,Pinhalzinho,SC,Sul,0,-26.8495,-52.9913
8255,4213005,Pinheiro Preto,SC,Sul,0,-27.0483,-51.2243
8257,4213104,Piratuba,SC,Sul,0,-27.4242,-51.7668
5593,4213153,Planalto Alegre,SC,Sul,0,-27.0704,-52.867
8259,4213203,Pomerode,SC,Sul,0,-26.7384,-49.1785
8261,4213302,Ponte Alta,SC,Sul,0,-27.4835,-50.3764
5569,4213351,Ponte Alta do Norte,SC,Sul,0,-27.1591,-50.4659
8263,4213401,Ponte Serrada,SC,Sul,0,-26.8733,-52.0112
8265,4213500,Porto Belo,SC,Sul,0,-27.1586,-48.5469
8267,4213609,Porto União,SC,Sul,0,-26.2451,-51.0759
8269,4213708,Pouso Redondo,SC,Sul,0,-27.2567,-49.9301
8271,4213807,Praia Grande,SC,Sul,0,-29.1918,-49.9525
8273,4213906,Presidente Castello Branco,SC,Sul,0,-27.2218,-51.8089
8275,4214003,Presidente Getúlio,SC,Sul,0,-27.0474,-49.6246
8277,4214102,Presidente Nereu,SC,Sul,0,-27.2768,-49.3889
0934,4214151,Princesa,SC,Sul,0,-26.4441,-53.5994
8279,4214201,Quilombo,SC,Sul,0,-26.7264,-52.724
8281,4214300,Rancho Queimado,SC,Sul,0,-27.6727,-49.0191
8283,4214409,Rio das Antas,SC,Sul,0,-26.8946,-51.0674
8285,4214508,Rio do Campo,SC,Sul,0,-26.9452,-50.136
8287,4214607,Rio do Oeste,SC,Sul,0,-27.1952,-49.7989
8289,4214706,Rio dos Cedros,SC,Sul,0,-26.7398,-49.2718
8291,4214805,Rio do Sul,SC,Sul,0,-27.2156,-49.643
8293,4214904,Rio Fortuna,SC,Sul,0,-28.1244,-49.1068
8295,4215000,Rio Negrinho,SC,Sul,0,-26.2591,-49.5177
5571,4215059,Rio Rufino,SC,Sul,0,-27.8592,-49.7754
5749,4215075,Riqueza,SC,Sul,0,-27.0653,-53.3265
8297,4215109,Rodeio,SC,Sul,0,-26.9243,-49.3649
8299,4215208,Romelândia,SC,Sul,0,-26.6809,-53.3172
8301,4215307,Salete,SC,Sul,0,-26.9798,-49.9988
0936,4215356,Saltinho,SC,Sul,0,-26.6049,-53.0578
8303,4215406,Salto Veloso,SC,Sul,0,-26.903,-51.4043
5547,4215455,Sangão,SC,Sul,0,-28.6326,-49.1322
8305,4215505,Santa Cecília,SC,Sul,0,-26.9592,-50.4252
5751,4215554,Santa Helena,SC,Sul,0,-26.937,-53.6214
8307,4215604,Santa Rosa de Lima,SC,Sul,0,-28.0331,-49.133
9967,4215653,Santa Rosa do Sul,SC,Sul,0,-29.1313,-49.7109
5555,4215679,Santa Terezinha,SC,Sul,0,-26.7813,-50.009
0938,4215687,Santa Terezinha do Progresso,SC,Sul,0,-26.624,-53.1997
0940,4215695,Santiago do Sul,SC,Sul,0,-26.6388,-52.6799
8309,4215703,Santo Amaro da Imperatriz,SC,Sul,0,-27.6852,-48.7813
0942,4215752,São Bernardino,SC,Sul,0,-26.4739,-52.9687
8311,4215802,São Bento do Sul,SC,Sul,0,-26.2495,-49.3831
8313,4215901,São Bonifácio,SC,Sul,0,-27.9009,-48.9326
8315,4216008,São Carlos,SC,Sul,0,-27.0798,-53.0037
5573,4216057,São Cristovão do Sul,SC,Sul,0,-27.2666,-50.4388
8317,4216107,São Domingos,SC,Sul,0,-26.5548,-52.5313
8319,4216206,São Francisco do Sul,SC,Sul,0,-26.2579,-48.6344
5753,4216255,São João do Oeste,SC,Sul,0,-27.0984,-53.5977
8321,4216305,São João Batista,SC,Sul,0,-27.2772,-48.8474
5551,4216354,São João do Itaperiú,SC,Sul,0,-26.6213,-48.7683
8323,4216404,São João do Sul,SC,Sul,0,-29.2154,-49.8094
8325,4216503,São Joaquim,SC,Sul,0,-28.2887,-49.9457
8327,4216602,São José,SC,Sul,0,-27.6136,-48.6366
8329,4216701,São José do Cedro,SC,Sul,0,-26.4561,-53.4955
8331,4216800,São José do Cerrito,SC,Sul,0,-27.6602,-50.5733
8333,4216909,São Lourenço do Oeste,SC,Sul,0,-26.3557,-52.8498
8335,4217006,São Ludgero,SC,Sul,0,-28.3144,-49.1806
8337,4217105,São Martinho,SC,Sul,0,-28.1609,-48.9867
5755,4217154,São Miguel da Boa Vista,SC,Sul,0,-26.687,-53.2511
8339,4217204,São Miguel do Oeste,SC,Sul,0,-26.7242,-53.5163
0944,4217253,São Pedro de Alcântara,SC,Sul,0,-27.5665,-48.8048
8341,4217303,Saudades,SC,Sul,0,-26.9317,-53.0021
8343,4217402,Schroeder,SC,Sul,0,-26.4116,-49.074
8345,4217501,Seara,SC,Sul,0,-27.1564,-52.299
9989,4217550,Serra Alta,SC,Sul,0,-26.7229,-53.0409
8347,4217600,Siderópolis,SC,Sul,0,-28.5955,-49.4314
8349,4217709,Sombrio,SC,Sul,0,-29.108,-49.6328
5595,4217758,Sul Brasil,SC,Sul,0,-26.7351,-52.964
8351,4217808,Taió,SC,Sul,0,-27.121,-49.9942
8353,4217907,Tangará,SC,Sul,0,-27.0996,-51.2473
0946,4217956,Tigrinhos,SC,Sul,0,-26.6876,-53.1545
8355,4218004,Tijucas,SC,Sul,0,-27.2354,-48.6322
8393,4218103,Timbé do Sul,SC,Sul,0,-28.8287,-49.842
8357,4218202,Timbó,SC,Sul,0,-26.8246,-49.269
9971,4218251,Timbó Grande,SC,Sul,0,-26.6127,-50.6607
8359,4218301,Três Barras,SC,Sul,0,-26.1056,-50.3197
0948,4218350,Treviso,SC,Sul,0,-28.5097,-49.4634
8361,4218400,Treze de Maio,SC,Sul,0,-28.5537,-49.1565
8363,4218509,Treze Tílias,SC,Sul,0,-27.0026,-51.4084
8365,4218608,Trombudo Central,SC,Sul,0,-27.3033,-49.793
8367,4218707,Tubarão,SC,Sul,0,-28.4713,-49.0144
9991,4218756,Tunápolis,SC,Sul,0,-26.9681,-53.6417
8369,4218806,Turvo,SC,Sul,0,-28.9272,-49.6831
9973,4218855,União do Oeste,SC,Sul,0,-26.762,-52.8541
8371,4218905,Urubici,SC,Sul,0,-28.0157,-49.5925
9975,4218954,Urupema,SC,Sul,0,-27.9557,-49.8729
8373,4219002,Urussanga,SC,Sul,0,-28.518,-49.3238
8375,4219101,Vargeão,SC,Sul,0,-26.8621,-52.1549
5563,4219150,Vargem,SC,Sul,0,-27.4867,-50.9724
5565,4219176,Vargem Bonita,SC,Sul,0,-27.0055,-51.7402
8377,4219200,Vidal Ramos,SC,Sul,0,-27.3886,-49.3593
8379,4219309,Videira,SC,Sul,0,-27.0086,-51.1543
9977,4219358,Vitor Meireles,SC,Sul,0,-26.8782,-49.8328
8381,4219408,Witmarsum,SC,Sul,0,-26.9275,-49.7947
8383,4219507,Xanxerê,SC,Sul,0,-26.8747,-52.4036
8385,4219606,Xavantina,SC,Sul,0,-27.0667,-52.343
8387,4219705,Xaxim,SC,Sul,0,-26.9596,-52.5374
0950,4219853,Zortéa,SC,Sul,0,-27.4521,-51.552
1192,4220000,Balneário Rincão,SC,Sul,0,-28.8314,-49.2352
1118,4300034,Aceguá,RS,Sul,0,-31.8665,-54.1615
8499,4300059,Água Santa,RS,Sul,0,-28.1672,-52.031
8501,4300109,Agudo,RS,Sul,0,-29.6447,-53.2515
8503,4300208,Ajuricaba,RS,Sul,0,-28.2342,-53.7757
8505,4300307,Alecrim,RS,Sul,0,-27.6579,-54.7649
8507,4300406,Alegrete,RS,Sul,0,-29.7902,-55.7949
8497,4300455,Alegria,RS,Sul,0,-27.8345,-54.0557
1120,4300471,Almirante Tamandaré do Sul,RS,Sul,0,-28.1149,-52.9142
8509,4300505,Alpestre,RS,Sul,0,-27.2502,-53.0341
8495,4300554,Alto Alegre,RS,Sul,0,-28.7769,-52.9893
6045,4300570,Alto Feliz,RS,Sul,0,-29.3919,-51.3123
8511,4300604,Alvorada,RS,Sul,0,-29.9914,-51.0809
8493,4300638,Amaral Ferrador,RS,Sul,0,-30.8756,-52.2509
5969,4300646,Ametista do Sul,RS,Sul,0,-27.3607,-53.183
8491,4300661,André da Rocha,RS,Sul,0,-28.6283,-51.5797
8513,4300703,Anta Gorda,RS,Sul,0,-28.9698,-52.0102
8515,4300802,Antônio Prado,RS,Sul,0,-28.8565,-51.2883
5779,4300851,Arambaré,RS,Sul,0,-30.9092,-51.5046
0952,4300877,Araricá,RS,Sul,0,-29.6168,-50.9291
8517,4300901,Aratiba,RS,Sul,0,-27.3978,-52.2975
8519,4301008,Arroio do Meio,RS,Sul,0,-29.4014,-51.9557
8489,4301057,Arroio do Sal,RS,Sul,0,-29.5439,-49.8895
1122,4301073,Arroio do Padre,RS,Sul,0,-31.4389,-52.4246
8521,4301107,Arroio dos Ratos,RS,Sul,0,-30.0875,-51.7275
8523,4301206,Arroio do Tigre,RS,Sul,0,-29.3348,-53.0966
8525,4301305,Arroio Grande,RS,Sul,0,-32.2327,-53.0862
8527,4301404,Arvorezinha,RS,Sul,0,-28.8737,-52.1781
8529,4301503,Augusto Pestana,RS,Sul,0,-28.5172,-53.9883
8487,4301552,Áurea,RS,Sul,0,-27.6936,-52.0505
8531,4301602,Bagé,RS,Sul,0,-31.3297,-54.0999
0954,4301636,Balneário Pinhal,RS,Sul,0,-30.2419,-50.2337
8485,4301651,Barão,RS,Sul,0,-29.3725,-51.4949
8533,4301701,Barão de Cotegipe,RS,Sul,0,-27.6208,-52.3798
5771,4301750,Barão do Triunfo,RS,Sul,0,-30.3891,-51.7384
8535,4301800,Barracão,RS,Sul,0,-27.6739,-51.4585
6069,4301859,Barra do Guarita,RS,Sul,0,-27.1927,-53.7109
0956,4301875,Barra do Quaraí,RS,Sul,0,-30.2029,-57.5497
8537,4301909,Barra do Ribeiro,RS,Sul,0,-30.2939,-51.3014
5959,4301925,Barra do Rio Azul,RS,Sul,0,-27.4069,-52.4084
5943,4301958,Barra Funda,RS,Sul,0,-27.9205,-53.0391
8539,4302006,Barros Cassal,RS,Sul,0,-29.0947,-52.5836
0958,4302055,Benjamin Constant do Sul,RS,Sul,0,-27.5086,-52.5995
8541,4302105,Bento Gonçalves,RS,Sul,0,-29.1662,-51.5165
5981,4302154,Boa Vista das Missões,RS,Sul,0,-27.6671,-53.3102
8543,4302204,Boa Vista do Buricá,RS,Sul,0,-27.6693,-54.1082
1124,4302220,Boa Vista do Cadeado,RS,Sul,0,-28.5791,-53.8108
1126,4302238,Boa Vista do Incra,RS,Sul,0,-28.8185,-53.391
0960,4302253,Boa Vista do Sul,RS,Sul,0,-29.3544,-51.6687
8545,4302303,Bom Jesus,RS,Sul,0,-28.6697,-50.4295
9823,4302352,Bom Princípio,RS,Sul,0,-29.4856,-51.3548
6071,4302378,Bom Progresso,RS,Sul,0,-27.5399,-53.8716
8547,4302402,Bom Retiro do Sul,RS,Sul,0,-29.6071,-51.9456
8483,4302451,Boqueirão do Leão,RS,Sul,0,-29.3046,-52.4284
8549,4302501,Bossoroca,RS,Sul,0,-28.7291,-54.9035
1128,4302584,Bozano,RS,Sul,0,-28.3659,-53.772
8551,4302600,Braga,RS,Sul,0,-27.6173,-53.7405
8449,4302659,Brochier,RS,Sul,0,-29.5501,-51.5945
8553,4302709,Butiá,RS,Sul,0,-30.1179,-51.9601
8555,4302808,Caçapava do Sul,RS,Sul,0,-30.5144,-53.4827
8557,4302907,Cacequi,RS,Sul,0,-29.8883,-54.822
8559,4303004,Cachoeira do Sul,RS,Sul,0,-30.033,-52.8928
8561,4303103,Cachoeirinha,RS,Sul,0,-29.9472,-51.1016
8563,4303202,Cacique Doble,RS,Sul,0,-27.767,-51.6597
8565,4303301,Caibaté,RS,Sul,0,-28.2905,-54.6454
8567,4303400,Caiçara,RS,Sul,0,-27.2791,-53.4257
8569,4303509,Camaquã,RS,Sul,0,-30.8489,-51.8043
8447,4303558,Camargo,RS,Sul,0,-28.588,-52.2003
8571,4303608,Cambará do Sul,RS,Sul,0,-29.0474,-50.1465
6013,4303673,Campestre da Serra,RS,Sul,0,-28.7926,-51.0941
8573,4303707,Campina das Missões,RS,Sul,0,-27.9888,-54.8416
8575,4303806,Campinas do Sul,RS,Sul,0,-27.7174,-52.6248
8577,4303905,Campo Bom,RS,Sul,0,-29.6747,-51.0606
8579,4304002,Campo Novo,RS,Sul,0,-27.6792,-53.8052
8445,4304101,Campos Borges,RS,Sul,0,-28.8871,-53.0008
8581,4304200,Candelária,RS,Sul,0,-29.6684,-52.7895
8583,4304309,Cândido Godói,RS,Sul,0,-27.9515,-54.7517
6083,4304358,Candiota,RS,Sul,0,-31.5516,-53.6773
8585,4304408,Canela,RS,Sul,0,-29.356,-50.8119
8587,4304507,Canguçu,RS,Sul,0,-31.396,-52.6783
8589,4304606,Canoas,RS,Sul,0,-29.9128,-51.1857
1130,4304614,Canudos do Vale,RS,Sul,0,-29.3271,-52.2374
1132,4304622,Capão Bonito do Sul,RS,Sul,0,-28.1254,-51.3961
8915,4304630,Capão da Canoa,RS,Sul,0,-29.7642,-50.0282
1134,4304655,Capão do Cipó,RS,Sul,0,-28.9312,-54.5558
8973,4304663,Capão do Leão,RS,Sul,0,-31.7565,-52.4889
0962,4304671,Capivari do Sul,RS,Sul,0,-30.1383,-50.5152
8443,4304689,Capela de Santana,RS,Sul,0,-29.6961,-51.328
6025,4304697,Capitão,RS,Sul,0,-29.2674,-51.9853
8591,4304705,Carazinho,RS,Sul,0,-28.2958,-52.7933
0964,4304713,Caraá,RS,Sul,0,-29.7869,-50.4316
8593,4304804,Carlos Barbosa,RS,Sul,0,-29.2969,-51.5028
5961,4304853,Carlos Gomes,RS,Sul,0,-27.7167,-51.9121
8595,4304903,Casca,RS,Sul,0,-28.5605,-51.9815
8441,4304952,Caseiros,RS,Sul,0,-28.2582,-51.6861
8597,4305009,Catuípe,RS,Sul,0,-28.2554,-54.0132
8599,4305108,Caxias do Sul,RS,Sul,0,-29.1629,-51.1792
5963,4305116,Centenário,RS,Sul,0,-27.7615,-51.9984
0966,4305124,Cerrito,RS,Sul,0,-31.8419,-52.8004
8439,4305132,Cerro Branco,RS,Sul,0,-29.657,-52.9406
8437,4305157,Cerro Grande,RS,Sul,0,-27.6106,-53.1672
8435,4305173,Cerro Grande do Sul,RS,Sul,0,-30.5905,-51.7418
8601,4305207,Cerro Largo,RS,Sul,0,-28.1463,-54.7428
8603,4305306,Chapada,RS,Sul,0,-28.0559,-53.0665
8693,4305355,Charqueadas,RS,Sul,0,-29.9625,-51.6289
5965,4305371,Charrua,RS,Sul,0,-27.9493,-52.015
8605,4305405,Chiapetta,RS,Sul,0,-27.923,-53.9419
0968,4305439,Chuí,RS,Sul,0,-33.6866,-53.4594
0970,4305447,Chuvisca,RS,Sul,0,-30.7504,-51.9737
8433,4305454,Cidreira,RS,Sul,0,-30.1604,-50.2337
8607,4305504,Ciríaco,RS,Sul,0,-28.3419,-51.8741
6029,4305587,Colinas,RS,Sul,0,-29.3948,-51.8556
8609,4305603,Colorado,RS,Sul,0,-28.5258,-52.9928
8611,4305702,Condor,RS,Sul,0,-28.2075,-53.4905
8613,4305801,Constantina,RS,Sul,0,-27.732,-52.9938
1136,4305835,Coqueiro Baixo,RS,Sul,0,-29.1802,-52.0942
5945,4305850,Coqueiros do Sul,RS,Sul,0,-28.1194,-52.7842
6055,4305871,Coronel Barros,RS,Sul,0,-28.3921,-54.0686
8615,4305900,Coronel Bicaco,RS,Sul,0,-27.7197,-53.7022
1138,4305934,Coronel Pilar,RS,Sul,0,-29.2695,-51.6847
8977,4305959,Cotiporã,RS,Sul,0,-28.9891,-51.6971
5797,4305975,Coxilha,RS,Sul,0,-28.128,-52.3023
8617,4306007,Crissiumal,RS,Sul,0,-27.4999,-54.0994
8431,4306056,Cristal,RS,Sul,0,-31.0046,-52.0436
0972,4306072,Cristal do Sul,RS,Sul,0,-27.452,-53.2422
8619,4306106,Cruz Alta,RS,Sul,0,-28.645,-53.6048
1140,4306130,Cruzaltense,RS,Sul,0,-27.6672,-52.6522
8621,4306205,Cruzeiro do Sul,RS,Sul,0,-29.5148,-51.9928
8623,4306304,David Canabarro,RS,Sul,0,-28.3849,-51.8482
6073,4306320,Derrubadas,RS,Sul,0,-27.2642,-53.8645
8429,4306353,Dezesseis de Novembro,RS,Sul,0,-28.219,-55.0617
0974,4306379,Dilermando de Aguiar,RS,Sul,0,-29.7054,-54.2122
8625,4306403,Dois Irmãos,RS,Sul,0,-29.5836,-51.0898
5971,4306429,Dois Irmãos das Missões,RS,Sul,0,-27.6621,-53.5304
8427,4306452,Dois Lajeados,RS,Sul,0,-28.983,-51.8396
8627,4306502,Dom Feliciano,RS,Sul,0,-30.7004,-52.1026
0976,4306551,Dom Pedro de Alcântara,RS,Sul,0,-29.3639,-49.853
8629,4306601,Dom Pedrito,RS,Sul,0,-30.9756,-54.6694
8631,4306700,Dona Francisca,RS,Sul,0,-29.6195,-53.3617
8425,4306734,Doutor Maurício Cardoso,RS,Sul,0,-27.5103,-54.3577
0978,4306759,Doutor Ricardo,RS,Sul,0,-29.084,-51.9972
8423,4306767,Eldorado do Sul,RS,Sul,0,-30.0847,-51.6187
8633,4306809,Encantado,RS,Sul,0,-29.2351,-51.8703
8635,4306908,Encruzilhada do Sul,RS,Sul,0,-30.543,-52.5204
5947,4306924,Engenho Velho,RS,Sul,0,-27.706,-52.9145
8419,4306932,Entre-Ijuís,RS,Sul,0,-28.3686,-54.2686
8421,4306957,Entre Rios do Sul,RS,Sul,0,-27.5298,-52.7347
8417,4306973,Erebango,RS,Sul,0,-27.8544,-52.3005
8637,4307005,Erechim,RS,Sul,0,-27.6364,-52.2697
8415,4307054,Ernestina,RS,Sul,0,-28.4977,-52.5836
8639,4307104,Herval,RS,Sul,0,-32.024,-53.3944
8641,4307203,Erval Grande,RS,Sul,0,-27.3926,-52.574
8643,4307302,Erval Seco,RS,Sul,0,-27.5443,-53.5005
8645,4307401,Esmeralda,RS,Sul,0,-28.0518,-51.1933
0980,4307450,Esperança do Sul,RS,Sul,0,-27.3603,-53.9891
8647,4307500,Espumoso,RS,Sul,0,-28.7286,-52.8461
7301,4307559,Estação,RS,Sul,0,-27.9135,-52.2635
8649,4307609,Estância Velha,RS,Sul,0,-29.6535,-51.1843
8651,4307708,Esteio,RS,Sul,0,-29.852,-51.1841
8653,4307807,Estrela,RS,Sul,0,-29.5002,-51.9495
0982,4307815,Estrela Velha,RS,Sul,0,-29.1713,-53.1639
8413,4307831,Eugênio de Castro,RS,Sul,0,-28.5315,-54.1506
8411,4307864,Fagundes Varela,RS,Sul,0,-28.8794,-51.7014
8655,4307906,Farroupilha,RS,Sul,0,-29.2227,-51.3419
8657,4308003,Faxinal do Soturno,RS,Sul,0,-29.5788,-53.4484
8409,4308052,Faxinalzinho,RS,Sul,0,-27.4238,-52.6789
0984,4308078,Fazenda Vilanova,RS,Sul,0,-29.5885,-51.8217
8659,4308102,Feliz,RS,Sul,0,-29.4527,-51.3032
8661,4308201,Flores da Cunha,RS,Sul,0,-29.0261,-51.1875
0986,4308250,Floriano Peixoto,RS,Sul,0,-27.8614,-52.0838
8663,4308300,Fontoura Xavier,RS,Sul,0,-28.9817,-52.3445
8665,4308409,Formigueiro,RS,Sul,0,-30.0035,-53.4959
1142,4308433,Forquetinha,RS,Sul,0,-29.3828,-52.0981
9827,4308458,Fortaleza dos Valos,RS,Sul,0,-28.7986,-53.2249
8667,4308508,Frederico Westphalen,RS,Sul,0,-27.3586,-53.3958
8669,4308607,Garibaldi,RS,Sul,0,-29.259,-51.5352
6081,4308656,Garruchos,RS,Sul,0,-28.1944,-55.6383
8671,4308706,Gaurama,RS,Sul,0,-27.5856,-52.0915
8673,4308805,General Câmara,RS,Sul,0,-29.9032,-51.7612
5799,4308854,Gentil,RS,Sul,0,-28.4316,-52.0337
8677,4308904,Getúlio Vargas,RS,Sul,0,-27.8911,-52.2294
8679,4309001,Giruá,RS,Sul,0,-28.0297,-54.3517
8407,4309050,Glorinha,RS,Sul,0,-29.8798,-50.7734
8681,4309100,Gramado,RS,Sul,0,-29.3734,-50.8762
5949,4309126,Gramado dos Loureiros,RS,Sul,0,-27.4429,-52.9149
5763,4309159,Gramado Xavier,RS,Sul,0,-29.2706,-52.5795
8683,4309209,Gravataí,RS,Sul,0,-29.9413,-50.9869
8405,4309258,Guabiju,RS,Sul,0,-28.5421,-51.6948
8685,4309308,Guaíba,RS,Sul,0,-30.1086,-51.3233
8687,4309407,Guaporé,RS,Sul,0,-28.8399,-51.8895
8689,4309506,Guarani das Missões,RS,Sul,0,-28.1491,-54.5629
8403,4309555,Harmonia,RS,Sul,0,-29.5456,-51.4185
0988,4309571,Herveiras,RS,Sul,0,-29.4552,-52.6553
8691,4309605,Horizontina,RS,Sul,0,-27.6282,-54.3053
6085,4309654,Hulha Negra,RS,Sul,0,-31.4067,-53.8667
8695,4309704,Humaitá,RS,Sul,0,-27.5691,-53.9695
8401,4309753,Ibarama,RS,Sul,0,-29.4203,-53.1295
8697,4309803,Ibiaçá,RS,Sul,0,-28.0566,-51.8599
8699,4309902,Ibiraiaras,RS,Sul,0,-28.3741,-51.6377
7299,4309951,Ibirapuitã,RS,Sul,0,-28.6247,-52.5158
8701,4310009,Ibirubá,RS,Sul,0,-28.6302,-53.0961
8703,4310108,Igrejinha,RS,Sul,0,-29.5693,-50.7919
8705,4310207,Ijuí,RS,Sul,0,-28.388,-53.92
8707,4310306,Ilópolis,RS,Sul,0,-28.9282,-52.1258
7297,4310330,Imbé,RS,Sul,0,-29.9753,-50.1281
7295,4310363,Imigrante,RS,Sul,0,-29.3508,-51.7748
8709,4310405,Independência,RS,Sul,0,-27.8354,-54.1886
6051,4310413,Inhacorá,RS,Sul,0,-27.8752,-54.015
8399,4310439,Ipê,RS,Sul,0,-28.8171,-51.2859
7399,4310462,Ipiranga do Sul,RS,Sul,0,-27.9404,-52.4271
8711,4310504,Iraí,RS,Sul,0,-27.1951,-53.2543
0990,4310538,Itaara,RS,Sul,0,-29.6013,-53.7725
7397,4310553,Itacurubi,RS,Sul,0,-28.7913,-55.2447
6027,4310579,Itapuca,RS,Sul,0,-28.7768,-52.1693
8713,4310603,Itaqui,RS,Sul,0,-29.1311,-56.5515
1144,4310652,Itati,RS,Sul,0,-29.4974,-50.1016
8715,4310702,Itatiba do Sul,RS,Sul,0,-27.3846,-52.4538
7395,4310751,Ivorá,RS,Sul,0,-29.5232,-53.5842
8717,4310801,Ivoti,RS,Sul,0,-29.5995,-51.1533
7393,4310850,Jaboticaba,RS,Sul,0,-27.6347,-53.2762
1146,4310876,Jacuizinho,RS,Sul,0,-29.0401,-53.0657
8719,4310900,Jacutinga,RS,Sul,0,-27.7291,-52.5372
8721,4311007,Jaguarão,RS,Sul,0,-32.5604,-53.377
8723,4311106,Jaguari,RS,Sul,0,-29.4936,-54.703
7391,4311122,Jaquirana,RS,Sul,0,-28.8811,-50.3637
0992,4311130,Jari,RS,Sul,0,-29.2922,-54.2237
9829,4311155,Jóia,RS,Sul,0,-28.6435,-54.1141
8725,4311205,Júlio de Castilhos,RS,Sul,0,-29.2299,-53.6772
1148,4311239,Lagoa Bonita do Sul,RS,Sul,0,-29.4939,-53.017
7389,4311254,Lagoão,RS,Sul,0,-29.2348,-52.7997
5951,4311270,Lagoa dos Três Cantos,RS,Sul,0,-28.5676,-52.8618
8727,4311304,Lagoa Vermelha,RS,Sul,0,-28.2093,-51.5248
8729,4311403,Lajeado,RS,Sul,0,-29.4591,-51.9644
5983,4311429,Lajeado do Bugre,RS,Sul,0,-27.6913,-53.1818
8731,4311502,Lavras do Sul,RS,Sul,0,-30.8071,-53.8931
8733,4311601,Liberato Salzano,RS,Sul,0,-27.601,-53.0753
6017,4311627,Lindolfo Collor,RS,Sul,0,-29.5859,-51.2141
6047,4311643,Linha Nova,RS,Sul,0,-29.4679,-51.2003
8735,4311700,Machadinho,RS,Sul,0,-27.5667,-51.6668
0994,4311718,Maçambará,RS,Sul,0,-29.1445,-56.0674
0996,4311734,Mampituba,RS,Sul,0,-29.2136,-49.9311
6079,4311759,Manoel Viana,RS,Sul,0,-29.5859,-55.4841
5783,4311775,Maquiné,RS,Sul,0,-29.6798,-50.2079
6039,4311791,Maratá,RS,Sul,0,-29.5457,-51.5573
8737,4311809,Marau,RS,Sul,0,-28.4498,-52.1986
8739,4311908,Marcelino Ramos,RS,Sul,0,-27.4676,-51.9095
5759,4311981,Mariana Pimentel,RS,Sul,0,-30.353,-51.5803
8741,4312005,Mariano Moro,RS,Sul,0,-27.3568,-52.1467
0998,4312054,Marques de Souza,RS,Sul,0,-29.3311,-52.0973
8743,4312104,Mata,RS,Sul,0,-29.5649,-54.4641
5931,4312138,Mato Castelhano,RS,Sul,0,-28.28,-52.1932
6031,4312153,Mato Leitão,RS,Sul,0,-29.5285,-52.1278
1150,4312179,Mato Queimado,RS,Sul,0,-28.252,-54.6159
8745,4312203,Maximiliano de Almeida,RS,Sul,0,-27.6325,-51.802
5773,4312252,Minas do Leão,RS,Sul,0,-30.1346,-52.0423
8747,4312302,Miraguaí,RS,Sul,0,-27.497,-53.6891
7387,4312351,Montauri,RS,Sul,0,-28.6462,-52.0767
1000,4312377,Monte Alegre dos Campos,RS,Sul,0,-28.6805,-50.7834
5993,4312385,Monte Belo do Sul,RS,Sul,0,-29.1607,-51.6333
8749,4312401,Montenegro,RS,Sul,0,-29.6824,-51.4679
5933,4312427,Mormaço,RS,Sul,0,-28.6968,-52.6999
5775,4312443,Morrinhos do Sul,RS,Sul,0,-29.3578,-49.9328
7385,4312450,Morro Redondo,RS,Sul,0,-31.5887,-52.6261
6019,4312476,Morro Reuter,RS,Sul,0,-29.5379,-51.0811
8751,4312500,Mostardas,RS,Sul,0,-31.1054,-50.9167
8753,4312609,Muçum,RS,Sul,0,-29.163,-51.8714
1002,4312617,Muitos Capões,RS,Sul,0,-28.3132,-51.1836
5935,4312625,Muliterno,RS,Sul,0,-28.3253,-51.7697
8755,4312658,Não-Me-Toque,RS,Sul,0,-28.4548,-52.8182
5937,4312674,Nicolau Vergueiro,RS,Sul,0,-28.5298,-52.4676
8757,4312708,Nonoai,RS,Sul,0,-27.3689,-52.7756
7383,4312757,Nova Alvorada,RS,Sul,0,-28.6822,-52.1631
8759,4312807,Nova Araçá,RS,Sul,0,-28.6537,-51.7458
8761,4312906,Nova Bassano,RS,Sul,0,-28.7291,-51.7072
5953,4312955,Nova Boa Vista,RS,Sul,0,-27.9926,-52.9784
8763,4313003,Nova Bréscia,RS,Sul,0,-29.2182,-52.0319
1004,4313011,Nova Candelária,RS,Sul,0,-27.6137,-54.1074
7381,4313037,Nova Esperança do Sul,RS,Sul,0,-29.4066,-54.8293
7379,4313060,Nova Hartz,RS,Sul,0,-29.5808,-50.9051
5991,4313086,Nova Pádua,RS,Sul,0,-29.0275,-51.3098
8765,4313102,Nova Palma,RS,Sul,0,-29.471,-53.4689
8767,4313201,Nova Petrópolis,RS,Sul,0,-29.3741,-51.1136
8769,4313300,Nova Prata,RS,Sul,0,-28.7799,-51.6113
1006,4313334,Nova Ramada,RS,Sul,0,-28.0667,-53.6992
7377,4313359,Nova Roma do Sul,RS,Sul,0,-28.9882,-51.4095
5757,4313375,Nova Santa Rita,RS,Sul,0,-29.8525,-51.2837
1008,4313391,Novo Cabrais,RS,Sul,0,-29.7338,-52.9489
8771,4313409,Novo Hamburgo,RS,Sul,0,-29.6875,-51.1328
6057,4313425,Novo Machado,RS,Sul,0,-27.5765,-54.5036
5973,4313441,Novo Tiradentes,RS,Sul,0,-27.5649,-53.1837
1152,4313466,Novo Xingu,RS,Sul,0,-27.749,-53.0639
5985,4313490,Novo Barreiro,RS,Sul,0,-27.9077,-53.1103
8773,4313508,Osório,RS,Sul,0,-29.8881,-50.2667
8775,4313607,Paim Filho,RS,Sul,0,-27.7075,-51.763
8967,4313656,Palmares do Sul,RS,Sul,0,-30.2535,-50.5103
8777,4313706,Palmeira das Missões,RS,Sul,0,-27.9007,-53.3134
8779,4313805,Palmitinho,RS,Sul,0,-27.3596,-53.558
8781,4313904,Panambi,RS,Sul,0,-28.2833,-53.5023
7375,4313953,Pantano Grande,RS,Sul,0,-30.1902,-52.3729
8783,4314001,Paraí,RS,Sul,0,-28.5964,-51.7896
7373,4314027,Paraíso do Sul,RS,Sul,0,-29.6717,-53.144
6041,4314035,Pareci Novo,RS,Sul,0,-29.6365,-51.3974
9825,4314050,Parobé,RS,Sul,0,-29.6243,-50.8312
1010,4314068,Passa Sete,RS,Sul,0,-29.4577,-52.9599
5765,4314076,Passo do Sobrado,RS,Sul,0,-29.748,-52.2748
8785,4314100,Passo Fundo,RS,Sul,0,-28.2576,-52.4091
1154,4314134,Paulo Bento,RS,Sul,0,-27.7051,-52.4169
7371,4314159,Paverama,RS,Sul,0,-29.5486,-51.7339
1156,4314175,Pedras Altas,RS,Sul,0,-31.7365,-53.5814
8787,4314209,Pedro Osório,RS,Sul,0,-31.8642,-52.8184
8789,4314308,Pejuçara,RS,Sul,0,-28.4283,-53.6579
8791,4314407,Pelotas,RS,Sul,0,-31.7649,-52.3371
6021,4314423,Picada Café,RS,Sul,0,-29.4464,-51.1367
7369,4314456,Pinhal,RS,Sul,0,-27.508,-53.2082
1158,4314464,Pinhal da Serra,RS,Sul,0,-27.8751,-51.1673
5787,4314472,Pinhal Grande,RS,Sul,0,-29.345,-53.3206
5975,4314498,Pinheirinho do Vale,RS,Sul,0,-27.2109,-53.608
8793,4314506,Pinheiro Machado,RS,Sul,0,-31.5794,-53.3798
1160,4314548,Pinto Bandeira,RS,Sul,0,-29.0975,-51.4503
7367,4314555,Pirapó,RS,Sul,0,-28.0439,-55.2001
8795,4314605,Piratini,RS,Sul,0,-31.4473,-53.0973
8797,4314704,Planalto,RS,Sul,0,-27.3297,-53.0575
7365,4314753,Poço das Antas,RS,Sul,0,-29.4481,-51.6719
5939,4314779,Pontão,RS,Sul,0,-28.0585,-52.6791
5967,4314787,Ponte Preta,RS,Sul,0,-27.6587,-52.4848
8799,4314803,Portão,RS,Sul,0,-29.7015,-51.2429
8801,4314902,Porto Alegre,RS,Sul,1,-30.0318,-51.2065
8803,4315008,Porto Lucena,RS,Sul,0,-27.8569,-55.01
6065,4315057,Porto Mauá,RS,Sul,0,-27.5796,-54.6657
6067,4315073,Porto Vera Cruz,RS,Sul,0,-27.7405,-54.8994
8805,4315107,Porto Xavier,RS,Sul,0,-27.9082,-55.1379
7363,4315131,Pouso Novo,RS,Sul,0,-29.1738,-52.2136
6023,4315149,Presidente Lucena,RS,Sul,0,-29.5175,-51.1798
7361,4315156,Progresso,RS,Sul,0,-29.2441,-52.3197
7359,4315172,Protásio Alves,RS,Sul,0,-28.7572,-51.4757
8807,4315206,Putinga,RS,Sul,0,-29.0045,-52.1569
8809,4315305,Quaraí,RS,Sul,0,-30.384,-56.4483
1162,4315313,Quatro Irmãos,RS,Sul,0,-27.8257,-52.4424
5789,4315321,Quevedos,RS,Sul,0,-29.3504,-54.0789
7357,4315354,Quinze de Novembro,RS,Sul,0,-28.7466,-53.1011
8811,4315404,Redentora,RS,Sul,0,-27.664,-53.6407
7355,4315453,Relvado,RS,Sul,0,-29.1164,-52.0778
8813,4315503,Restinga Sêca,RS,Sul,0,-29.8188,-53.3807
5955,4315552,Rio dos Índios,RS,Sul,0,-27.2973,-52.8417
8815,4315602,Rio Grande,RS,Sul,0,-32.0349,-52.1071
8817,4315701,Rio Pardo,RS,Sul,0,-29.988,-52.3711
7353,4315750,Riozinho,RS,Sul,0,-29.639,-50.4488
8819,4315800,Roca Sales,RS,Sul,0,-29.2884,-51.8658
8821,4315909,Rodeio Bonito,RS,Sul,0,-27.4742,-53.1706
1164,4315958,Rolador,RS,Sul,0,-28.2566,-54.8186
8823,4316006,Rolante,RS,Sul,0,-29.6462,-50.5819
8825,4316105,Ronda Alta,RS,Sul,0,-27.7758,-52.8056
8827,4316204,Rondinha,RS,Sul,0,-27.8315,-52.9081
8829,4316303,Roque Gonzales,RS,Sul,0,-28.1297,-55.0266
8831,4316402,Rosário do Sul,RS,Sul,0,-30.2515,-54.9221
5987,4316428,Sagrada Família,RS,Sul,0,-27.7085,-53.1351
7339,4316436,Saldanha Marinho,RS,Sul,0,-28.3941,-53.097
8975,4316451,Salto do Jacuí,RS,Sul,0,-29.0951,-53.2133
6061,4316477,Salvador das Missões,RS,Sul,0,-28.1233,-54.8373
8833,4316501,Salvador do Sul,RS,Sul,0,-29.4386,-51.5077
8835,4316600,Sananduva,RS,Sul,0,-27.947,-51.8079
8837,4316709,Santa Bárbara do Sul,RS,Sul,0,-28.3653,-53.251
1166,4316733,Santa Cecília do Sul,RS,Sul,0,-28.1609,-51.9279
6033,4316758,Santa Clara do Sul,RS,Sul,0,-29.4747,-52.0843
8839,4316808,Santa Cruz do Sul,RS,Sul,0,-29.722,-52.4343
8841,4316907,Santa Maria,RS,Sul,0,-29.6868,-53.8149
7337,4316956,Santa Maria do Herval,RS,Sul,0,-29.4902,-50.9919
1168,4316972,Santa Margarida do Sul,RS,Sul,0,-30.3393,-54.0817
8843,4317004,Santana da Boa Vista,RS,Sul,0,-30.8697,-53.11
8845,4317103,Sant'Ana do Livramento,RS,Sul,0,-30.8773,-55.5392
8847,4317202,Santa Rosa,RS,Sul,0,-27.8702,-54.4796
5995,4317251,Santa Tereza,RS,Sul,0,-29.1655,-51.7351
8849,4317301,Santa Vitória do Palmar,RS,Sul,0,-33.525,-53.3717
8851,4317400,Santiago,RS,Sul,0,-29.1897,-54.8666
8853,4317509,Santo Ângelo,RS,Sul,0,-28.3001,-54.2668
5941,4317558,Santo Antônio do Palma,RS,Sul,0,-28.4956,-52.0267
8855,4317608,Santo Antônio da Patrulha,RS,Sul,0,-29.8268,-50.5175
8857,4317707,Santo Antônio das Missões,RS,Sul,0,-28.514,-55.2251
5957,4317756,Santo Antônio do Planalto,RS,Sul,0,-28.403,-52.6992
8859,4317806,Santo Augusto,RS,Sul,0,-27.8526,-53.7776
8861,4317905,Santo Cristo,RS,Sul,0,-27.8263,-54.662
5977,4317954,Santo Expedito do Sul,RS,Sul,0,-27.9074,-51.6434
8863,4318002,São Borja,RS,Sul,0,-28.6578,-56.0036
7351,4318051,São Domingos do Sul,RS,Sul,0,-28.5312,-51.886
8865,4318101,São Francisco de Assis,RS,Sul,0,-29.5547,-55.1253
8867,4318200,São Francisco de Paula,RS,Sul,0,-29.4404,-50.5828
8869,4318309,São Gabriel,RS,Sul,0,-30.3337,-54.3217
8871,4318408,São Jerônimo,RS,Sul,0,-29.9716,-51.7251
7349,4318424,São João da Urtiga,RS,Sul,0,-27.8195,-51.8257
5791,4318432,São João do Polêsine,RS,Sul,0,-29.6194,-53.4439
7347,4318440,São Jorge,RS,Sul,0,-28.4984,-51.7064
5989,4318457,São José das Missões,RS,Sul,0,-27.7789,-53.1226
7345,4318465,São José do Herval,RS,Sul,0,-29.052,-52.295
7343,4318481,São José do Hortêncio,RS,Sul,0,-29.528,-51.245
6059,4318499,São José do Inhacorá,RS,Sul,0,-27.7251,-54.1275
8873,4318507,São José do Norte,RS,Sul,0,-32.0151,-52.0331
8875,4318606,São José do Ouro,RS,Sul,0,-27.7707,-51.5966
1170,4318614,São José do Sul,RS,Sul,0,-29.5448,-51.4821
6015,4318622,São José dos Ausentes,RS,Sul,0,-28.7476,-50.0677
8877,4318705,São Leopoldo,RS,Sul,0,-29.7545,-51.1498
8879,4318804,São Lourenço do Sul,RS,Sul,0,-31.3564,-51.9715
8881,4318903,São Luiz Gonzaga,RS,Sul,0,-28.412,-54.9559
8883,4319000,São Marcos,RS,Sul,0,-28.9677,-51.0696
8885,4319109,São Martinho,RS,Sul,0,-27.7112,-53.9699
5793,4319125,São Martinho da Serra,RS,Sul,0,-29.5397,-53.859
7341,4319158,São Miguel das Missões,RS,Sul,0,-28.556,-54.5559
8887,4319208,São Nicolau,RS,Sul,0,-28.1834,-55.2654
8889,4319307,São Paulo das Missões,RS,Sul,0,-28.0195,-54.9404
6043,4319356,São Pedro da Serra,RS,Sul,0,-29.4193,-51.5134
1172,4319364,São Pedro das Missões,RS,Sul,0,-27.7706,-53.2513
6063,4319372,São Pedro do Butiá,RS,Sul,0,-28.1243,-54.8926
8891,4319406,São Pedro do Sul,RS,Sul,0,-29.6202,-54.1855
8893,4319505,São Sebastião do Caí,RS,Sul,0,-29.5885,-51.3749
8895,4319604,São Sepé,RS,Sul,0,-30.1643,-53.5603
8897,4319703,São Valentim,RS,Sul,0,-27.5583,-52.5237
5997,4319711,São Valentim do Sul,RS,Sul,0,-29.0451,-51.7684
6075,4319737,São Valério do Sul,RS,Sul,0,-27.7906,-53.9368
7293,4319752,São Vendelino,RS,Sul,0,-29.3729,-51.3675
8675,4319802,São Vicente do Sul,RS,Sul,0,-29.6882,-54.6826
8899,4319901,Sapiranga,RS,Sul,0,-29.6349,-51.0064
8901,4320008,Sapucaia do Sul,RS,Sul,0,-29.8276,-51.145
8903,4320107,Sarandi,RS,Sul,0,-27.942,-52.9231
8905,4320206,Seberi,RS,Sul,0,-27.4829,-53.4026
7335,4320230,Sede Nova,RS,Sul,0,-27.6367,-53.9493
7317,4320263,Segredo,RS,Sul,0,-29.3523,-52.9767
8907,4320305,Selbach,RS,Sul,0,-28.6294,-52.9498
1012,4320321,Senador Salgado Filho,RS,Sul,0,-28.025,-54.5507
5781,4320354,Sentinela do Sul,RS,Sul,0,-30.6107,-51.5862
8909,4320404,Serafina Corrêa,RS,Sul,0,-28.7126,-51.9352
6035,4320453,Sério,RS,Sul,0,-29.3904,-52.2685
8911,4320503,Sertão,RS,Sul,0,-27.9798,-52.2588
5761,4320552,Sertão Santana,RS,Sul,0,-30.4562,-51.6017
1014,4320578,Sete de Setembro,RS,Sul,0,-28.1362,-54.4637
8913,4320602,Severiano de Almeida,RS,Sul,0,-27.4362,-52.1217
7315,4320651,Silveira Martins,RS,Sul,0,-29.6467,-53.591
5767,4320677,Sinimbu,RS,Sul,0,-29.5357,-52.5304
8917,4320701,Sobradinho,RS,Sul,0,-29.4194,-53.0326
8919,4320800,Soledade,RS,Sul,0,-28.8306,-52.5131
1016,4320859,Tabaí,RS,Sul,0,-29.643,-51.6823
8921,4320909,Tapejara,RS,Sul,0,-28.0652,-52.0097
8923,4321006,Tapera,RS,Sul,0,-28.6277,-52.8613
8925,4321105,Tapes,RS,Sul,0,-30.6683,-51.3991
8927,4321204,Taquara,RS,Sul,0,-29.6505,-50.7753
8929,4321303,Taquari,RS,Sul,0,-29.7943,-51.8653
7313,4321329,Taquaruçu do Sul,RS,Sul,0,-27.4005,-53.4702
8971,4321352,Tavares,RS,Sul,0,-31.2843,-51.088
8931,4321402,Tenente Portela,RS,Sul,0,-27.3711,-53.7585
7333,4321436,Terra de Areia,RS,Sul,0,-29.5782,-50.0644
9821,4321451,Teutônia,RS,Sul,0,-29.4482,-51.8044
1174,4321469,Tio Hugo,RS,Sul,0,-28.5712,-52.5955
6077,4321477,Tiradentes do Sul,RS,Sul,0,-27.4022,-54.0814
1018,4321493,Toropi,RS,Sul,0,-29.4782,-54.2244
8933,4321501,Torres,RS,Sul,0,-29.3334,-49.7333
8935,4321600,Tramandaí,RS,Sul,0,-29.9841,-50.1322
6037,4321626,Travesseiro,RS,Sul,0,-29.2977,-52.0532
7331,4321634,Três Arroios,RS,Sul,0,-27.5003,-52.1448
7329,4321667,Três Cachoeiras,RS,Sul,0,-29.4487,-49.9275
8937,4321709,Três Coroas,RS,Sul,0,-29.5137,-50.7739
8939,4321808,Três de Maio,RS,Sul,0,-27.78,-54.2357
5777,4321832,Três Forquilhas,RS,Sul,0,-29.5384,-50.0708
7327,4321857,Três Palmeiras,RS,Sul,0,-27.6139,-52.8437
8941,4321907,Três Passos,RS,Sul,0,-27.4555,-53.9296
7325,4321956,Trindade do Sul,RS,Sul,0,-27.5239,-52.8956
8943,4322004,Triunfo,RS,Sul,0,-29.9291,-51.7075
8945,4322103,Tucunduva,RS,Sul,0,-27.6573,-54.4439
7323,4322152,Tunas,RS,Sul,0,-29.1039,-52.9538
5979,4322186,Tupanci do Sul,RS,Sul,0,-27.9241,-51.5383
8947,4322202,Tupanciretã,RS,Sul,0,-29.0858,-53.8445
7321,4322251,Tupandi,RS,Sul,0,-29.4772,-51.4174
8949,4322301,Tuparendi,RS,Sul,0,-27.7598,-54.4814
1020,4322327,Turuçu,RS,Sul,0,-31.4173,-52.1706
1022,4322343,Ubiretama,RS,Sul,0,-28.0404,-54.686
5999,4322350,União da Serra,RS,Sul,0,-28.7833,-52.0238
1024,4322376,Unistalda,RS,Sul,0,-29.04,-55.1517
8951,4322400,Uruguaiana,RS,Sul,0,-29.7614,-57.0853
8953,4322509,Vacaria,RS,Sul,0,-28.5079,-50.9418
1026,4322525,Vale Verde,RS,Sul,0,-29.7864,-52.1857
5769,4322533,Vale do Sol,RS,Sul,0,-29.5967,-52.6839
6049,4322541,Vale Real,RS,Sul,0,-29.3919,-51.2559
7319,4322558,Vanini,RS,Sul,0,-28.4758,-51.8447
8955,4322608,Venâncio Aires,RS,Sul,0,-29.6143,-52.1932
8957,4322707,Vera Cruz,RS,Sul,0,-29.7184,-52.5152
8959,4322806,Veranópolis,RS,Sul,0,-28.9312,-51.5516
1028,4322855,Vespasiano Corrêa,RS,Sul,0,-29.0655,-51.8625
8961,4322905,Viadutos,RS,Sul,0,-27.5716,-52.0211
8963,4323002,Viamão,RS,Sul,0,-30.0819,-51.0194
8965,4323101,Vicente Dutra,RS,Sul,0,-27.1607,-53.4022
8969,4323200,Victor Graeff,RS,Sul,0,-28.5632,-52.7495
7311,4323309,Vila Flores,RS,Sul,0,-28.8598,-51.5504
1030,4323358,Vila Lângaro,RS,Sul,0,-28.1062,-52.1438
7309,4323408,Vila Maria,RS,Sul,0,-28.5359,-52.1486
5795,4323457,Vila Nova do Sul,RS,Sul,0,-30.3461,-53.876
7307,4323507,Vista Alegre,RS,Sul,0,-27.3686,-53.4919
7305,4323606,Vista Alegre do Prata,RS,Sul,0,-28.8052,-51.7947
7303,4323705,Vista Gaúcha,RS,Sul,0,-27.2902,-53.6974
6053,4323754,Vitória das Missões,RS,Sul,0,-28.3516,-54.504
1176,4323770,Westfália,RS,Sul,0,-29.4263,-51.7645
5785,4323804,Xangri-lá,RS,Sul,0,-29.8065,-50.0519
9003,5000203,Água Clara,MS,Centro-Oeste,0,-20.4452,-52.879
0141,5000252,Alcinópolis,MS,Centro-Oeste,0,-18.3255,-53.7042
9011,5000609,Amambai,MS,Centro-Oeste,0,-23.1058,-55.2253
9013,5000708,Anastácio,MS,Centro-Oeste,0,-20.4823,-55.8104
9015,5000807,Anaurilândia,MS,Centro-Oeste,0,-22.1852,-52.7191
9169,5000856,Angélica,MS,Centro-Oeste,0,-22.1527,-53.7708
9017,5000906,Antônio João,MS,Centro-Oeste,0,-22.1927,-55.9517
9019,5001003,Aparecida do Taboado,MS,Centro-Oeste,0,-20.0873,-51.0961
9021,5001102,Aquidauana,MS,Centro-Oeste,0,-20.4666,-55.7868
9171,5001243,Aral Moreira,MS,Centro-Oeste,0,-22.9385,-55.6334
9029,5001508,Bandeirantes,MS,Centro-Oeste,0,-19.9275,-54.3585
9037,5001904,Bataguassu,MS,Centro-Oeste,0,-21.7159,-52.4221
9039,5002001,Batayporã,MS,Centro-Oeste,0,-22.2944,-53.2705
9041,5002100,Bela Vista,MS,Centro-Oeste,0,-22.1073,-56.5263
9801,5002159,Bodoquena,MS,Centro-Oeste,0,-20.537,-56.7127
9043,5002209,Bonito,MS,Centro-Oeste,0,-21.1261,-56.4836
9045,5002308,Brasilândia,MS,Centro-Oeste,0,-21.2544,-52.0365
9055,5002407,Caarapó,MS,Centro-Oeste,0,-22.6368,-54.8209
9049,5002605,Camapuã,MS,Centro-Oeste,0,-19.5347,-54.0431
9051,5002704,Campo Grande,MS,Centro-Oeste,1,-20.4486,-54.6295
9053,5002803,Caracol,MS,Centro-Oeste,0,-22.011,-57.0277
9057,5002902,Cassilândia,MS,Centro-Oeste,0,-19.1179,-51.7313
9787,5002951,Chapadão do Sul,MS,Centro-Oeste,0,-18.788,-52.6263
9061,5003108,Corguinho,MS,Centro-Oeste,0,-19.8243,-54.8281
9997,5003157,Coronel Sapucaia,MS,Centro-Oeste,0,-23.2724,-55.5278
9063,5003207,Corumbá,MS,Centro-Oeste,0,-19.0077,-57.651
9803,5003256,Costa Rica,MS,Centro-Oeste,0,-18.5432,-53.1287
9065,5003306,Coxim,MS,Centro-Oeste,0,-18.5013,-54.751
9175,5003454,Deodápolis,MS,Centro-Oeste,0,-22.2763,-54.1682
9793,5003488,Dois Irmãos do Buriti,MS,Centro-Oeste,0,-20.6848,-55.2915
9805,5003504,Douradina,MS,Centro-Oeste,0,-22.0405,-54.6158
9073,5003702,Dourados,MS,Centro-Oeste,0,-22.2231,-54.812
9173,5003751,Eldorado,MS,Centro-Oeste,0,-23.7868,-54.2838
9075,5003801,Fátima do Sul,MS,Centro-Oeste,0,-22.3789,-54.5131
1178,5003900,Figueirão,MS,Centro-Oeste,0,-18.6782,-53.638
9079,5004007,Glória de Dourados,MS,Centro-Oeste,0,-22.4136,-54.2335
9081,5004106,Guia Lopes da Laguna,MS,Centro-Oeste,0,-21.4583,-56.1117
9085,5004304,Iguatemi,MS,Centro-Oeste,0,-23.6736,-54.5637
9087,5004403,Inocência,MS,Centro-Oeste,0,-19.7277,-51.9281
9089,5004502,Itaporã,MS,Centro-Oeste,0,-22.08,-54.7934
9807,5004601,Itaquiraí,MS,Centro-Oeste,0,-23.4779,-54.187
9093,5004700,Ivinhema,MS,Centro-Oeste,0,-22.3046,-53.8184
0161,5004809,Japorã,MS,Centro-Oeste,0,-23.8903,-54.4059
9097,5004908,Jaraguari,MS,Centro-Oeste,0,-20.1386,-54.3996
9099,5005004,Jardim,MS,Centro-Oeste,0,-21.4799,-56.1489
9101,5005103,Jateí,MS,Centro-Oeste,0,-22.4806,-54.3079
9923,5005152,Juti,MS,Centro-Oeste,0,-22.8596,-54.6061
9103,5005202,Ladário,MS,Centro-Oeste,0,-19.0089,-57.5973
0163,5005251,Laguna Carapã,MS,Centro-Oeste,0,-22.5448,-55.1502
9107,5005400,Maracaju,MS,Centro-Oeste,0,-21.6105,-55.1678
9111,5005608,Miranda,MS,Centro-Oeste,0,-20.2355,-56.3746
9179,5005681,Mundo Novo,MS,Centro-Oeste,0,-23.9355,-54.281
9113,5005707,Naviraí,MS,Centro-Oeste,0,-23.0618,-54.1995
9115,5005806,Nioaque,MS,Centro-Oeste,0,-21.1419,-55.8296
0143,5006002,Nova Alvorada do Sul,MS,Centro-Oeste,0,-21.4657,-54.3825
9123,5006200,Nova Andradina,MS,Centro-Oeste,0,-22.238,-53.3437
0159,5006259,Novo Horizonte do Sul,MS,Centro-Oeste,0,-22.6693,-53.8601
1196,5006275,Paraíso das Águas,MS,Centro-Oeste,0,-19.0216,-53.0116
9125,5006309,Paranaíba,MS,Centro-Oeste,0,-19.6746,-51.1909
9739,5006358,Paranhos,MS,Centro-Oeste,0,-23.8911,-55.429
9127,5006408,Pedro Gomes,MS,Centro-Oeste,0,-18.0996,-54.5507
9131,5006606,Ponta Porã,MS,Centro-Oeste,0,-22.5296,-55.7203
9137,5006903,Porto Murtinho,MS,Centro-Oeste,0,-21.6981,-57.8836
9141,5007109,Ribas do Rio Pardo,MS,Centro-Oeste,0,-20.4445,-53.7588
9143,5007208,Rio Brilhante,MS,Centro-Oeste,0,-21.8033,-54.5427
9145,5007307,Rio Negro,MS,Centro-Oeste,0,-19.447,-54.9859
9147,5007406,Rio Verde de Mato Grosso,MS,Centro-Oeste,0,-18.9249,-54.8434
9149,5007505,Rochedo,MS,Centro-Oeste,0,-19.9565,-54.8848
9745,5007554,Santa Rita do Pardo,MS,Centro-Oeste,0,-21.3016,-52.8333
9809,5007695,São Gabriel do Oeste,MS,Centro-Oeste,0,-19.3889,-54.5507
9813,5007703,Sete Quedas,MS,Centro-Oeste,0,-23.9705,-55.0398
9811,5007802,Selvíria,MS,Centro-Oeste,0,-20.3637,-51.4192
9157,5007901,Sidrolândia,MS,Centro-Oeste,0,-20.9302,-54.9692
9757,5007935,Sonora,MS,Centro-Oeste,0,-17.5698,-54.7551
9815,5007950,Tacuru,MS,Centro-Oeste,0,-23.636,-55.0141
9817,5007976,Taquarussu,MS,Centro-Oeste,0,-22.4898,-53.3519
9159,5008008,Terenos,MS,Centro-Oeste,0,-20.4378,-54.8647
9165,5008305,Três Lagoas,MS,Centro-Oeste,0,-20.7849,-51.7007
9187,5008404,Vicentina,MS,Centro-Oeste,0,-22.4098,-54.4415
9001,5100102,Acorizal,MT,Centro-Oeste,0,-15.194,-56.3632
9191,5100201,Água Boa,MT,Centro-Oeste,0,-14.051,-52.1601
8987,5100250,Alta Floresta,MT,Centro-Oeste,0,-9.86674,-56.0867
9005,5100300,Alto Araguaia,MT,Centro-Oeste,0,-17.3153,-53.2181
0127,5100359,Alto Boa Vista,MT,Centro-Oeste,0,-11.6732,-51.3883
9007,5100409,Alto Garças,MT,Centro-Oeste,0,-16.9462,-53.5272
9009,5100508,Alto Paraguai,MT,Centro-Oeste,0,-14.5137,-56.4776
9911,5100607,Alto Taquari,MT,Centro-Oeste,0,-17.8241,-53.2792
9773,5100805,Apiacás,MT,Centro-Oeste,0,-9.53981,-57.4587
9869,5101001,Araguaiana,MT,Centro-Oeste,0,-15.7291,-51.8341
9023,5101209,Araguainha,MT,Centro-Oeste,0,-16.857,-53.0318
8989,5101258,Araputanga,MT,Centro-Oeste,0,-15.4641,-58.3425
9025,5101308,Arenápolis,MT,Centro-Oeste,0,-14.4472,-56.8437
9027,5101407,Aripuanã,MT,Centro-Oeste,0,-10.1723,-59.4568
9031,5101605,Barão de Melgaço,MT,Centro-Oeste,0,-16.2067,-55.9623
9033,5101704,Barra do Bugres,MT,Centro-Oeste,0,-15.0702,-57.1878
9035,5101803,Barra do Garças,MT,Centro-Oeste,0,-15.8804,-52.264
1182,5101837,Boa Esperança do Norte,MT,Centro-Oeste,0,-13.5067,-55.1486
1078,5101852,Bom Jesus do Araguaia,MT,Centro-Oeste,0,-12.1706,-51.5032
9873,5101902,Brasnorte,MT,Centro-Oeste,0,-12.1474,-57.9833
9047,5102504,Cáceres,MT,Centro-Oeste,0,-16.0764,-57.6818
9863,5102603,Campinápolis,MT,Centro-Oeste,0,-14.5162,-52.893
9777,5102637,Campo Novo do Parecis,MT,Centro-Oeste,0,-13.6587,-57.8907
9779,5102678,Campo Verde,MT,Centro-Oeste,0,-15.545,-55.1626
1032,5102686,Campos de Júlio,MT,Centro-Oeste,0,-13.7242,-59.2858
0129,5102694,Canabrava do Norte,MT,Centro-Oeste,0,-11.0556,-51.8209
9193,5102702,Canarana,MT,Centro-Oeste,0,-13.5515,-52.2705
1034,5102793,Carlinda,MT,Centro-Oeste,0,-9.94912,-55.8417
9783,5102850,Castanheira,MT,Centro-Oeste,0,-11.1251,-58.6081
9059,5103007,Chapada dos Guimarães,MT,Centro-Oeste,0,-15.4643,-55.7499
9789,5103056,Cláudia,MT,Centro-Oeste,0,-11.5075,-54.8835
9865,5103106,Cocalinho,MT,Centro-Oeste,0,-14.3903,-51.0001
8979,5103205,Colíder,MT,Centro-Oeste,0,-10.8135,-55.461
1080,5103254,Colniza,MT,Centro-Oeste,0,-9.46121,-59.2252
9883,5103304,Comodoro,MT,Centro-Oeste,0,-13.6614,-59.7848
0131,5103353,Confresa,MT,Centro-Oeste,0,-10.6437,-51.5699
1082,5103361,Conquista D'Oeste,MT,Centro-Oeste,0,-14.5381,-59.5444
0089,5103379,Cotriguaçu,MT,Centro-Oeste,0,-9.85656,-58.4192
9067,5103403,Cuiabá,MT,Centro-Oeste,1,-15.601,-56.0974
1084,5103437,Curvelândia,MT,Centro-Oeste,0,-15.6084,-57.9133
9833,5103452,Denise,MT,Centro-Oeste,0,-14.7324,-57.0583
9069,5103502,Diamantino,MT,Centro-Oeste,0,-14.4037,-56.4366
9071,5103601,Dom Aquino,MT,Centro-Oeste,0,-15.8099,-54.9223
1036,5103700,Feliz Natal,MT,Centro-Oeste,0,-12.385,-54.9227
9881,5103809,Figueirópolis D'Oeste,MT,Centro-Oeste,0,-15.4439,-58.7391
1038,5103858,Gaúcha do Norte,MT,Centro-Oeste,0,-13.2443,-53.0809
9077,5103908,General Carneiro,MT,Centro-Oeste,0,-15.7094,-52.7574
0135,5103957,Glória D'Oeste,MT,Centro-Oeste,0,-15.768,-58.3108
9887,5104104,Guarantã do Norte,MT,Centro-Oeste,0,-9.96218,-54.9121
9083,5104203,Guiratinga,MT,Centro-Oeste,0,-16.346,-53.7575
9877,5104500,Indiavaí,MT,Centro-Oeste,0,-15.4921,-58.5802
1184,5104526,Ipiranga do Norte,MT,Centro-Oeste,0,-12.2408,-56.1531
1186,5104542,Itanhangá,MT,Centro-Oeste,0,-12.2259,-56.6463
9901,5104559,Itaúba,MT,Centro-Oeste,0,-11.0614,-55.2766
9091,5104609,Itiquira,MT,Centro-Oeste,0,-17.2147,-54.1422
9095,5104807,Jaciara,MT,Centro-Oeste,0,-15.9548,-54.9733
9861,5104906,Jangada,MT,Centro-Oeste,0,-15.235,-56.4917
8991,5105002,Jauru,MT,Centro-Oeste,0,-15.3342,-58.8723
9819,5105101,Juara,MT,Centro-Oeste,0,-11.2639,-57.5244
9831,5105150,Juína,MT,Centro-Oeste,0,-11.3728,-58.7483
9921,5105176,Juruena,MT,Centro-Oeste,0,-10.3178,-58.3592
9189,5105200,Juscimeira,MT,Centro-Oeste,0,-16.0633,-54.8859
0137,5105234,Lambari D'Oeste,MT,Centro-Oeste,0,-15.3188,-58.0046
9925,5105259,Lucas do Rio Verde,MT,Centro-Oeste,0,-13.0588,-55.9042
9105,5105309,Luciara,MT,Centro-Oeste,0,-11.2219,-50.6676
9109,5105507,Vila Bela da Santíssima Trindade,MT,Centro-Oeste,0,-15.0068,-59.9504
9899,5105580,Marcelândia,MT,Centro-Oeste,0,-11.0463,-54.4377
9929,5105606,Matupá,MT,Centro-Oeste,0,-10.1821,-54.9467
9177,5105622,Mirassol d'Oeste,MT,Centro-Oeste,0,-15.6759,-58.0951
9117,5105903,Nobres,MT,Centro-Oeste,0,-14.7192,-56.3284
9119,5106000,Nortelândia,MT,Centro-Oeste,0,-14.454,-56.7945
9121,5106109,Nossa Senhora do Livramento,MT,Centro-Oeste,0,-15.772,-56.3432
0117,5106158,Nova Bandeirantes,MT,Centro-Oeste,0,-9.84977,-57.8139
1086,5106174,Nova Nazaré,MT,Centro-Oeste,0,-13.9486,-51.8002
1040,5106182,Nova Lacerda,MT,Centro-Oeste,0,-14.4727,-59.6001
1088,5106190,Nova Santa Helena,MT,Centro-Oeste,0,-10.8651,-55.1872
8981,5106208,Nova Brasilândia,MT,Centro-Oeste,0,-14.9612,-54.9685
9889,5106216,Nova Canaã do Norte,MT,Centro-Oeste,0,-10.558,-55.953
9937,5106224,Nova Mutum,MT,Centro-Oeste,0,-13.8374,-56.0743
9893,5106232,Nova Olímpia,MT,Centro-Oeste,0,-14.7889,-57.2886
1042,5106240,Nova Ubiratã,MT,Centro-Oeste,0,-12.9834,-55.2556
9195,5106257,Nova Xavantina,MT,Centro-Oeste,0,-14.6771,-52.3502
1044,5106265,Novo Mundo,MT,Centro-Oeste,0,-9.95616,-55.2029
9903,5106273,Novo Horizonte do Norte,MT,Centro-Oeste,0,-11.4089,-57.3488
9867,5106281,Novo São Joaquim,MT,Centro-Oeste,0,-14.9054,-53.0194
9885,5106299,Paranaíta,MT,Centro-Oeste,0,-9.65835,-56.4786
8983,5106307,Paranatinga,MT,Centro-Oeste,0,-14.4265,-54.0524
1090,5106315,Novo Santo Antônio,MT,Centro-Oeste,0,-12.2875,-50.9686
9181,5106372,Pedra Preta,MT,Centro-Oeste,0,-16.6245,-54.4722
9891,5106422,Peixoto de Azevedo,MT,Centro-Oeste,0,-10.2262,-54.9794
0091,5106455,Planalto da Serra,MT,Centro-Oeste,0,-14.6518,-54.7819
9129,5106505,Poconé,MT,Centro-Oeste,0,-16.266,-56.6261
0095,5106653,Pontal do Araguaia,MT,Centro-Oeste,0,-15.9274,-52.3273
9133,5106703,Ponte Branca,MT,Centro-Oeste,0,-16.7584,-52.8369
8999,5106752,Pontes e Lacerda,MT,Centro-Oeste,0,-15.2219,-59.3435
9895,5106778,Porto Alegre do Norte,MT,Centro-Oeste,0,-10.8761,-51.6357
9135,5106802,Porto dos Gaúchos,MT,Centro-Oeste,0,-11.533,-57.4132
9875,5106828,Porto Esperidião,MT,Centro-Oeste,0,-15.857,-58.4619
0101,5106851,Porto Estrela,MT,Centro-Oeste,0,-15.3235,-57.2204
9139,5107008,Poxoréu,MT,Centro-Oeste,0,-15.8299,-54.4208
9871,5107040,Primavera do Leste,MT,Centro-Oeste,0,-15.544,-54.2811
0097,5107065,Querência,MT,Centro-Oeste,0,-12.6093,-52.1821
8993,5107107,São José dos Quatro Marcos,MT,Centro-Oeste,0,-15.6276,-58.1772
9879,5107156,Reserva do Cabaçal,MT,Centro-Oeste,0,-15.0743,-58.4585
9741,5107180,Ribeirão Cascalheira,MT,Centro-Oeste,0,-12.9367,-51.8244
0099,5107198,Ribeirãozinho,MT,Centro-Oeste,0,-16.4856,-52.6924
8995,5107206,Rio Branco,MT,Centro-Oeste,0,-15.2483,-58.1259
0123,5107248,Santa Carmem,MT,Centro-Oeste,0,-11.9125,-55.2263
0115,5107263,Santo Afonso,MT,Centro-Oeste,0,-14.4945,-57.0091
6087,5107297,São José do Povo,MT,Centro-Oeste,0,-16.4549,-54.2487
9199,5107305,São José do Rio Claro,MT,Centro-Oeste,0,-13.4398,-56.7218
0133,5107354,São José do Xingu,MT,Centro-Oeste,0,-10.7982,-52.7486
0093,5107404,São Pedro da Cipa,MT,Centro-Oeste,0,-16.0109,-54.9176
1092,5107578,Rondolândia,MT,Centro-Oeste,0,-10.8376,-61.4697
9151,5107602,Rondonópolis,MT,Centro-Oeste,0,-16.4673,-54.6372
9153,5107701,Rosário Oeste,MT,Centro-Oeste,0,-14.8259,-56.4236
1094,5107743,Santa Cruz do Xingu,MT,Centro-Oeste,0,-10.1532,-52.3953
8997,5107750,Salto do Céu,MT,Centro-Oeste,0,-15.1303,-58.1317
1096,5107768,Santa Rita do Trivelato,MT,Centro-Oeste,0,-13.8146,-55.2706
9197,5107776,Santa Terezinha,MT,Centro-Oeste,0,-10.4704,-50.514
1098,5107792,Santo Antônio do Leste,MT,Centro-Oeste,0,-14.805,-53.6075
9155,5107800,Santo Antônio do Leverger,MT,Centro-Oeste,0,-15.8632,-56.0788
9183,5107859,São Félix do Araguaia,MT,Centro-Oeste,0,-11.615,-50.6706
1046,5107875,Sapezal,MT,Centro-Oeste,0,-12.9892,-58.7645
1100,5107883,Serra Nova Dourada,MT,Centro-Oeste,0,-12.0896,-51.4025
8985,5107909,Sinop,MT,Centro-Oeste,0,-11.8604,-55.5091
9907,5107925,Sorriso,MT,Centro-Oeste,0,-12.5425,-55.7211
0125,5107941,Tabaporã,MT,Centro-Oeste,0,-11.3007,-56.8312
9185,5107958,Tangará da Serra,MT,Centro-Oeste,0,-14.6229,-57.4933
9763,5108006,Tapurah,MT,Centro-Oeste,0,-12.695,-56.5178
9909,5108055,Terra Nova do Norte,MT,Centro-Oeste,0,-10.517,-55.231
9161,5108105,Tesouro,MT,Centro-Oeste,0,-16.0809,-53.559
9163,5108204,Torixoréu,MT,Centro-Oeste,0,-16.2006,-52.5571
1048,5108303,União do Sul,MT,Centro-Oeste,0,-11.5308,-54.3616
1102,5108352,Vale de São Domingos,MT,Centro-Oeste,0,-15.286,-59.0683
9167,5108402,Várzea Grande,MT,Centro-Oeste,0,-15.6458,-56.1322
9905,5108501,Vera,MT,Centro-Oeste,0,-12.3017,-55.3045
9897,5108600,Vila Rica,MT,Centro-Oeste,0,-10.0137,-51.1186
0121,5108808,Nova Guarita,MT,Centro-Oeste,0,-10.312,-55.4061
0103,5108857,Nova Marilândia,MT,Centro-Oeste,0,-14.3568,-56.9696
0111,5108907,Nova Maringá,MT,Centro-Oeste,0,-13.0136,-57.0908
0119,5108956,Nova Monte Verde,MT,Centro-Oeste,0,-9.99998,-57.5261
1050,5200050,Abadia de Goiás,GO,Centro-Oeste,0,-16.7573,-49.4412
9201,5200100,Abadiânia,GO,Centro-Oeste,0,-16.197,-48.7057
9645,5200134,Acreúna,GO,Centro-Oeste,0,-17.396,-50.3749
9769,5200159,Adelândia,GO,Centro-Oeste,0,-16.4127,-50.1657
9771,5200175,Água Fria de Goiás,GO,Centro-Oeste,0,-14.9778,-47.7823
9203,5200209,Água Limpa,GO,Centro-Oeste,0,-18.0771,-48.7603
1052,5200258,Águas Lindas de Goiás,GO,Centro-Oeste,0,-15.7617,-48.2816
9205,5200308,Alexânia,GO,Centro-Oeste,0,-16.0834,-48.5076
9209,5200506,Aloândia,GO,Centro-Oeste,0,-17.7292,-49.4769
0085,5200555,Alto Horizonte,GO,Centro-Oeste,0,-14.1978,-49.3378
9211,5200605,Alto Paraíso de Goiás,GO,Centro-Oeste,0,-14.1305,-47.51
9215,5200803,Alvorada do Norte,GO,Centro-Oeste,0,-14.4797,-46.491
1054,5200829,Amaralina,GO,Centro-Oeste,0,-13.9236,-49.2962
9661,5200852,Americano do Brasil,GO,Centro-Oeste,0,-16.2514,-49.9831
9217,5200902,Amorinópolis,GO,Centro-Oeste,0,-16.6151,-51.0919
9221,5201108,Anápolis,GO,Centro-Oeste,0,-16.3281,-48.953
9223,5201207,Anhanguera,GO,Centro-Oeste,0,-18.3339,-48.2204
9225,5201306,Anicuns,GO,Centro-Oeste,0,-16.4642,-49.9617
9227,5201405,Aparecida de Goiânia,GO,Centro-Oeste,0,-16.8198,-49.2469
0071,5201454,Aparecida do Rio Doce,GO,Centro-Oeste,0,-18.2941,-51.1516
9229,5201504,Aporé,GO,Centro-Oeste,0,-18.9607,-51.9232
9231,5201603,Araçu,GO,Centro-Oeste,0,-16.3563,-49.6804
9233,5201702,Aragarças,GO,Centro-Oeste,0,-15.8955,-52.2372
9235,5201801,Aragoiânia,GO,Centro-Oeste,0,-16.9087,-49.4476
9669,5202155,Araguapaz,GO,Centro-Oeste,0,-15.0909,-50.6315
9671,5202353,Arenópolis,GO,Centro-Oeste,0,-16.3837,-51.5563
9249,5202502,Aruanã,GO,Centro-Oeste,0,-14.9166,-51.075
9251,5202601,Aurilândia,GO,Centro-Oeste,0,-16.6773,-50.4641
9255,5202809,Avelinópolis,GO,Centro-Oeste,0,-16.4672,-49.7579
9261,5203104,Baliza,GO,Centro-Oeste,0,-16.1966,-52.5393
9263,5203203,Barro Alto,GO,Centro-Oeste,0,-14.9658,-48.9086
9265,5203302,Bela Vista de Goiás,GO,Centro-Oeste,0,-16.9693,-48.9513
9267,5203401,Bom Jardim de Goiás,GO,Centro-Oeste,0,-16.2063,-52.1728
9269,5203500,Bom Jesus de Goiás,GO,Centro-Oeste,0,-18.2173,-49.74
9775,5203559,Bonfinópolis,GO,Centro-Oeste,0,-16.6173,-48.9616
1056,5203575,Bonópolis,GO,Centro-Oeste,0,-13.6329,-49.8106
9271,5203609,Brazabrantes,GO,Centro-Oeste,0,-16.4281,-49.3863
9275,5203807,Britânia,GO,Centro-Oeste,0,-15.2428,-51.1602
9277,5203906,Buriti Alegre,GO,Centro-Oeste,0,-18.1378,-49.0404
0063,5203939,Buriti de Goiás,GO,Centro-Oeste,0,-16.1792,-50.4302
0061,5203962,Buritinópolis,GO,Centro-Oeste,0,-14.4772,-46.4076
9279,5204003,Cabeceiras,GO,Centro-Oeste,0,-15.7995,-46.9265
9281,5204102,Cachoeira Alta,GO,Centro-Oeste,0,-18.7618,-50.9432
9283,5204201,Cachoeira de Goiás,GO,Centro-Oeste,0,-16.6635,-50.646
9673,5204250,Cachoeira Dourada,GO,Centro-Oeste,0,-18.4859,-49.4766
9285,5204300,Caçu,GO,Centro-Oeste,0,-18.5594,-51.1328
9287,5204409,Caiapônia,GO,Centro-Oeste,0,-16.9539,-51.8091
9289,5204508,Caldas Novas,GO,Centro-Oeste,0,-17.7441,-48.6246
0031,5204557,Caldazinha,GO,Centro-Oeste,0,-16.7117,-49.0013
9291,5204607,Campestre de Goiás,GO,Centro-Oeste,0,-16.7624,-49.695
9687,5204656,Campinaçu,GO,Centro-Oeste,0,-13.787,-48.5704
9293,5204706,Campinorte,GO,Centro-Oeste,0,-14.3137,-49.1511
9295,5204805,Campo Alegre de Goiás,GO,Centro-Oeste,0,-17.6363,-47.7768
1070,5204854,Campo Limpo de Goiás,GO,Centro-Oeste,0,-16.2971,-49.0895
9297,5204904,Campos Belos,GO,Centro-Oeste,0,-13.035,-46.7681
9781,5204953,Campos Verdes,GO,Centro-Oeste,0,-14.2442,-49.6528
9299,5205000,Carmo do Rio Verde,GO,Centro-Oeste,0,-15.3549,-49.708
0081,5205059,Castelândia,GO,Centro-Oeste,0,-18.0921,-50.203
9301,5205109,Catalão,GO,Centro-Oeste,0,-18.1656,-47.944
9303,5205208,Caturaí,GO,Centro-Oeste,0,-16.4447,-49.4936
9305,5205307,Cavalcante,GO,Centro-Oeste,0,-13.7976,-47.4566
9307,5205406,Ceres,GO,Centro-Oeste,0,-15.3061,-49.6
9785,5205455,Cezarina,GO,Centro-Oeste,0,-16.9718,-49.7758
0073,5205471,Chapadão do Céu,GO,Centro-Oeste,0,-18.4073,-52.549
0077,5205497,Cidade Ocidental,GO,Centro-Oeste,0,-16.0765,-47.9252
0055,5205513,Cocalzinho de Goiás,GO,Centro-Oeste,0,-15.7914,-48.7747
9791,5205521,Colinas do Sul,GO,Centro-Oeste,0,-14.1528,-48.076
9315,5205703,Córrego do Ouro,GO,Centro-Oeste,0,-16.2918,-50.5503
9317,5205802,Corumbá de Goiás,GO,Centro-Oeste,0,-15.9245,-48.8117
9319,5205901,Corumbaíba,GO,Centro-Oeste,0,-18.1415,-48.5626
9325,5206206,Cristalina,GO,Centro-Oeste,0,-16.7676,-47.6131
9327,5206305,Cristianópolis,GO,Centro-Oeste,0,-17.1987,-48.7034
9329,5206404,Crixás,GO,Centro-Oeste,0,-14.5412,-49.974
9331,5206503,Cromínia,GO,Centro-Oeste,0,-17.2883,-49.3798
9333,5206602,Cumari,GO,Centro-Oeste,0,-18.2644,-48.1511
9335,5206701,Damianópolis,GO,Centro-Oeste,0,-14.5604,-46.178
9337,5206800,Damolândia,GO,Centro-Oeste,0,-16.2544,-49.3631
9339,5206909,Davinópolis,GO,Centro-Oeste,0,-18.1501,-47.5568
9343,5207105,Diorama,GO,Centro-Oeste,0,-16.2329,-51.2543
9675,5207253,Doverlândia,GO,Centro-Oeste,0,-16.7188,-52.3189
9795,5207352,Edealina,GO,Centro-Oeste,0,-17.4239,-49.6644
9349,5207402,Edéia,GO,Centro-Oeste,0,-17.3406,-49.9295
9351,5207501,Estrela do Norte,GO,Centro-Oeste,0,-13.8665,-49.0716
9797,5207535,Faina,GO,Centro-Oeste,0,-15.4473,-50.3622
9353,5207600,Fazenda Nova,GO,Centro-Oeste,0,-16.1834,-50.7781
9357,5207808,Firminópolis,GO,Centro-Oeste,0,-16.5778,-50.304
9359,5207907,Flores de Goiás,GO,Centro-Oeste,0,-14.4451,-47.0417
9361,5208004,Formosa,GO,Centro-Oeste,0,-15.54,-47.337
9363,5208103,Formoso,GO,Centro-Oeste,0,-13.6499,-48.8775
1072,5208152,Gameleira de Goiás,GO,Centro-Oeste,0,-16.4854,-48.6454
9309,5208301,Divinópolis de Goiás,GO,Centro-Oeste,0,-13.2853,-46.3999
9367,5208400,Goianápolis,GO,Centro-Oeste,0,-16.5098,-49.0234
9369,5208509,Goiandira,GO,Centro-Oeste,0,-18.1352,-48.0875
9371,5208608,Goianésia,GO,Centro-Oeste,0,-15.3118,-49.1162
9373,5208707,Goiânia,GO,Centro-Oeste,1,-16.6864,-49.2643
9375,5208806,Goianira,GO,Centro-Oeste,0,-16.4947,-49.427
9377,5208905,Goiás,GO,Centro-Oeste,0,-15.9333,-50.14
9379,5209101,Goiatuba,GO,Centro-Oeste,0,-18.0105,-49.3658
9799,5209150,Gouvelândia,GO,Centro-Oeste,0,-18.6238,-50.0805
9381,5209200,Guapó,GO,Centro-Oeste,0,-16.8297,-49.5345
0065,5209291,Guaraíta,GO,Centro-Oeste,0,-15.6121,-50.0265
9383,5209408,Guarani de Goiás,GO,Centro-Oeste,0,-13.9421,-46.4868
9993,5209457,Guarinos,GO,Centro-Oeste,0,-14.7292,-49.7006
9387,5209606,Heitoraí,GO,Centro-Oeste,0,-15.719,-49.8268
9389,5209705,Hidrolândia,GO,Centro-Oeste,0,-16.9626,-49.2265
9391,5209804,Hidrolina,GO,Centro-Oeste,0,-14.7261,-49.4634
9393,5209903,Iaciara,GO,Centro-Oeste,0,-14.1011,-46.6335
0069,5209937,Inaciolândia,GO,Centro-Oeste,0,-18.4869,-49.9888
9681,5209952,Indiara,GO,Centro-Oeste,0,-17.1387,-49.9862
9395,5210000,Inhumas,GO,Centro-Oeste,0,-16.3611,-49.5001
9397,5210109,Ipameri,GO,Centro-Oeste,0,-17.7215,-48.1581
1074,5210158,Ipiranga de Goiás,GO,Centro-Oeste,0,-15.1689,-49.6695
9399,5210208,Iporá,GO,Centro-Oeste,0,-16.4398,-51.118
9401,5210307,Israelândia,GO,Centro-Oeste,0,-16.3144,-50.9087
9403,5210406,Itaberaí,GO,Centro-Oeste,0,-16.0206,-49.806
9919,5210562,Itaguari,GO,Centro-Oeste,0,-15.918,-49.6071
9407,5210604,Itaguaru,GO,Centro-Oeste,0,-15.7565,-49.6354
9411,5210802,Itajá,GO,Centro-Oeste,0,-19.0673,-51.5495
9413,5210901,Itapaci,GO,Centro-Oeste,0,-14.9522,-49.5511
9415,5211008,Itapirapuã,GO,Centro-Oeste,0,-15.8205,-50.6094
9419,5211206,Itapuranga,GO,Centro-Oeste,0,-15.5606,-49.949
9421,5211305,Itarumã,GO,Centro-Oeste,0,-18.7646,-51.3485
9423,5211404,Itauçu,GO,Centro-Oeste,0,-16.2029,-49.6109
9425,5211503,Itumbiara,GO,Centro-Oeste,0,-18.4093,-49.2158
9427,5211602,Ivolândia,GO,Centro-Oeste,0,-16.5995,-50.7921
9429,5211701,Jandaia,GO,Centro-Oeste,0,-17.0481,-50.1453
9431,5211800,Jaraguá,GO,Centro-Oeste,0,-15.7529,-49.3344
9433,5211909,Jataí,GO,Centro-Oeste,0,-17.8784,-51.7204
9435,5212006,Jaupaci,GO,Centro-Oeste,0,-16.1773,-50.9508
0049,5212055,Jesúpolis,GO,Centro-Oeste,0,-15.9484,-49.3739
9437,5212105,Joviânia,GO,Centro-Oeste,0,-17.802,-49.6197
9439,5212204,Jussara,GO,Centro-Oeste,0,-15.8659,-50.8668
1076,5212253,Lagoa Santa,GO,Centro-Oeste,0,-19.1832,-51.3998
9443,5212303,Leopoldo de Bulhões,GO,Centro-Oeste,0,-16.619,-48.7428
9445,5212501,Luziânia,GO,Centro-Oeste,0,-16.253,-47.95
9447,5212600,Mairipotaba,GO,Centro-Oeste,0,-17.2975,-49.4898
9449,5212709,Mambaí,GO,Centro-Oeste,0,-14.4823,-46.1165
9451,5212808,Mara Rosa,GO,Centro-Oeste,0,-14.0148,-49.1777
9453,5212907,Marzagão,GO,Centro-Oeste,0,-17.983,-48.6415
9927,5212956,Matrinchã,GO,Centro-Oeste,0,-15.4342,-50.7456
9457,5213004,Maurilândia,GO,Centro-Oeste,0,-17.9719,-50.3388
9931,5213053,Mimoso de Goiás,GO,Centro-Oeste,0,-15.0515,-48.1611
9647,5213087,Minaçu,GO,Centro-Oeste,0,-13.5304,-48.2206
9459,5213103,Mineiros,GO,Centro-Oeste,0,-17.5654,-52.5537
9465,5213400,Moiporá,GO,Centro-Oeste,0,-16.5434,-50.739
9467,5213509,Monte Alegre de Goiás,GO,Centro-Oeste,0,-13.2552,-46.8928
9471,5213707,Montes Claros de Goiás,GO,Centro-Oeste,0,-16.0059,-51.3979
9933,5213756,Montividiu,GO,Centro-Oeste,0,-17.4439,-51.1728
0079,5213772,Montividiu do Norte,GO,Centro-Oeste,0,-13.3485,-48.6853
9473,5213806,Morrinhos,GO,Centro-Oeste,0,-17.7334,-49.1059
9935,5213855,Morro Agudo de Goiás,GO,Centro-Oeste,0,-15.3184,-50.0553
9475,5213905,Mossâmedes,GO,Centro-Oeste,0,-16.124,-50.2136
9477,5214002,Mozarlândia,GO,Centro-Oeste,0,-14.7457,-50.5713
9651,5214051,Mundo Novo,GO,Centro-Oeste,0,-13.7729,-50.2814
9479,5214101,Mutunópolis,GO,Centro-Oeste,0,-13.7303,-49.2745
9485,5214408,Nazário,GO,Centro-Oeste,0,-16.5808,-49.8817
9487,5214507,Nerópolis,GO,Centro-Oeste,0,-16.4047,-49.2227
9489,5214606,Niquelândia,GO,Centro-Oeste,0,-14.4662,-48.4599
9491,5214705,Nova América,GO,Centro-Oeste,0,-15.0206,-49.8953
9493,5214804,Nova Aurora,GO,Centro-Oeste,0,-18.0597,-48.2552
9653,5214838,Nova Crixás,GO,Centro-Oeste,0,-14.0957,-50.33
9655,5214861,Nova Glória,GO,Centro-Oeste,0,-15.145,-49.5737
0087,5214879,Nova Iguaçu de Goiás,GO,Centro-Oeste,0,-14.2868,-49.3872
9495,5214903,Nova Roma,GO,Centro-Oeste,0,-13.7388,-46.8734
9497,5215009,Nova Veneza,GO,Centro-Oeste,0,-16.3695,-49.3168
9501,5215207,Novo Brasil,GO,Centro-Oeste,0,-16.0313,-50.7113
1058,5215231,Novo Gama,GO,Centro-Oeste,0,-16.0592,-48.0417
9735,5215256,Novo Planalto,GO,Centro-Oeste,0,-13.2424,-49.506
9503,5215306,Orizona,GO,Centro-Oeste,0,-17.0334,-48.2964
9505,5215405,Ouro Verde de Goiás,GO,Centro-Oeste,0,-16.2181,-49.1942
9507,5215504,Ouvidor,GO,Centro-Oeste,0,-18.2277,-47.8355
9509,5215603,Padre Bernardo,GO,Centro-Oeste,0,-15.1605,-48.2833
9737,5215652,Palestina de Goiás,GO,Centro-Oeste,0,-16.7392,-51.5309
9511,5215702,Palmeiras de Goiás,GO,Centro-Oeste,0,-16.8044,-49.924
9513,5215801,Palmelo,GO,Centro-Oeste,0,-17.3258,-48.426
9515,5215900,Palminópolis,GO,Centro-Oeste,0,-16.7924,-50.1652
9517,5216007,Panamá,GO,Centro-Oeste,0,-18.1783,-49.355
9455,5216304,Paranaiguara,GO,Centro-Oeste,0,-18.9141,-50.6539
9523,5216403,Paraúna,GO,Centro-Oeste,0,-16.9463,-50.4484
0075,5216452,Perolândia,GO,Centro-Oeste,0,-17.5258,-52.065
9531,5216809,Petrolina de Goiás,GO,Centro-Oeste,0,-16.0968,-49.3364
9535,5216908,Pilar de Goiás,GO,Centro-Oeste,0,-14.7608,-49.5784
9539,5217104,Piracanjuba,GO,Centro-Oeste,0,-17.302,-49.017
9541,5217203,Piranhas,GO,Centro-Oeste,0,-16.4258,-51.8235
9543,5217302,Pirenópolis,GO,Centro-Oeste,0,-15.8507,-48.9584
9545,5217401,Pires do Rio,GO,Centro-Oeste,0,-17.3019,-48.2768
9595,5217609,Planaltina,GO,Centro-Oeste,0,-15.452,-47.6089
9549,5217708,Pontalina,GO,Centro-Oeste,0,-17.5225,-49.4489
9555,5218003,Porangatu,GO,Centro-Oeste,0,-13.4391,-49.1503
1060,5218052,Porteirão,GO,Centro-Oeste,0,-17.8143,-50.1653
9557,5218102,Portelândia,GO,Centro-Oeste,0,-17.3554,-52.6799
9561,5218300,Posse,GO,Centro-Oeste,0,-14.0859,-46.3704
0051,5218391,Professor Jamil,GO,Centro-Oeste,0,-17.2497,-49.244
9563,5218508,Quirinópolis,GO,Centro-Oeste,0,-18.4472,-50.4547
9565,5218607,Rialma,GO,Centro-Oeste,0,-15.3145,-49.5814
9567,5218706,Rianápolis,GO,Centro-Oeste,0,-15.4456,-49.5114
9995,5218789,Rio Quente,GO,Centro-Oeste,0,-17.774,-48.7725
9571,5218805,Rio Verde,GO,Centro-Oeste,0,-17.7923,-50.9192
9573,5218904,Rubiataba,GO,Centro-Oeste,0,-15.1617,-49.8048
9575,5219001,Sanclerlândia,GO,Centro-Oeste,0,-16.197,-50.3124
9577,5219100,Santa Bárbara de Goiás,GO,Centro-Oeste,0,-16.5714,-49.6954
9579,5219209,Santa Cruz de Goiás,GO,Centro-Oeste,0,-17.3155,-48.4809
9743,5219258,Santa Fé de Goiás,GO,Centro-Oeste,0,-15.7664,-51.1037
9581,5219308,Santa Helena de Goiás,GO,Centro-Oeste,0,-17.8115,-50.5977
9689,5219357,Santa Isabel,GO,Centro-Oeste,0,-15.2958,-49.4259
9583,5219407,Santa Rita do Araguaia,GO,Centro-Oeste,0,-17.3269,-53.2012
1062,5219456,Santa Rita do Novo Destino,GO,Centro-Oeste,0,-15.1351,-49.1203
9585,5219506,Santa Rosa de Goiás,GO,Centro-Oeste,0,-16.084,-49.4953
9587,5219605,Santa Tereza de Goiás,GO,Centro-Oeste,0,-13.7138,-49.0144
9589,5219704,Santa Terezinha de Goiás,GO,Centro-Oeste,0,-14.4326,-49.7091
0083,5219712,Santo Antônio da Barra,GO,Centro-Oeste,0,-17.5585,-50.6345
0053,5219738,Santo Antônio de Goiás,GO,Centro-Oeste,0,-16.4815,-49.3096
9677,5219753,Santo Antônio do Descoberto,GO,Centro-Oeste,0,-15.9412,-48.2578
9591,5219803,São Domingos,GO,Centro-Oeste,0,-13.621,-46.7415
9593,5219902,São Francisco de Goiás,GO,Centro-Oeste,0,-15.9256,-49.2605
9597,5220009,São João d'Aliança,GO,Centro-Oeste,0,-14.7048,-47.5228
9747,5220058,São João da Paraúna,GO,Centro-Oeste,0,-16.8126,-50.4092
9599,5220108,São Luís de Montes Belos,GO,Centro-Oeste,0,-16.5211,-50.3726
9749,5220157,São Luiz do Norte,GO,Centro-Oeste,0,-14.8608,-49.3285
9601,5220207,São Miguel do Araguaia,GO,Centro-Oeste,0,-13.2731,-50.1634
9751,5220264,São Miguel do Passa Quatro,GO,Centro-Oeste,0,-17.0582,-48.662
1064,5220280,São Patrício,GO,Centro-Oeste,0,-15.35,-49.818
9605,5220405,São Simão,GO,Centro-Oeste,0,-18.996,-50.547
9753,5220454,Senador Canedo,GO,Centro-Oeste,0,-16.7084,-49.0914
9607,5220504,Serranópolis,GO,Centro-Oeste,0,-18.3067,-51.9586
9609,5220603,Silvânia,GO,Centro-Oeste,0,-16.66,-48.6083
9755,5220686,Simolândia,GO,Centro-Oeste,0,-14.4644,-46.4847
9611,5220702,Sítio d'Abadia,GO,Centro-Oeste,0,-14.7992,-46.2506
9617,5221007,Taquaral de Goiás,GO,Centro-Oeste,0,-16.0521,-49.6039
9759,5221080,Teresina de Goiás,GO,Centro-Oeste,0,-13.7801,-47.2659
0057,5221197,Terezópolis de Goiás,GO,Centro-Oeste,0,-16.3945,-49.0797
9623,5221304,Três Ranchos,GO,Centro-Oeste,0,-18.3539,-47.776
9625,5221403,Trindade,GO,Centro-Oeste,0,-16.6517,-49.4927
9761,5221452,Trombas,GO,Centro-Oeste,0,-13.5079,-48.7417
9631,5221502,Turvânia,GO,Centro-Oeste,0,-16.6125,-50.1369
9765,5221551,Turvelândia,GO,Centro-Oeste,0,-17.8502,-50.3024
0059,5221577,Uirapuru,GO,Centro-Oeste,0,-14.2835,-49.9201
9633,5221601,Uruaçu,GO,Centro-Oeste,0,-14.5238,-49.1396
9635,5221700,Uruana,GO,Centro-Oeste,0,-15.4993,-49.6861
9637,5221809,Urutaí,GO,Centro-Oeste,0,-17.4651,-48.2015
1066,5221858,Valparaíso de Goiás,GO,Centro-Oeste,0,-16.0651,-47.9757
9639,5221908,Varjão,GO,Centro-Oeste,0,-17.0471,-49.6312
9641,5222005,Vianópolis,GO,Centro-Oeste,0,-16.7405,-48.5159
9657,5222054,Vicentinópolis,GO,Centro-Oeste,0,-17.7322,-49.8047
0067,5222203,Vila Boa,GO,Centro-Oeste,0,-15.0387,-47.052
1068,5222302,Vila Propício,GO,Centro-Oeste,0,-15.4542,-48.8819
9701,5300108,Brasília,DF,Centro-Oeste,1,-15.7795,-47.9297
